-- phpMyAdmin SQL Dump
-- version 4.0.10.7
-- http://www.phpmyadmin.net
--
-- Host: localhost
-- Generation Time: Feb 09, 2016 at 11:15 PM
-- Server version: 5.5.45-cll-lve
-- PHP Version: 5.4.31

SET SQL_MODE = "NO_AUTO_VALUE_ON_ZERO";
SET time_zone = "+00:00";


/*!40101 SET @OLD_CHARACTER_SET_CLIENT=@@CHARACTER_SET_CLIENT */;
/*!40101 SET @OLD_CHARACTER_SET_RESULTS=@@CHARACTER_SET_RESULTS */;
/*!40101 SET @OLD_COLLATION_CONNECTION=@@COLLATION_CONNECTION */;
/*!40101 SET NAMES utf8 */;

--
-- Database: `ayanelectric_pos`
--

-- --------------------------------------------------------

--
-- Table structure for table `income`
--

CREATE TABLE IF NOT EXISTS `income` (
  `id` int(11) NOT NULL AUTO_INCREMENT,
  `invoice_no` varchar(11) COLLATE utf8_unicode_ci DEFAULT NULL,
  `income_title` varchar(50) COLLATE utf8_unicode_ci DEFAULT NULL,
  `amount` int(11) DEFAULT NULL,
  `status` varchar(10) COLLATE utf8_unicode_ci DEFAULT NULL,
  `collected_by` varchar(50) COLLATE utf8_unicode_ci NOT NULL,
  `created_at` timestamp NULL DEFAULT NULL,
  `updated_at` timestamp NULL DEFAULT NULL,
  PRIMARY KEY (`id`)
) ENGINE=InnoDB  DEFAULT CHARSET=utf8 COLLATE=utf8_unicode_ci AUTO_INCREMENT=175 ;

--
-- Dumping data for table `income`
--

INSERT INTO `income` (`id`, `invoice_no`, `income_title`, `amount`, `status`, `collected_by`, `created_at`, `updated_at`) VALUES
(1, '2016-1', 'Sales', 0, 'Valid', 'alam', '2016-02-04 16:09:02', '2016-02-04 16:09:02'),
(2, '2016-2', 'Sales', 0, 'Valid', 'alam', '2016-02-04 16:11:31', '2016-02-04 16:11:31'),
(4, '2016-4', 'Sales', 0, 'Valid', 'alam', '2016-02-04 16:24:02', '2016-02-04 16:24:02'),
(5, '2016-5', 'Sales', 100, 'Valid', 'alam', '2016-02-04 16:41:47', '2016-02-04 16:41:47'),
(6, '2016-6', 'Sales', 0, 'Valid', 'alam', '2016-02-04 16:53:01', '2016-02-04 16:53:01'),
(7, '2016-7', 'Sales', 0, 'Valid', 'alam', '2016-02-04 17:02:03', '2016-02-04 17:02:03'),
(8, '2016-8', 'Sales', 0, 'Valid', 'alam', '2016-02-05 04:49:42', '2016-02-05 04:49:42'),
(9, '2016-9', 'Sales', 30, 'Valid', 'alam', '2016-02-05 19:15:48', '2016-02-05 19:15:48'),
(10, '2016-10', 'Sales', 20, 'Valid', 'alam', '2016-02-05 19:17:27', '2016-02-05 19:17:27'),
(11, '2016-11', 'Sales', 1560, 'Valid', 'alam', '2016-02-05 19:48:11', '2016-02-05 19:48:11'),
(12, '2016-12', 'Sales', 50, 'Valid', 'alam', '2016-02-05 20:08:54', '2016-02-05 20:08:54'),
(13, '2016-13', 'Sales', 0, 'Valid', 'alam', '2016-02-05 23:16:45', '2016-02-05 23:16:45'),
(14, '2016-14', 'Sales', 146, 'Valid', 'alam', '2016-02-06 00:53:19', '2016-02-06 00:53:19'),
(15, '2016-15', 'Sales', 15, 'Valid', 'alam', '2016-02-06 00:54:51', '2016-02-06 00:54:51'),
(16, '2016-16', 'Sales', 252, 'Valid', 'alam', '2016-02-06 01:05:59', '2016-02-06 01:05:59'),
(17, '2016-17', 'Sales', 230, 'Valid', 'alam', '2016-02-06 01:19:32', '2016-02-06 01:19:32'),
(18, '2016-18', 'Sales', 15, 'Valid', 'alam', '2016-02-06 02:04:30', '2016-02-06 02:04:30'),
(19, '2016-19', 'Sales', 100, 'Valid', 'alam', '2016-02-06 02:24:02', '2016-02-06 02:24:02'),
(20, '2016-20', 'Sales', 150, 'Valid', 'alam', '2016-02-06 02:25:27', '2016-02-06 02:25:27'),
(21, '2016-21', 'Sales', 280, 'Valid', 'alam', '2016-02-06 02:30:53', '2016-02-06 02:30:53'),
(24, '2016-24', 'Sales', 275, 'Valid', 'alam', '2016-02-06 03:39:56', '2016-02-06 03:39:56'),
(25, '2016-8', 'Sales (Arrear)', 360, 'Valid', 'alam', '2016-02-06 03:58:57', '2016-02-06 03:58:57'),
(26, '2016-23', 'Sales (Exchange)', 25, 'Valid', 'alam', '2016-02-06 04:10:38', '2016-02-06 04:10:38'),
(27, '2016-25', 'Sales', 15, 'Valid', 'alam', '2016-02-06 04:49:55', '2016-02-06 04:49:55'),
(28, '2016-26', 'Sales', 38, 'Valid', 'alam', '2016-02-06 04:58:30', '2016-02-06 04:58:30'),
(29, '2016-27', 'Sales', 360, 'Valid', 'alam', '2016-02-06 18:38:49', '2016-02-06 18:38:49'),
(30, '2016-28', 'Sales', 400, 'Valid', 'alam', '2016-02-06 18:49:29', '2016-02-06 18:49:29'),
(31, '2016-29', 'Sales', 28, 'Valid', 'Kunjo', '2016-02-06 19:08:04', '2016-02-06 19:08:04'),
(32, '2016-30', 'Sales', 50, 'Valid', 'Kunjo', '2016-02-06 19:08:42', '2016-02-06 19:08:42'),
(33, '2016-31', 'Sales', 4, 'Valid', 'Kunjo', '2016-02-06 19:14:02', '2016-02-06 19:14:02'),
(34, '2016-32', 'Sales', 20, 'Valid', 'Kunjo', '2016-02-06 19:21:44', '2016-02-06 19:21:44'),
(35, '2016-33', 'Sales', 20, 'Valid', 'alam', '2016-02-06 19:36:58', '2016-02-06 19:36:58'),
(36, '2016-34', 'Sales', 10, 'Valid', 'alam', '2016-02-06 19:53:42', '2016-02-06 19:53:42'),
(37, '2016-28', 'Sales (Arrear)', 620, 'Valid', 'alam', '2016-02-06 19:54:01', '2016-02-06 19:54:01'),
(38, '2016-35', 'Sales', 120, 'Valid', 'alam', '2016-02-06 20:34:44', '2016-02-06 20:34:44'),
(39, '2016-36', 'Sales', 20, 'Valid', 'alam', '2016-02-06 20:44:01', '2016-02-06 20:44:01'),
(40, '2016-37', 'Sales', 10, 'Valid', 'alam', '2016-02-06 21:44:15', '2016-02-06 21:44:15'),
(42, '2016-39', 'Sales', 45, 'Valid', 'alam', '2016-02-06 22:00:05', '2016-02-06 22:00:05'),
(44, '2016-41', 'Sales', 25, 'Valid', 'Kunjo', '2016-02-07 00:05:26', '2016-02-07 00:05:26'),
(45, '2016-42', 'Sales', 100, 'Valid', 'alam', '2016-02-07 00:13:29', '2016-02-07 00:13:29'),
(46, '2016-43', 'Sales', 10, 'Valid', 'alam', '2016-02-07 00:14:54', '2016-02-07 00:14:54'),
(48, '2016-38', 'Sales (Exchange)', 0, 'Valid', 'alam', '2016-02-07 00:33:57', '2016-02-07 00:33:57'),
(49, '2016-44', 'Sales', 48, 'Valid', 'alam', '2016-02-07 01:05:30', '2016-02-07 01:05:30'),
(50, '2016-45', 'Sales', 20, 'Valid', 'alam', '2016-02-07 01:20:59', '2016-02-07 01:20:59'),
(51, '2016-46', 'Sales', 270, 'Valid', 'alam', '2016-02-07 02:00:04', '2016-02-07 02:00:04'),
(52, '2016-47', 'Sales', 0, 'Valid', 'alam', '2016-02-07 02:00:38', '2016-02-07 02:00:38'),
(53, '2016-48', 'Sales', 15, 'Valid', 'alam', '2016-02-07 02:18:21', '2016-02-07 02:18:21'),
(54, '2016-49', 'Sales', 20, 'Valid', 'alam', '2016-02-07 02:20:14', '2016-02-07 02:20:14'),
(55, '2016-50', 'Sales', 20, 'Valid', 'alam', '2016-02-07 02:21:37', '2016-02-07 02:21:37'),
(56, '2016-38', 'Sales (Arrear)', 300, 'Valid', 'alam', '2016-02-07 02:29:31', '2016-02-07 02:29:31'),
(57, '2016-51', 'Sales', 70, 'Valid', 'alam', '2016-02-07 02:33:56', '2016-02-07 02:33:56'),
(58, '2016-52', 'Sales', 122, 'Valid', 'alam', '2016-02-07 02:38:36', '2016-02-07 02:38:36'),
(59, '2016-53', 'Sales', 560, 'Valid', 'alam', '2016-02-07 03:47:04', '2016-02-07 03:47:04'),
(60, '2016-54', 'Sales', 20, 'Valid', 'alam', '2016-02-07 04:00:41', '2016-02-07 04:00:41'),
(61, '2016-47', 'Sales (Arrear)', 15, 'Valid', 'alam', '2016-02-07 08:58:47', '2016-02-07 08:58:47'),
(62, '2016-13', 'Sales (Arrear)', 2758, 'Valid', 'alam', '2016-02-07 08:59:52', '2016-02-07 08:59:52'),
(63, '2016-55', 'Sales', 1600, 'Valid', 'alam', '2016-02-07 17:38:15', '2016-02-07 17:38:15'),
(64, '2016-56', 'Sales', 8100, 'Valid', 'alam', '2016-02-07 17:48:16', '2016-02-07 17:48:16'),
(65, '2016-57', 'Sales', 20, 'Valid', 'alam', '2016-02-07 18:09:57', '2016-02-07 18:09:57'),
(66, '2016-58', 'Sales', 0, 'Valid', 'alam', '2016-02-07 18:53:24', '2016-02-07 18:53:24'),
(67, '2016-59', 'Sales', 0, 'Valid', 'alam', '2016-02-07 19:07:12', '2016-02-07 19:07:12'),
(68, '2016-59', 'Sales (Arrear)', 220, 'Valid', 'alam', '2016-02-07 19:09:07', '2016-02-07 19:09:07'),
(69, '2016-60', 'Sales', 20, 'Valid', 'alam', '2016-02-07 19:41:36', '2016-02-07 19:41:36'),
(71, '2016-61', 'Sales', 65, 'Valid', 'alam', '2016-02-07 20:16:23', '2016-02-07 20:16:23'),
(72, '2016-62', 'Sales', 37, 'Valid', 'alam', '2016-02-07 21:01:49', '2016-02-07 21:01:49'),
(73, '2016-63', 'Sales', 10, 'Valid', 'alam', '2016-02-07 21:03:57', '2016-02-07 21:03:57'),
(74, '2016-64', 'Sales', 22, 'Valid', 'alam', '2016-02-07 21:29:24', '2016-02-07 21:29:24'),
(75, '2016-65', 'Sales', 740, 'Valid', 'Kunjo', '2016-02-07 21:44:43', '2016-02-07 21:44:43'),
(76, '2016-66', 'Sales', 90, 'Valid', 'Kunjo', '2016-02-07 21:53:20', '2016-02-07 21:53:20'),
(77, '2016-67', 'Sales', 8, 'Valid', 'Kunjo', '2016-02-07 21:56:58', '2016-02-07 21:56:58'),
(78, '2016-68', 'Sales', 20, 'Valid', 'Kunjo', '2016-02-07 22:23:01', '2016-02-07 22:23:01'),
(79, '2016-69', 'Sales', 28, 'Valid', 'Kunjo', '2016-02-07 22:26:32', '2016-02-07 22:26:32'),
(80, '2016-70', 'Sales', 55, 'Valid', 'Kunjo', '2016-02-08 00:04:36', '2016-02-08 00:04:36'),
(81, '2016-71', 'Sales', 40, 'Valid', 'Kunjo', '2016-02-08 00:33:54', '2016-02-08 00:33:54'),
(82, '2016-72', 'Sales', 35, 'Valid', 'Kunjo', '2016-02-08 00:46:08', '2016-02-08 00:46:08'),
(83, '2016-73', 'Sales', 84, 'Valid', 'alam', '2016-02-08 00:56:03', '2016-02-08 00:56:03'),
(84, '2016-74', 'Sales', 25, 'Valid', 'alam', '2016-02-08 01:24:06', '2016-02-08 01:24:06'),
(85, '2016-75', 'Sales', 30, 'Valid', 'alam', '2016-02-08 01:54:05', '2016-02-08 01:54:05'),
(88, '2016-76', 'Sales (Exchange)', 550, 'Valid', 'alam', '2016-02-08 02:23:40', '2016-02-08 02:23:40'),
(91, '2016-78', 'Sales', 45, 'Valid', 'alam', '2016-02-08 03:07:47', '2016-02-08 03:07:47'),
(92, '2016-79', 'Sales', 15, 'Valid', 'alam', '2016-02-08 03:29:58', '2016-02-08 03:29:58'),
(93, '2016-80', 'Sales', 50, 'Valid', 'alam', '2016-02-08 03:45:16', '2016-02-08 03:45:16'),
(94, '2016-81', 'Sales', 0, 'Valid', 'alam', '2016-02-08 03:56:59', '2016-02-08 03:56:59'),
(95, '2016-82', 'Sales', 200, 'Valid', 'alam', '2016-02-08 04:04:53', '2016-02-08 04:04:53'),
(96, '2016-83', 'Sales', 0, 'Valid', 'alam', '2016-02-08 04:21:06', '2016-02-08 04:21:06'),
(97, '2016-81', 'Sales (Arrear)', 4770, 'Valid', 'alam', '2016-02-08 04:31:57', '2016-02-08 04:31:57'),
(98, '2016-84', 'Sales', 43, 'Valid', 'alam', '2016-02-08 17:58:37', '2016-02-08 17:58:37'),
(99, '2016-85', 'Sales', 5, 'Valid', 'alam', '2016-02-08 18:03:01', '2016-02-08 18:03:01'),
(100, '2016-86', 'Sales', 360, 'Valid', 'alam', '2016-02-08 19:17:35', '2016-02-08 19:17:35'),
(101, '2016-87', 'Sales', 36, 'Valid', 'alam', '2016-02-08 19:48:24', '2016-02-08 19:48:24'),
(102, '2016-88', 'Sales', 450, 'Valid', 'alam', '2016-02-08 20:05:40', '2016-02-08 20:05:40'),
(103, '2016-89', 'Sales', 60, 'Valid', 'alam', '2016-02-08 20:33:13', '2016-02-08 20:33:13'),
(107, '2016-77', 'Sales (Exchange)', 500, 'Valid', 'alam', '2016-02-08 21:15:28', '2016-02-08 21:15:28'),
(108, '2016-91', 'Sales', 50, 'Valid', 'Kunjo', '2016-02-08 23:46:48', '2016-02-08 23:46:48'),
(109, '2016-92', 'Sales', 215, 'Valid', 'Kunjo', '2016-02-08 23:54:19', '2016-02-08 23:54:19'),
(110, '2016-93', 'Sales', 100, 'Valid', 'alam', '2016-02-09 00:24:15', '2016-02-09 00:24:15'),
(111, '2016-94', 'Sales', 70, 'Valid', 'alam', '2016-02-09 00:25:37', '2016-02-09 00:25:37'),
(112, '2016-95', 'Sales', 20, 'Valid', 'alam', '2016-02-09 00:26:10', '2016-02-09 00:26:10'),
(113, '2016-96', 'Sales', 65, 'Valid', 'alam', '2016-02-09 00:27:37', '2016-02-09 00:27:37'),
(114, '2016-97', 'Sales', 4, 'Valid', 'alam', '2016-02-09 00:29:06', '2016-02-09 00:29:06'),
(115, '2016-98', 'Sales', 18, 'Valid', 'alam', '2016-02-09 00:30:31', '2016-02-09 00:30:31'),
(116, '2016-99', 'Sales', 12, 'Valid', 'alam', '2016-02-09 00:41:14', '2016-02-09 00:41:14'),
(117, '2016-100', 'Sales', 20, 'Valid', 'alam', '2016-02-09 00:42:51', '2016-02-09 00:42:51'),
(118, '2016-101', 'Sales', 300, 'Valid', 'alam', '2016-02-09 00:45:09', '2016-02-09 00:45:09'),
(119, '2016-102', 'Sales', 20, 'Valid', 'alam', '2016-02-09 00:51:31', '2016-02-09 00:51:31'),
(120, '2016-103', 'Sales', 130, 'Valid', 'alam', '2016-02-09 01:06:16', '2016-02-09 01:06:16'),
(121, '2016-104', 'Sales', 20, 'Valid', 'alam', '2016-02-09 01:17:38', '2016-02-09 01:17:38'),
(122, '2016-105', 'Sales', 5, 'Valid', 'alam', '2016-02-09 01:20:08', '2016-02-09 01:20:08'),
(123, '2016-106', 'Sales', 0, 'Valid', 'alam', '2016-02-09 01:32:21', '2016-02-09 01:32:21'),
(124, '2016-107', 'Sales', 70, 'Valid', 'Kunjo', '2016-02-09 01:51:14', '2016-02-09 01:51:14'),
(125, '2016-108', 'Sales', 20, 'Valid', 'Kunjo', '2016-02-09 02:11:31', '2016-02-09 02:11:31'),
(126, '2016-109', 'Sales', 15, 'Valid', 'Kunjo', '2016-02-09 02:39:41', '2016-02-09 02:39:41'),
(127, '2016-110', 'Sales', 70, 'Valid', 'Kunjo', '2016-02-09 03:27:09', '2016-02-09 03:27:09'),
(128, '2016-111', 'Sales', 20, 'Valid', 'alam', '2016-02-09 03:47:55', '2016-02-09 03:47:55'),
(129, '2016-112', 'Sales', 35, 'Valid', 'alam', '2016-02-09 04:17:17', '2016-02-09 04:17:17'),
(130, '2016-113', 'Sales', 14, 'Valid', 'Kunjo', '2016-02-09 18:25:48', '2016-02-09 18:25:48'),
(131, '2016-114', 'Sales', 50, 'Valid', 'alam', '2016-02-09 19:55:34', '2016-02-09 19:55:34'),
(133, '2016-115', 'Sales', 90, 'Valid', 'alam', '2016-02-09 20:45:53', '2016-02-09 20:45:53'),
(134, '2016-116', 'Sales', 12, 'Valid', 'alam', '2016-02-09 20:46:17', '2016-02-09 20:46:17'),
(135, '2016-117', 'Sales', 18, 'Valid', 'alam', '2016-02-09 21:29:15', '2016-02-09 21:29:15'),
(136, '2016-118', 'Sales', 30, 'Valid', 'alam', '2016-02-09 22:04:21', '2016-02-09 22:04:21'),
(137, '2016-118', 'Sales', 220, 'Valid', 'alam', '2016-02-09 22:05:28', '2016-02-09 22:05:28'),
(138, '2016-119', 'Sales', 100, 'Valid', 'alam', '2016-02-09 22:08:57', '2016-02-09 22:08:57'),
(139, '2016-120', 'Sales', 18, 'Valid', 'alam', '2016-02-09 22:39:05', '2016-02-09 22:39:05'),
(140, '2016-121', 'Sales', 90, 'Valid', 'Kunjo', '2016-02-09 22:47:25', '2016-02-09 22:47:25'),
(141, '2016-122', 'Sales', 105, 'Valid', 'Kunjo', '2016-02-09 22:55:29', '2016-02-09 22:55:29'),
(142, '2016-123', 'Sales', 20, 'Valid', 'Kunjo', '2016-02-09 22:57:56', '2016-02-09 22:57:56'),
(143, '2016-124', 'Sales', 20, 'Valid', 'Kunjo', '2016-02-09 23:05:22', '2016-02-09 23:05:22'),
(144, '2016-125', 'Sales', 70, 'Valid', 'Kunjo', '2016-02-09 23:50:16', '2016-02-09 23:50:16'),
(145, '2016-126', 'Sales', 105, 'Valid', 'alam', '2016-02-10 00:08:38', '2016-02-10 00:08:38'),
(146, '2016-127', 'Sales', 100, 'Valid', 'alam', '2016-02-10 00:16:18', '2016-02-10 00:16:18'),
(147, '2016-128', 'Sales', 40, 'Valid', 'alam', '2016-02-10 00:24:04', '2016-02-10 00:24:04'),
(148, '2016-128', 'Sales', 0, 'Valid', 'alam', '2016-02-10 00:26:21', '2016-02-10 00:26:21'),
(150, '2016-130', 'Sales', 50, 'Valid', 'alam', '2016-02-10 00:44:01', '2016-02-10 00:44:01'),
(152, '2016-131', 'Sales (Exchange)', 0, 'Valid', 'alam', '2016-02-10 00:49:13', '2016-02-10 00:49:13'),
(153, '2016-132', 'Sales', 170, 'Valid', 'alam', '2016-02-10 01:27:09', '2016-02-10 01:27:09'),
(154, '2016-133', 'Sales', 76, 'Valid', 'alam', '2016-02-10 01:31:50', '2016-02-10 01:31:50'),
(155, '2016-133', 'Sales', 0, 'Valid', 'alam', '2016-02-10 01:35:49', '2016-02-10 01:35:49'),
(156, '2016-133', 'Sales (Arrear)', 808, 'Valid', 'alam', '2016-02-10 01:39:00', '2016-02-10 01:39:00'),
(157, '2016-134', 'Sales', 15, 'Valid', 'alam', '2016-02-10 01:39:38', '2016-02-10 01:39:38'),
(158, '2016-135', 'Sales', 25, 'Valid', 'Kunjo', '2016-02-10 02:28:02', '2016-02-10 02:28:02'),
(159, '2016-136', 'Sales', 100, 'Valid', 'Kunjo', '2016-02-10 02:46:28', '2016-02-10 02:46:28'),
(160, '2016-137', 'Sales', 240, 'Valid', 'alam', '2016-02-10 04:30:40', '2016-02-10 04:30:40'),
(161, '2016-138', 'Sales', 440, 'Valid', 'alam', '2016-02-10 17:36:54', '2016-02-10 17:36:54'),
(162, '2016-139', 'Sales', 40, 'Valid', 'alam', '2016-02-10 18:13:55', '2016-02-10 18:13:55'),
(170, '2016-142', 'Sales', 1000, 'Valid', 'alam', '2016-02-10 18:43:41', '2016-02-10 18:43:41'),
(171, '2016-143', 'Sales', 10, 'Valid', 'alam', '2016-02-10 18:46:18', '2016-02-10 18:46:18'),
(172, '2016-141', 'Sales (Exchange)', 0, 'Valid', 'alam', '2016-02-10 18:48:57', '2016-02-10 18:48:57'),
(173, '2016-22', 'Sales (Exchange)', 0, 'Valid', 'alam', '2016-02-10 18:51:19', '2016-02-10 18:51:19'),
(174, '2016-144', 'Sales', 20, 'Valid', 'alam', '2016-02-10 19:07:27', '2016-02-10 19:07:27');

-- --------------------------------------------------------

--
-- Table structure for table `loan`
--

CREATE TABLE IF NOT EXISTS `loan` (
  `lid` int(11) NOT NULL AUTO_INCREMENT,
  `loan_title` varchar(255) COLLATE utf8_unicode_ci DEFAULT NULL,
  `taken_amount` int(11) DEFAULT NULL,
  `duration_in_month` int(11) DEFAULT NULL,
  `installment_count` int(11) DEFAULT NULL,
  `installment_remain` int(11) DEFAULT NULL,
  `installment_taka` int(11) DEFAULT NULL,
  `created_at` timestamp NULL DEFAULT NULL,
  `updated_at` timestamp NULL DEFAULT NULL,
  PRIMARY KEY (`lid`)
) ENGINE=InnoDB  DEFAULT CHARSET=utf8 COLLATE=utf8_unicode_ci AUTO_INCREMENT=5 ;

--
-- Dumping data for table `loan`
--

INSERT INTO `loan` (`lid`, `loan_title`, `taken_amount`, `duration_in_month`, `installment_count`, `installment_remain`, `installment_taka`, `created_at`, `updated_at`) VALUES
(1, 'MATI Multi-Purpose', 50000, 4, 56, 52, 600, '2016-02-06 03:47:27', '2016-02-06 03:47:27'),
(2, 'Noor Sons (50000)', 50000, 4, 96, 92, 620, '2016-02-06 03:50:31', '2016-02-06 03:50:31'),
(3, 'Noor Sons (10000)', 10000, 4, 63, 59, 130, '2016-02-06 03:52:42', '2016-02-06 03:52:42'),
(4, 'Farmars Bank ', 200000, 24, 19, 19, 11000, '2016-02-06 03:54:15', '2016-02-06 03:54:15');

-- --------------------------------------------------------

--
-- Table structure for table `loan_installment`
--

CREATE TABLE IF NOT EXISTS `loan_installment` (
  `id` int(11) NOT NULL AUTO_INCREMENT,
  `lid` int(11) DEFAULT NULL,
  `installment_amount` int(11) DEFAULT NULL,
  `drcr` varchar(10) COLLATE utf8_unicode_ci DEFAULT NULL,
  `installment_count` int(11) DEFAULT NULL,
  `created_at` timestamp NULL DEFAULT NULL,
  `updated_at` timestamp NULL DEFAULT NULL,
  PRIMARY KEY (`id`),
  KEY `lid` (`lid`)
) ENGINE=InnoDB  DEFAULT CHARSET=utf8 COLLATE=utf8_unicode_ci AUTO_INCREMENT=13 ;

--
-- Dumping data for table `loan_installment`
--

INSERT INTO `loan_installment` (`id`, `lid`, `installment_amount`, `drcr`, `installment_count`, `created_at`, `updated_at`) VALUES
(1, 3, 130, 'Dr', 1, '2016-02-06 22:20:30', '2016-02-06 22:20:30'),
(2, 2, 620, 'Dr', 1, '2016-02-06 22:20:51', '2016-02-06 22:20:51'),
(3, 1, 600, 'Dr', 1, '2016-02-07 00:35:50', '2016-02-07 00:35:50'),
(4, 3, 130, 'Dr', 1, '2016-02-07 20:27:18', '2016-02-07 20:27:18'),
(5, 2, 620, 'Dr', 1, '2016-02-07 20:27:29', '2016-02-07 20:27:29'),
(6, 1, 600, 'Dr', 1, '2016-02-08 00:17:43', '2016-02-08 00:17:43'),
(7, 3, 130, 'Dr', 1, '2016-02-08 22:29:49', '2016-02-08 22:29:49'),
(8, 2, 620, 'Dr', 1, '2016-02-08 22:30:01', '2016-02-08 22:30:01'),
(9, 1, 600, 'Dr', 1, '2016-02-09 00:29:17', '2016-02-09 00:29:17'),
(10, 3, 130, 'Dr', 1, '2016-02-09 22:08:23', '2016-02-09 22:08:23'),
(11, 2, 620, 'Dr', 1, '2016-02-09 22:08:33', '2016-02-09 22:08:33'),
(12, 1, 600, 'Dr', 1, '2016-02-10 00:13:29', '2016-02-10 00:13:29');

-- --------------------------------------------------------

--
-- Table structure for table `migrations`
--

CREATE TABLE IF NOT EXISTS `migrations` (
  `migration` varchar(255) COLLATE utf8_unicode_ci NOT NULL,
  `batch` int(11) NOT NULL
) ENGINE=InnoDB DEFAULT CHARSET=utf8 COLLATE=utf8_unicode_ci;

-- --------------------------------------------------------

--
-- Table structure for table `password_resets`
--

CREATE TABLE IF NOT EXISTS `password_resets` (
  `email` varchar(255) COLLATE utf8_unicode_ci NOT NULL,
  `token` varchar(255) COLLATE utf8_unicode_ci NOT NULL,
  `created_at` timestamp NOT NULL DEFAULT '0000-00-00 00:00:00',
  KEY `password_resets_email_index` (`email`),
  KEY `password_resets_token_index` (`token`)
) ENGINE=InnoDB DEFAULT CHARSET=utf8 COLLATE=utf8_unicode_ci;

--
-- Dumping data for table `password_resets`
--

INSERT INTO `password_resets` (`email`, `token`, `created_at`) VALUES
('nlnazmul@gmail.com', '37142d1dc25a931bc7fc8343c2e5f51aead0b1f8d0ba04a49c8bcd61207bedff', '2016-02-10 03:32:49');

-- --------------------------------------------------------

--
-- Table structure for table `payment`
--

CREATE TABLE IF NOT EXISTS `payment` (
  `id` int(11) NOT NULL AUTO_INCREMENT,
  `payment_title` varchar(100) COLLATE utf8_unicode_ci DEFAULT NULL,
  `purpose` varchar(50) COLLATE utf8_unicode_ci DEFAULT NULL,
  `amount` int(11) DEFAULT NULL,
  `status` varchar(50) COLLATE utf8_unicode_ci DEFAULT NULL,
  `created_at` timestamp NULL DEFAULT NULL,
  `updated_at` timestamp NULL DEFAULT NULL,
  PRIMARY KEY (`id`)
) ENGINE=InnoDB  DEFAULT CHARSET=utf8 COLLATE=utf8_unicode_ci AUTO_INCREMENT=57 ;

--
-- Dumping data for table `payment`
--

INSERT INTO `payment` (`id`, `payment_title`, `purpose`, `amount`, `status`, `created_at`, `updated_at`) VALUES
(1, 'Vendor bill', 'snot El', 0, 'Valid', '2016-02-05 23:03:37', '2016-02-05 23:03:37'),
(2, 'Vendor bill', 'snot El', 24, 'Valid', '2016-02-05 23:12:46', '2016-02-05 23:12:46'),
(3, 'Vendor bill (Due)', 'snot El', 28, 'Valid', '2016-02-05 23:20:08', '2016-02-05 23:20:08'),
(4, 'Vendor bill', 'snot El', 1, 'Valid', '2016-02-06 00:37:40', '2016-02-06 00:37:40'),
(5, 'Internet Bill', 'Parto/ Orbit', 800, 'Valid', '2016-02-06 01:04:17', '2016-02-06 01:04:17'),
(6, 'Vendor bill', 'shakor comonication', 0, 'Valid', '2016-02-06 19:57:58', '2016-02-06 19:57:58'),
(7, 'Vendor bill (Due)', 'shakor comonication', 375, 'Valid', '2016-02-06 20:05:02', '2016-02-06 20:05:02'),
(8, 'Loan Payment', 'Noor Sons (10000)', 130, 'Valid', '2016-02-06 22:20:30', '2016-02-06 22:20:30'),
(9, 'Loan Payment', 'Noor Sons (50000)', 620, 'Valid', '2016-02-06 22:20:51', '2016-02-06 22:20:51'),
(10, 'Others', 'Basha', 500, 'Valid', '2016-02-07 00:21:47', '2016-02-07 00:21:47'),
(11, 'Vendor bill', 'Omor Ele', 5, 'Valid', '2016-02-07 00:30:16', '2016-02-07 00:30:16'),
(12, 'Loan Payment', 'MATI Multi-Purpose', 600, 'Valid', '2016-02-07 00:35:50', '2016-02-07 00:35:50'),
(13, 'Tea Bill', 'tea', 10, 'Valid', '2016-02-07 01:06:12', '2016-02-07 01:06:12'),
(14, 'Vendor bill', 'Al- Halal Electric', 5, 'Valid', '2016-02-07 02:07:19', '2016-02-07 02:07:19'),
(15, 'Vendor bill (Due)', 'shakor comonication', 500, 'Valid', '2016-02-07 02:51:43', '2016-02-07 02:51:43'),
(16, 'Vendor bill', 'shakor comonication', 200, 'Valid', '2016-02-07 02:52:50', '2016-02-07 02:52:50'),
(17, 'Vendor bill', 'snot El', 0, 'Valid', '2016-02-07 03:02:14', '2016-02-07 03:02:14'),
(18, 'Vendor bill (Due)', 'snot El', 1, 'Valid', '2016-02-07 03:02:44', '2016-02-07 03:02:44'),
(19, 'Vendor bill', 'snot El', 5, 'Valid', '2016-02-07 03:18:44', '2016-02-07 03:18:44'),
(20, 'Staff TA Bill', 'Kunjo', 30, 'Valid', '2016-02-07 03:19:50', '2016-02-07 03:19:50'),
(21, 'Vendor bill', 'BBS Cable', 0, 'Valid', '2016-02-07 17:46:13', '2016-02-07 17:46:13'),
(22, 'Vendor bill (Due)', 'BBS Cable', 5000, 'Valid', '2016-02-07 18:19:10', '2016-02-07 18:19:10'),
(23, 'Vendor bill (Due)', 'Energy Pac', 4000, 'Valid', '2016-02-07 19:04:05', '2016-02-07 19:04:05'),
(24, 'Vendor bill (Due)', 'Energy Pac', 1000, 'Valid', '2016-02-07 19:15:36', '2016-02-07 19:15:36'),
(25, 'Vendor bill', 'snot El', 3890, 'Valid', '2016-02-07 20:26:35', '2016-02-07 20:26:35'),
(26, 'Loan Payment', 'Noor Sons (10000)', 130, 'Valid', '2016-02-07 20:27:18', '2016-02-07 20:27:18'),
(27, 'Loan Payment', 'Noor Sons (50000)', 620, 'Valid', '2016-02-07 20:27:29', '2016-02-07 20:27:29'),
(28, 'Loan Payment', 'MATI Multi-Purpose', 600, 'Valid', '2016-02-08 00:17:43', '2016-02-08 00:17:43'),
(29, 'Fare ', 'Producd', 40, 'Valid', '2016-02-08 00:47:55', '2016-02-08 00:47:55'),
(30, 'Vendor bill', 'Energy Pac', 0, 'Valid', '2016-02-08 02:01:25', '2016-02-08 02:01:25'),
(31, 'Tea Bill', 'Coustomor ', 25, 'Valid', '2016-02-08 02:57:57', '2016-02-08 02:57:57'),
(32, 'Others', 'Paper', 80, 'Valid', '2016-02-08 03:33:17', '2016-02-08 03:33:17'),
(33, 'Vendor bill', 'snot El', 45, 'Valid', '2016-02-08 03:45:45', '2016-02-08 03:45:45'),
(34, 'Staff Salary', 'Kunjo', 4000, 'Valid', '2016-02-08 04:32:21', '2016-02-08 04:32:21'),
(35, 'Shop Rent', 'Rohol Kaka', 1000, 'Valid', '2016-02-08 04:33:18', '2016-02-08 04:33:18'),
(36, 'Others', 'me', 17, 'Valid', '2016-02-08 04:55:55', '2016-02-08 04:55:55'),
(37, 'Mobile Bill', 'me', 100, 'Valid', '2016-02-08 19:49:57', '2016-02-08 19:49:57'),
(38, 'Loan Payment', 'Noor Sons (10000)', 130, 'Valid', '2016-02-08 22:29:49', '2016-02-08 22:29:49'),
(39, 'Loan Payment', 'Noor Sons (50000)', 620, 'Valid', '2016-02-08 22:30:01', '2016-02-08 22:30:01'),
(40, 'Loan Payment', 'MATI Multi-Purpose', 600, 'Valid', '2016-02-09 00:29:17', '2016-02-09 00:29:17'),
(41, 'Fare ', 'Van', 50, 'Valid', '2016-02-09 00:45:31', '2016-02-09 00:45:31'),
(42, 'Others', 'samiul', 300, 'Valid', '2016-02-09 05:17:34', '2016-02-09 05:17:34'),
(43, 'Vendor bill', 'RFL', 1, 'Valid', '2016-02-09 20:41:30', '2016-02-09 20:41:30'),
(44, 'Vendor bill', 'kitty', 7, 'Valid', '2016-02-09 21:58:39', '2016-02-09 21:58:39'),
(45, 'Loan Payment', 'Noor Sons (10000)', 130, 'Valid', '2016-02-09 22:08:23', '2016-02-09 22:08:23'),
(46, 'Loan Payment', 'Noor Sons (50000)', 620, 'Valid', '2016-02-09 22:08:33', '2016-02-09 22:08:33'),
(47, 'Others', 'akua', 20, 'Valid', '2016-02-09 22:43:48', '2016-02-09 22:43:48'),
(48, 'Loan Payment', 'MATI Multi-Purpose', 600, 'Valid', '2016-02-10 00:13:29', '2016-02-10 00:13:29'),
(49, 'Staff Salary', 'alam', 6000, 'Valid', '2016-02-10 00:15:31', '2016-02-10 00:15:31'),
(50, 'Vendor bill', 'Energy Pac', 40, 'Valid', '2016-02-10 00:23:42', '2016-02-10 00:23:42'),
(51, 'Vendor bill', 'snot El', 4, 'Valid', '2016-02-10 00:43:38', '2016-02-10 00:43:38'),
(52, 'Vendor bill (Due)', 'shakor comonication', 500, 'Valid', '2016-02-10 04:31:39', '2016-02-10 04:31:39'),
(53, 'Vendor bill', 'Al- Halal Electric', 8, 'Valid', '2016-02-10 18:36:55', '2016-02-10 18:36:55'),
(54, 'Tea Bill', 'me', 72, 'Valid', '2016-02-10 18:40:49', '2016-02-10 18:40:49'),
(55, 'Staff Salary', 'Kunjo', 1000, 'Valid', '2016-02-10 19:12:04', '2016-02-10 19:12:04'),
(56, 'Others', '%', 1600, 'Valid', '2016-02-10 19:13:06', '2016-02-10 19:13:06');

-- --------------------------------------------------------

--
-- Table structure for table `payment_type`
--

CREATE TABLE IF NOT EXISTS `payment_type` (
  `ptid` int(11) NOT NULL AUTO_INCREMENT,
  `payment_title` varchar(50) COLLATE utf8_unicode_ci DEFAULT NULL,
  `created_at` timestamp NULL DEFAULT NULL,
  `updated_at` timestamp NULL DEFAULT NULL,
  PRIMARY KEY (`ptid`)
) ENGINE=InnoDB  DEFAULT CHARSET=utf8 COLLATE=utf8_unicode_ci AUTO_INCREMENT=13 ;

--
-- Dumping data for table `payment_type`
--

INSERT INTO `payment_type` (`ptid`, `payment_title`, `created_at`, `updated_at`) VALUES
(1, 'Shop Rent', '2016-01-26 00:51:20', '2016-01-26 00:51:20'),
(2, 'Tea Bill', '2016-01-26 00:51:38', '2016-01-26 00:51:38'),
(3, 'Staff TA Bill', '2016-01-26 00:52:44', '2016-01-26 00:52:44'),
(4, 'Staff Salary', '2016-01-26 00:53:41', '2016-01-26 00:53:41'),
(5, 'Mobile Bill', '2016-01-26 00:54:03', '2016-01-26 00:54:03'),
(6, 'Internet Bill', '2016-01-26 00:55:22', '2016-01-26 00:55:22'),
(7, 'Electric Bill', '2016-01-26 00:56:30', '2016-01-26 00:56:30'),
(8, 'Scoraty Gard Bill', '2016-01-26 00:57:36', '2016-01-26 00:57:36'),
(9, 'Software Bill', '2016-01-31 01:09:52', '2016-02-06 05:29:40'),
(10, 'Snake Bill', '2016-02-01 02:00:27', '2016-02-06 05:31:30'),
(11, 'Others', '2016-02-01 02:00:51', '2016-02-06 05:30:15'),
(12, 'Fare ', '2016-02-01 02:01:00', '2016-02-06 05:35:45');

-- --------------------------------------------------------

--
-- Table structure for table `product`
--

CREATE TABLE IF NOT EXISTS `product` (
  `pid` int(11) NOT NULL AUTO_INCREMENT,
  `cid` int(11) DEFAULT NULL,
  `p_name` varchar(50) COLLATE utf8_unicode_ci DEFAULT NULL,
  `buying_price` float DEFAULT NULL,
  `selling_price` float DEFAULT NULL,
  `created_at` timestamp NULL DEFAULT CURRENT_TIMESTAMP,
  `updated_at` timestamp NULL DEFAULT NULL,
  PRIMARY KEY (`pid`),
  UNIQUE KEY `p_name` (`p_name`),
  KEY `fk_product_category` (`cid`)
) ENGINE=InnoDB  DEFAULT CHARSET=utf8 COLLATE=utf8_unicode_ci AUTO_INCREMENT=555 ;

--
-- Dumping data for table `product`
--

INSERT INTO `product` (`pid`, `cid`, `p_name`, `buying_price`, `selling_price`, `created_at`, `updated_at`) VALUES
(1, 2, 'Transtec Energy Light (05 W)', 142, 180, '2016-01-17 10:45:17', '2016-01-23 21:12:58'),
(2, 2, 'Transtec Energy Light (14 W)', 169, 220, '2016-01-17 10:47:25', '2016-01-23 21:14:45'),
(3, 2, 'Transtec Energy Light (32 W)', 244, 270, '2016-01-17 10:48:20', '2016-01-17 10:48:20'),
(4, 2, 'Energy Pac Energy Light (15W)', 203, 220, '2016-01-17 10:49:39', '2016-01-20 07:43:21'),
(5, 2, 'Energy Pac Energy Light (30W)', 252, 280, '2016-01-17 10:50:19', '2016-01-20 07:41:06'),
(6, 2, 'Sonos Energy Light (05W)', 118, 150, '2016-01-17 10:51:00', '2016-01-20 07:44:17'),
(7, 2, 'Sonos Energy Light (30 W)', 208, 260, '2016-01-17 10:52:08', '2016-01-17 10:52:08'),
(8, 2, 'Sonos Energy Light (25W)', 204, 250, '2016-01-17 10:52:47', '2016-01-20 07:46:07'),
(9, 2, 'Sonos Energy Light (15W)', 189, 220, '2016-01-17 10:53:20', '2016-01-20 07:44:40'),
(10, 2, 'Sonos Energy Light (20W)', 197, 230, '2016-01-17 10:54:13', '2016-01-20 07:41:53'),
(11, 2, 'Energy Pac Energy Light (20W)', 213, 240, '2016-01-17 10:56:59', '2016-01-20 07:43:36'),
(12, 6, 'Star Digital ', 1130, 1200, '2016-01-18 00:32:56', '2016-01-18 00:32:56'),
(13, 1, 'Bizli Cable BYA (1x1.0 RE)', 855, 962, '2016-01-18 00:41:06', '2016-01-18 01:00:28'),
(14, 1, 'Bizli Cable BYA (1x1.5 RE)', 1256, 1413, '2016-01-18 00:41:59', '2016-01-18 01:00:41'),
(15, 1, 'Bizli Cable BYA (1x2.0 RE)', 2047, 2303, '2016-01-18 00:43:02', '2016-01-18 01:00:53'),
(16, 1, 'Bizli Cable BYA (1x1.0 RM) 3W', 882, 992, '2016-01-18 00:44:23', '2016-01-18 01:01:09'),
(17, 1, 'Bizli Cable BYA (1x1.3 RM) 3W', 1115, 1254, '2016-01-18 00:45:14', '2016-01-18 01:02:13'),
(18, 1, 'Bizli Cable BYA (1x1.5 RM) 3W', 1269, 1428, '2016-01-18 00:46:14', '2016-01-18 01:03:23'),
(19, 1, 'Bizli Cable BYA (1x1.5 RM) 7W', 1270, 1430, '2016-01-18 00:46:57', '2016-01-18 01:04:12'),
(20, 1, 'Bizli Cable BYA (1x2.0 RM) 3W', 1701, 1914, '2016-01-18 00:47:54', '2016-01-18 01:04:47'),
(21, 1, 'Bizli Cable BYA (1x2.5 RM) 7W', 2075, 2334, '2016-01-18 00:48:42', '2016-01-18 01:05:32'),
(22, 1, 'Bizli Cable BYA (1x3.0 RM) 7W', 2476, 2786, '2016-01-18 00:51:15', '2016-01-18 01:06:07'),
(23, 1, 'Bizli Cable BYA (1x4.0 RM) 7W', 3254, 3660, '2016-01-18 00:52:39', '2016-01-18 01:06:58'),
(24, 1, 'Bizli Cable BYA (1x4.5 RM) 7W', 3657, 4114, '2016-01-18 00:53:49', '2016-01-18 01:07:42'),
(25, 1, 'Bizli Cable BYA (1x7.0 RM) 7W', 5654, 4741, '2016-01-18 00:54:57', '2016-01-18 01:08:12'),
(26, 1, 'Bizli Cable BYA (1x10 RM) 7W', 8011, 9012, '2016-01-18 00:56:17', '2016-01-18 01:08:44'),
(27, 1, 'Bizli Cable BYA (1x14.5 RM) 7W', 11535, 12977, '2016-01-18 00:57:21', '2016-01-18 01:09:09'),
(28, 1, 'Bizli Cable BYA (1x16 RM) 7W', 12686, 14272, '2016-01-18 00:58:17', '2016-01-18 01:09:50'),
(29, 1, 'Bizli Cable BYA (1x6.0 RM) 7W', 3657, 4114, '2016-01-18 00:59:09', '2016-01-18 01:10:19'),
(30, 1, 'SQ Cable (1x1.0 RE) 1W', 912, 965, '2016-01-18 01:12:21', '2016-01-18 01:13:37'),
(31, 1, 'SQ Cable (1x1.0 RM) 3W', 946, 1001, '2016-01-18 01:16:00', '2016-01-18 01:16:00'),
(32, 1, 'SQ Cable (1x1.3 RM) 3W', 1192, 1262, '2016-01-18 01:17:02', '2016-01-18 01:17:02'),
(33, 1, 'SQ Cable (1x2.0 RM) 3W', 1810, 1894, '2016-01-18 01:18:31', '2016-01-18 01:18:31'),
(34, 1, 'SQ Cable (1x3.0 RM) 7W', 2627, 2780, '2016-01-18 01:22:24', '2016-01-18 01:24:38'),
(35, 1, 'SQ Cable (1x4.0 RM) 7W', 3395, 3592, '2016-01-18 01:23:30', '2016-01-18 01:24:20'),
(36, 1, 'SQ Cable (1x4.5 RM) 7W', 3867, 4092, '2016-01-18 01:31:03', '2016-01-18 01:31:03'),
(37, 10, '1 Gang AGS Still Board', 27, 31, '2016-01-18 01:39:03', '2016-01-18 01:39:03'),
(39, 10, '3 Gang AGS Still Board', 84, 105, '2016-01-18 01:40:04', '2016-01-18 01:40:04'),
(40, 10, '1 Gang Local Still Board', 18, 22, '2016-01-18 01:40:44', '2016-01-18 01:40:44'),
(41, 10, '2 Gang Local Still Board', 38, 45, '2016-01-18 01:41:28', '2016-01-18 01:41:28'),
(42, 10, '3 Gang Local Still Board', 66, 80, '2016-01-18 01:41:59', '2016-01-18 01:41:59'),
(43, 10, '3x3 Seven Colar Still Board', 20, 25, '2016-01-18 01:45:26', '2016-01-18 01:45:26'),
(44, 10, '4x4 Seven Colar Still Board', 26, 30, '2016-01-18 01:46:18', '2016-01-18 01:46:18'),
(45, 10, '6x4 Seven Colar Still Board', 36, 40, '2016-01-18 01:47:03', '2016-01-18 01:47:03'),
(46, 10, '3x5 Seven Colar Still Board', 28, 35, '2016-01-18 01:47:47', '2016-01-18 01:47:47'),
(47, 10, '3x7 Seven Colar Still Board', 36, 45, '2016-01-18 01:48:35', '2016-01-18 01:48:35'),
(48, 10, '3x6 Seven Colar Still Board', 32, 35, '2016-01-18 01:49:08', '2016-01-18 01:49:08'),
(49, 10, '6x8 Seven Colar Still Board', 63, 75, '2016-01-18 01:49:42', '2016-01-18 01:49:42'),
(50, 10, '6x10 Seven Colar Still Board', 90, 105, '2016-01-18 01:50:36', '2016-01-18 01:50:36'),
(51, 10, '3x3 Loca Still Board', 14, 18, '2016-01-18 01:51:42', '2016-01-18 01:51:42'),
(52, 10, '6x4 Loca Still Board', 17, 25, '2016-01-18 01:53:15', '2016-01-18 01:53:15'),
(53, 2, 'Transtec Energy Light (11 W)', 165, 210, '2016-01-18 01:57:31', '2016-01-23 21:13:56'),
(54, 2, 'Non Garanty Energy Light (30W)', 80, 100, '2016-01-18 01:58:35', '2016-01-20 07:41:27'),
(55, 11, 'L1 MCB Box', 35, 45, '2016-01-18 02:01:52', '2016-01-18 02:01:52'),
(56, 11, 'L2 MCB Box', 45, 60, '2016-01-18 02:02:27', '2016-01-18 02:02:27'),
(57, 11, 'L2-4 MCB Box', 60, 75, '2016-01-18 02:03:00', '2016-01-18 02:03:26'),
(58, 11, 'Firefly SDB board 7-9', 360, 450, '2016-01-18 02:06:24', '2016-01-18 02:06:24'),
(59, 11, 'Firefly SDB board 10-13', 480, 570, '2016-01-18 02:07:02', '2016-01-18 02:07:02'),
(60, 11, 'Firefly SDB board 14-16', 650, 780, '2016-01-18 02:07:43', '2016-01-18 02:07:43'),
(61, 11, 'Kitty SBD Board 4-6', 340, 380, '2016-01-18 02:09:39', '2016-01-18 02:09:39'),
(62, 5, '25W Bangal Balub', 15.25, 20, '2016-01-18 02:18:24', '2016-01-18 02:18:24'),
(63, 5, '40W Bangal Balub', 15.25, 20, '2016-01-18 02:19:15', '2016-01-18 02:19:15'),
(64, 5, '60W Bangal Balub', 15.25, 20, '2016-01-18 02:19:35', '2016-01-18 02:19:35'),
(69, 5, '100W Bangal Balub', 16.5, 20, '2016-01-18 02:23:34', '2016-01-18 02:23:34'),
(70, 13, '3x4 RFL Socket Pipe', 46.17, 49, '2016-01-18 03:03:40', '2016-01-25 21:12:58'),
(71, 13, '3x4 RFL Without Socket Pipe', 35.5, 38, '2016-01-18 03:11:54', '2016-01-18 03:11:54'),
(72, 13, '3x4 RFL Socket ', 2.9, 3.5, '2016-01-18 03:12:45', '2016-01-18 03:12:45'),
(73, 13, '3x4 RFL Band ', 6.5, 8, '2016-01-18 03:15:34', '2016-01-25 21:12:04'),
(74, 13, '3x4 RFL Circular Box', 7.92, 9, '2016-01-18 03:17:13', '2016-01-18 03:17:13'),
(75, 13, '3x4 RFL Whit/Normal Pipe', 28, 35, '2016-01-18 03:18:19', '2016-01-18 03:18:19'),
(76, 13, '1" Chanal RFL', 26, 28, '2016-01-18 03:20:38', '2016-01-18 03:20:38'),
(77, 13, '1 Gang Local Pvc Board ', 16.5, 22, '2016-01-18 03:21:32', '2016-01-18 03:21:32'),
(78, 13, '2 Gang Local Pvc Board', 38, 45, '2016-01-18 03:22:19', '2016-01-18 03:22:19'),
(79, 13, '3 Gang Local Pvc Board', 55, 65, '2016-01-18 03:22:47', '2016-01-18 03:22:47'),
(80, 1, 'BBS Cable BAY (1x1.5 RE) 1W', 1324, 1432, '2016-01-18 03:31:37', '2016-01-18 03:31:37'),
(81, 1, 'BBS Cable BAY (1x1.0 Rm) 3W', 919, 983, '2016-01-18 03:32:52', '2016-02-01 00:28:47'),
(82, 1, 'BBS Cable BAY (1x1.3 Rm) 3W', 1158, 1329, '2016-01-18 03:33:43', '2016-02-01 00:29:12'),
(83, 1, 'BBS Cable BAY (1x2.0 Rm) 3W', 1811, 1990, '2016-01-18 03:34:48', '2016-01-18 03:34:48'),
(84, 1, 'BBS Cable BAY (1x3.0 Rm) 7W', 2628, 2750, '2016-01-18 03:35:33', '2016-01-18 03:35:33'),
(85, 1, 'BBS Cable BAY (1x4.0 Rm) 7W', 3396, 3600, '2016-01-18 03:36:46', '2016-01-18 03:36:46'),
(86, 1, 'BBS Cable BAY (1x4.5 Rm) 7W', 3868, 4150, '2016-01-18 03:37:27', '2016-01-18 03:37:27'),
(87, 1, 'Appollo (2x14/76) FT', 570, 1100, '2016-01-18 03:40:09', '2016-01-18 03:40:09'),
(88, 1, 'Appollo (2x14/76) TT', 437, 600, '2016-01-18 03:41:39', '2016-01-18 03:41:39'),
(89, 5, '05W DIM Light Normal (Suria)', 15, 25, '2016-01-18 04:03:40', '2016-01-18 04:03:40'),
(90, 3, 'CBE 05W LED Light', 224, 260, '2016-01-18 04:04:50', '2016-01-18 04:04:50'),
(91, 13, 'Dear Tape', 9.6, 15, '2016-01-18 04:06:12', '2016-01-18 04:06:12'),
(92, 13, 'BBS Tape', 16.66, 25, '2016-01-18 04:06:58', '2016-01-18 04:06:58'),
(93, 13, 'Clear Small Tape', 2.6, 5, '2016-01-18 04:08:29', '2016-01-18 04:08:29'),
(94, 13, 'Clear Midiam Tape', 5, 10, '2016-01-18 04:11:04', '2016-01-18 04:11:04'),
(95, 13, 'Clear Big Tape', 19, 30, '2016-01-18 04:11:45', '2016-01-18 04:11:45'),
(96, 13, 'Thraed Tape (Padrolo)', 10, 20, '2016-01-18 04:15:24', '2016-01-18 04:16:06'),
(97, 13, 'Royal Plug', 7, 15, '2016-01-18 04:16:55', '2016-01-18 04:16:55'),
(98, 9, 'Energy Pac 1 Gang Switch', 51, 60, '2016-01-18 04:38:36', '2016-01-18 04:38:36'),
(99, 9, 'Energy Pac 2 Gang Switch', 72, 85, '2016-01-18 04:39:40', '2016-01-18 04:39:40'),
(100, 9, 'Energy Pac 3 Gang Switch', 89, 105, '2016-01-18 04:40:25', '2016-01-18 04:40:25'),
(101, 9, 'Energy Pac 4 Gang Switch', 114, 135, '2016-01-18 04:40:57', '2016-01-18 04:40:57'),
(102, 9, 'Energy Pac 2 pin Socket (with Soket)', 110, 145, '2016-01-18 04:41:50', '2016-01-31 01:45:19'),
(103, 9, 'Energy Pac (Combine Socket) 13A pin + 16A 2Pin', 187, 220, '2016-01-18 05:03:03', '2016-01-18 05:03:03'),
(104, 9, 'Energy Pac DP switch', 298, 350, '2016-01-18 05:03:48', '2016-01-18 05:03:48'),
(105, 9, 'Energy Pac (Fan Controller With Switch)', 212, 250, '2016-01-18 05:05:15', '2016-01-18 05:05:15'),
(106, 9, 'Energy Pac  Fan Controller ', 170, 200, '2016-01-18 05:07:43', '2016-01-18 05:07:43'),
(107, 9, 'Energy Pac  (TV Socket)', 94, 110, '2016-01-18 05:08:59', '2016-01-18 05:08:59'),
(108, 9, 'Energy Pac  (Bill Push)', 68, 80, '2016-01-18 05:10:11', '2016-01-18 05:10:11'),
(109, 9, 'Energy Pac  (15A 3Pin Socket With Switch)', 153, 220, '2016-01-18 05:13:02', '2016-01-31 01:48:58'),
(110, 9, 'EG 1 Gang Switch (A3011A)', 72, 85, '2016-01-18 05:14:03', '2016-01-18 05:37:51'),
(111, 9, 'EG 2 Gang Switch (A3021A)', 119, 160, '2016-01-18 05:14:34', '2016-01-27 04:26:21'),
(112, 9, 'EG 3 Gang Switch (A3031A)', 153, 180, '2016-01-18 05:15:15', '2016-01-18 05:39:33'),
(113, 9, 'EG 4  Gang Switch (A3041A)', 204, 240, '2016-01-18 05:16:35', '2016-01-18 05:40:36'),
(114, 9, 'EG 13A 3Pin Socket With Switch(Naro) (A3153SN)', 264, 310, '2016-01-18 05:19:00', '2016-01-27 04:29:36'),
(115, 9, 'EG 13A 3Pin Socket With Switch (Double) (A3133S2)', 263, 390, '2016-01-18 05:20:46', '2016-01-27 04:29:03'),
(116, 9, 'EG 16A 2Pin Socket With Switch (A3162S)', 204, 240, '2016-01-18 05:23:24', '2016-01-26 00:23:36'),
(117, 9, 'EG TV Socket (A3010)', 145, 170, '2016-01-18 05:25:21', '2016-01-18 05:25:21'),
(118, 9, 'EG Fan Controller (A3250)', 345, 405, '2016-01-18 05:30:09', '2016-01-18 05:30:09'),
(119, 9, 'EG Fan Controller (101EG)', 213, 250, '2016-01-18 05:31:23', '2016-01-18 05:31:23'),
(120, 9, 'EG Bill Push (A3013)', 111, 130, '2016-01-18 05:32:40', '2016-01-18 05:32:40'),
(121, 9, 'EG 30A DP Switch (A330N)', 510, 600, '2016-01-18 05:34:01', '2016-01-18 05:34:01'),
(122, 9, 'EG 13APin+16A 2Pin (combine) Naro (A3108SNB)', 281, 330, '2016-01-18 05:35:47', '2016-01-18 05:35:47'),
(123, 9, 'EG 15A 3Pin Socket With Switch (A3153S)', 263, 310, '2016-01-18 05:41:59', '2016-01-18 05:41:59'),
(124, 9, 'EG 15A 3Pin Socket With Switch (Naro) (A3153N)', 272, 320, '2016-01-18 05:43:39', '2016-01-18 05:43:39'),
(125, 4, 'Philips Tube Light', 85, 105, '2016-01-18 06:02:18', '2016-01-18 06:02:18'),
(126, 4, 'Transtec Tube Light', 67.76, 90, '2016-01-18 06:03:36', '2016-01-23 21:15:27'),
(127, 4, 'ABID Tube Shaid', 235, 270, '2016-01-18 06:10:42', '2016-01-18 06:10:42'),
(128, 8, 'SP 6A MCB kitty ', 110, 220, '2016-01-18 06:18:58', '2016-01-18 06:18:58'),
(129, 8, 'SP 10A MCB kitty', 110, 220, '2016-01-18 06:19:28', '2016-01-18 06:19:28'),
(130, 8, 'SP 16A MCB kitty', 110, 220, '2016-01-18 06:19:49', '2016-01-18 06:19:49'),
(131, 8, 'SP 20A MCB kitty', 110, 220, '2016-01-18 06:20:21', '2016-01-18 06:20:21'),
(132, 8, 'SP 32A MCB kitty', 110, 220, '2016-01-18 06:21:00', '2016-01-18 06:21:00'),
(133, 8, 'SP 40A MCB kitty', 110, 220, '2016-01-18 06:21:28', '2016-01-18 06:21:28'),
(134, 8, 'SP 50A MCB kitty', 110, 220, '2016-01-18 06:21:54', '2016-01-18 06:21:54'),
(135, 8, 'SP 63A MCB kitty', 110, 220, '2016-01-18 06:22:15', '2016-01-18 06:22:15'),
(136, 8, 'DP 10A MCB Kitty', 220, 440, '2016-01-18 06:22:56', '2016-01-18 06:22:56'),
(137, 8, 'DP 16A MCB Kitty', 220, 440, '2016-01-18 06:23:16', '2016-01-18 06:23:16'),
(138, 8, 'DP 20A MCB Kitty', 220, 440, '2016-01-18 06:23:37', '2016-01-18 06:23:37'),
(139, 8, 'DP 25A MCB Kitty', 220, 440, '2016-01-18 06:24:19', '2016-01-18 06:24:19'),
(140, 8, 'DP 32A MCB Kitty', 220, 440, '2016-01-18 06:24:44', '2016-01-18 06:24:44'),
(141, 8, 'DP 40A MCB Kitty', 220, 440, '2016-01-18 06:25:12', '2016-01-18 06:25:12'),
(142, 8, 'DP 50A MCB Kitty', 220, 440, '2016-01-18 06:25:40', '2016-01-18 06:25:40'),
(143, 8, 'DP 63A MCB Kitty', 220, 440, '2016-01-18 06:26:33', '2016-01-18 06:26:33'),
(144, 9, 'Kitty 13A Multi Socket with switch', 110, 180, '2016-01-18 06:27:57', '2016-01-23 20:49:47'),
(145, 9, 'MA 13A Multi Socket With Switch', 98, 130, '2016-01-18 06:28:43', '2016-02-07 20:24:51'),
(146, 9, 'MA 1 Gang Switch ', 35, 45, '2016-01-18 06:29:35', '2016-01-18 06:29:35'),
(147, 9, 'MA 2 Gang Switch', 50, 60, '2016-01-18 06:30:03', '2016-01-18 06:30:03'),
(148, 9, 'MA 3 Gang Switch', 70, 85, '2016-01-18 06:30:28', '2016-01-18 06:30:28'),
(149, 9, 'MA 4 Gang Switch', 85, 120, '2016-01-18 06:30:56', '2016-01-18 06:30:56'),
(150, 9, 'MA 5 Gang Switch', 125, 160, '2016-01-18 06:31:22', '2016-01-18 06:31:22'),
(151, 9, 'Ma Fan Dimar With Switch', 140, 180, '2016-01-18 06:32:57', '2016-01-18 06:32:57'),
(152, 9, 'MA 2Pin Socket With Switch', 110, 130, '2016-01-18 06:33:46', '2016-01-23 20:51:33'),
(153, 9, 'MA Bill Push', 65, 120, '2016-01-18 06:34:14', '2016-01-18 06:34:14'),
(154, 2, 'Energy Pac Energy Light (05W)', 165, 180, '2016-01-18 06:40:16', '2016-01-20 07:42:45'),
(155, 2, 'Energy Pac Energy Light (07W)', 173, 190, '2016-01-18 06:41:20', '2016-01-20 07:43:04'),
(156, 2, 'Energy Pac Energy Light (23W)', 227, 255, '2016-01-18 06:42:28', '2016-01-20 07:43:52'),
(157, 2, 'Energy Pac Energy Light (45 W)', 446, 500, '2016-01-18 06:44:50', '2016-01-18 06:44:50'),
(158, 3, 'Energy Pac 20W Led Tube Light', 411, 495, '2016-01-18 06:51:15', '2016-01-18 06:51:15'),
(159, 3, 'Energy Pac 9W LED Bulb', 236, 270, '2016-01-18 06:52:52', '2016-01-18 06:52:52'),
(160, 3, 'CBE 18W LED Tube Light', 400, 480, '2016-01-18 06:54:02', '2016-01-18 06:54:02'),
(161, 2, 'Philips 24W Energy  Light', 265, 295, '2016-01-18 06:55:18', '2016-01-18 06:55:18'),
(170, 15, 'Nokia Wall Cattar', 68, 105, '2016-01-18 07:21:29', '2016-01-18 07:21:29'),
(171, 15, 'Dimond Wall Catter', 75, 120, '2016-01-18 07:22:10', '2016-01-19 03:12:28'),
(172, 15, 'Iron Katter', 14, 20, '2016-01-18 07:24:17', '2016-01-18 07:24:17'),
(174, 19, '3/4" Star Screw', 1.68, 8, '2016-01-18 08:34:47', '2016-01-18 08:34:47'),
(175, 19, '1" Star Screw', 3.24, 10, '2016-01-18 08:35:36', '2016-01-18 08:35:36'),
(176, 19, '1.5" Star Screw', 4.2, 12, '2016-01-18 08:36:23', '2016-01-18 08:36:23'),
(177, 19, '1" MK Star Screw', 7.44, 20, '2016-01-18 08:37:09', '2016-01-18 08:37:09'),
(178, 19, '2.5" MK Star Screw', 10, 25, '2016-01-18 08:38:01', '2016-01-18 08:38:01'),
(179, 19, '1.5" (10 No) Cot Screw', 10, 25, '2016-01-18 08:38:58', '2016-01-18 08:38:58'),
(180, 19, '1.5" Mathgat Screw', 8, 15, '2016-01-18 08:40:39', '2016-01-18 08:40:39'),
(181, 19, '2" (8No) Cot screw', 7, 15, '2016-01-18 08:41:23', '2016-01-18 08:41:23'),
(182, 1, 'BRB Cable BYA (1x1.0 RE)', 913, 956, '2016-01-18 23:41:01', '2016-01-18 23:41:01'),
(183, 1, 'BRB Cable BYA (1x1.5 RE)', 1323, 1384, '2016-01-18 23:42:43', '2016-01-18 23:42:43'),
(184, 1, 'BRB Cable BYA (1x1.0 RM)', 946, 990, '2016-01-18 23:43:31', '2016-01-18 23:43:31'),
(185, 1, 'BRB Cable BYA (1x1.3 RM)', 1192, 1247, '2016-01-18 23:44:24', '2016-01-18 23:44:24'),
(186, 1, 'BRB Cable BYA (1x1.5 RM)', 1359, 1422, '2016-01-18 23:45:36', '2016-01-18 23:45:36'),
(187, 1, 'BRB Cable BYA (1x2.0 RM)', 1810, 1894, '2016-01-18 23:46:31', '2016-01-18 23:46:31'),
(188, 1, 'BRB Cable BYA (1x2.5 RM)', 2180, 2281, '2016-01-18 23:47:02', '2016-01-18 23:47:02'),
(189, 1, 'BRB Cable BYA (1x3.0 RM)', 2627, 2750, '2016-01-18 23:47:35', '2016-01-18 23:47:35'),
(190, 1, 'BRB Cable BYA (1x4.0 RM)', 3395, 3552, '2016-01-18 23:48:10', '2016-01-18 23:48:10'),
(191, 1, 'BRB Cable BYA (1x4.5 RM)', 3867, 4046, '2016-01-18 23:49:11', '2016-01-18 23:49:11'),
(192, 1, 'BRB Cable BYA (1x6.0 RM)', 5069, 5305, '2016-01-18 23:49:58', '2016-01-18 23:49:58'),
(193, 1, 'BRB Cable BYA (1x7.0 RM)', 5853, 6125, '2016-01-18 23:50:43', '2016-01-18 23:50:43'),
(194, 1, 'Bizli Cabile Flexible (2x0.4 RM) 14/76 Round', 11371, 1542, '2016-01-19 00:04:12', '2016-01-19 00:04:12'),
(195, 1, 'BIzli Cabile T/T (2X 0.4RM) 14/76', 862, 970, '2016-01-19 00:05:54', '2016-01-19 00:05:54'),
(196, 1, 'BIzli Cabile T/T (2X 0.65RM) 23/76', 1322, 1487, '2016-01-19 00:06:47', '2016-01-19 00:06:47'),
(197, 1, 'BIzli Cabile F/T (2X 0.4RM) 14/76', 1149, 1293, '2016-01-19 00:07:51', '2016-01-19 00:07:51'),
(198, 1, 'BIzli Cabile F/T (2X 0.65RM) 23/76', 1656, 1863, '2016-01-19 00:08:31', '2016-01-19 00:08:31'),
(199, 9, 'Dosen (White) 1 Gang Switch', 65, 68, '2016-01-19 00:12:14', '2016-01-19 00:12:14'),
(200, 9, 'Dosen (White) 2 Gang Switch', 126, 136, '2016-01-19 00:13:05', '2016-01-19 00:13:05'),
(201, 9, 'Dosen (White) 3 Gang Switch', 158, 172, '2016-01-19 00:13:49', '2016-01-19 00:13:49'),
(202, 9, 'Dosen (White) 4 Gang Switch', 172, 220, '2016-01-19 00:14:43', '2016-01-19 00:14:43'),
(203, 9, 'Dosen (White) 2 Pin socket with Switch', 172, 220, '2016-01-19 00:15:30', '2016-01-23 20:47:36'),
(204, 9, 'Dosen (White) 13A Combibe socket with Switch', 195, 230, '2016-01-19 00:17:23', '2016-01-23 20:47:20'),
(205, 9, 'Dosen (White)  T.V Socket', 165, 180, '2016-01-19 00:18:32', '2016-01-23 20:46:41'),
(206, 9, 'Dosen (White)  Talephone Socket', 165, 180, '2016-01-19 00:19:22', '2016-01-23 20:47:00'),
(207, 9, 'Dosen (White)  Bell Push', 165, 180, '2016-01-19 00:20:37', '2016-01-19 00:20:37'),
(208, 9, 'Dosen (White)  Fan Dimmer With Switch', 317, 345, '2016-01-19 00:22:01', '2016-01-19 00:22:01'),
(209, 9, 'Dosen (White)  DP Switch', 267, 297, '2016-01-19 00:23:18', '2016-01-19 00:23:18'),
(210, 9, 'Dosen (Gold) 1 Gang Switch', 72, 78, '2016-01-19 00:24:09', '2016-01-19 00:24:09'),
(211, 9, 'Dosen (Gold) 2 Gang Switch', 140, 156, '2016-01-19 00:24:56', '2016-01-19 00:24:56'),
(212, 9, 'Dosen (Gold) 3 Gang Switch', 180, 200, '2016-01-19 00:25:39', '2016-01-19 00:25:39'),
(213, 9, 'Dosen (Gold) 4 Gang Switch', 195, 216, '2016-01-19 00:26:15', '2016-01-19 00:26:15'),
(214, 9, 'Dosen (Gold)  Bell Push', 180, 200, '2016-01-19 00:27:41', '2016-01-19 00:27:41'),
(215, 9, 'Dosen (Gold) 2 Pin socket with Switch', 273, 304, '2016-01-19 00:28:58', '2016-01-23 20:46:24'),
(216, 9, 'Dosen (Gold) 13A Combibe socket with Switch', 209, 230, '2016-01-19 00:29:44', '2016-01-23 20:46:08'),
(217, 9, 'Dosen (Gold)  T.V Socket', 180, 200, '2016-01-19 00:31:10', '2016-01-23 20:44:43'),
(218, 9, 'Dosen (Gold) Fan Dimmer With Switch', 338, 378, '2016-01-19 00:33:14', '2016-01-19 00:39:19'),
(219, 9, 'Dosen (Gold)  DP Switch', 280, 312, '2016-01-19 00:34:28', '2016-01-19 00:34:28'),
(222, 4, ' Starter S-10 Philips', 6, 10, '2016-01-19 00:44:08', '2016-01-19 00:44:08'),
(223, 4, 'Tube Coil mechanical (Australian)', 130, 170, '2016-01-19 00:47:44', '2016-01-19 00:47:44'),
(224, 4, 'Tube Coil Atuo (Osaka/Cata)', 90, 120, '2016-01-19 00:48:34', '2016-01-19 00:48:34'),
(225, 4, 'Tube Coil Atuo CBE', 199, 220, '2016-01-19 00:49:46', '2016-01-19 00:49:46'),
(226, 4, 'Tube Holdar (S.R) 2Pcs', 28, 40, '2016-01-19 00:50:56', '2016-01-19 00:50:56'),
(227, 13, '1 Hool Switch Board', 8.5, 12, '2016-01-19 01:45:14', '2016-01-19 01:45:14'),
(228, 13, '2 Hool Switch Board', 11.8, 16, '2016-01-19 01:46:17', '2016-01-19 01:46:17'),
(229, 13, '3 Hool Switch Board', 15, 22, '2016-01-19 01:46:50', '2016-01-19 01:46:50'),
(230, 13, '4 Hool Switch Board', 18, 28, '2016-01-19 01:47:38', '2016-01-19 01:47:38'),
(231, 13, '5 Hool Switch Board', 22, 32, '2016-01-19 01:48:09', '2016-01-19 01:48:09'),
(232, 13, '6 Hool Switch Board', 28, 38, '2016-01-19 01:50:24', '2016-01-19 01:50:24'),
(233, 1, 'Noyon Alominiam (1x1.3 RM)', 250, 300, '2016-01-19 01:51:34', '2016-01-19 01:51:34'),
(234, 1, 'Noyon Alominiam (1x2.3 RM)', 310, 370, '2016-01-19 01:52:05', '2016-01-19 01:52:05'),
(235, 17, 'Maulti (M-2014) Tania Power', 150, 200, '2016-01-19 01:54:27', '2016-01-19 01:54:27'),
(236, 17, 'Maulti (M-2015) Tania Power', 140, 190, '2016-01-19 01:55:04', '2016-01-19 01:55:04'),
(237, 17, 'Maulti (M-2016) Tania Power', 155, 220, '2016-01-19 01:55:34', '2016-01-19 01:55:34'),
(238, 17, 'Maulti (M-2017) Tania Power', 140, 230, '2016-01-19 01:56:07', '2016-01-19 01:56:07'),
(239, 17, 'Maulti (M-2012) Tania Power', 85, 110, '2016-01-19 01:56:57', '2016-01-19 01:56:57'),
(240, 13, '6X8 Switch Board', 48, 75, '2016-01-19 01:57:59', '2016-01-19 01:57:59'),
(241, 13, '8x10 Switch Board', 69, 90, '2016-01-19 01:58:43', '2016-01-19 01:58:43'),
(243, 14, 'Winer Model Switch (1 Way)', 9.5, 15, '2016-01-19 02:28:32', '2016-01-19 02:28:32'),
(244, 14, 'Winer Model Soket', 9.5, 15, '2016-01-19 02:29:10', '2016-01-19 02:51:13'),
(245, 14, 'Winer Model Indicotar ', 10, 17, '2016-01-19 02:30:50', '2016-01-19 02:30:50'),
(246, 14, 'Winer Model Fuse', 11, 20, '2016-01-19 02:31:26', '2016-01-19 02:31:26'),
(247, 14, 'Appollo Fan dimmer (Bobi)', 40, 70, '2016-01-19 02:32:41', '2016-01-20 22:57:24'),
(255, 12, 'Superstar Round Batten Holder ', 31.5, 40, '2016-01-19 02:54:06', '2016-02-07 22:22:14'),
(256, 15, 'Cup Washer', 4, 12, '2016-01-19 02:57:02', '2016-01-19 02:57:02'),
(257, 15, '5X5 (Squre) Avonight Shit ', 14, 18, '2016-01-19 03:07:24', '2016-01-19 03:07:24'),
(258, 15, '7X5 (Squre) Avonight Shit', 20, 25, '2016-01-19 03:09:49', '2016-01-19 03:09:49'),
(259, 15, '4X4 (Squre) Avonight Shit', 13, 17, '2016-01-19 03:10:42', '2016-01-19 03:10:42'),
(260, 15, '4X6 (Squre) Avonight Shit', 17, 22, '2016-01-19 03:11:16', '2016-01-19 03:11:16'),
(261, 15, '5X5 (Round) Avonight Shit', 16, 23, '2016-01-19 03:13:08', '2016-01-19 03:13:08'),
(262, 15, '7X7 (Round) Avonight Shit', 22, 28, '2016-01-19 03:13:50', '2016-01-19 03:13:50'),
(263, 15, '10x12 (Squre) Avonight Shit', 38, 45, '2016-01-19 03:14:46', '2016-01-19 03:14:46'),
(264, 18, '25In Remote (Master)', 34, 80, '2016-01-19 03:18:35', '2016-01-19 03:19:58'),
(265, 18, 'LG Remote (Master)', 85, 120, '2016-01-19 03:19:30', '2016-01-19 03:19:30'),
(266, 18, 'Walton Remote (Master)', 88, 130, '2016-01-19 03:20:39', '2016-01-19 03:20:39'),
(267, 18, 'Sony Remote (Msater)', 85, 120, '2016-01-19 03:21:12', '2016-01-19 03:21:12'),
(268, 18, 'Walton Remote (Low Baton)', 56, 90, '2016-01-19 03:24:07', '2016-01-19 03:26:32'),
(269, 18, 'Walton Remote (Hig Baton)', 60, 95, '2016-01-19 03:26:01', '2016-01-19 03:26:01'),
(270, 18, 'TCL Remote', 63, 120, '2016-01-19 03:27:22', '2016-01-19 03:27:22'),
(271, 18, '301 Model Remote', 48, 85, '2016-01-19 03:27:50', '2016-01-19 03:27:50'),
(272, 18, 'Myone Remote Long', 72, 130, '2016-01-19 03:28:29', '2016-01-19 03:28:29'),
(273, 18, 'Singer Big Remote', 70, 130, '2016-01-19 03:29:04', '2016-01-19 03:29:04'),
(274, 18, 'DVD-1205 Remote', 48, 90, '2016-01-19 03:29:47', '2016-01-19 03:29:47'),
(275, 18, 'DVD 101 remote', 36, 80, '2016-01-19 03:31:12', '2016-01-21 09:34:20'),
(276, 18, 'Singer (Small&Black) Remote', 57, 130, '2016-01-19 03:33:54', '2016-01-19 03:33:54'),
(277, 18, 'Royel Remote', 70, 120, '2016-01-19 03:34:27', '2016-01-19 03:34:27'),
(278, 18, 'TV card Remote (combo009)', 70, 120, '2016-01-19 03:35:02', '2016-02-06 19:30:29'),
(279, 18, 'Daily Max (Remote batary)', 6, 10, '2016-01-19 03:38:19', '2016-01-19 03:47:45'),
(280, 18, 'Olympic Gold (Pancile Batary)', 7.9, 10, '2016-01-19 03:40:03', '2016-01-19 03:46:55'),
(281, 18, 'Olympic Havey Duty (Pancile Batary)', 8.5, 12, '2016-01-19 03:46:09', '2016-01-19 03:46:09'),
(282, 16, 'Barthroom Shade (Small)', 260, 290, '2016-01-19 05:28:04', '2016-01-19 05:28:04'),
(283, 9, 'NRB 1 Gang Switch ', 63, 80, '2016-01-19 05:31:07', '2016-01-19 05:31:07'),
(284, 9, 'NRB 2 Gang Switch', 126, 150, '2016-01-19 05:31:41', '2016-01-19 05:31:41'),
(285, 9, 'NRB 3 Gang Switch', 174, 210, '2016-01-19 05:32:19', '2016-01-19 05:32:19'),
(286, 9, 'NRB 4 Gang Switch', 243, 280, '2016-01-19 05:33:11', '2016-01-19 05:33:11'),
(287, 9, 'NRB 13A multi Socket With Switch', 182, 230, '2016-01-19 05:33:59', '2016-01-23 20:54:09'),
(288, 9, 'NRB 2Pin Socket With Switch', 185, 230, '2016-01-19 05:34:49', '2016-01-23 20:55:12'),
(289, 9, 'NRB TV Socket ', 204, 230, '2016-01-19 05:35:23', '2016-01-23 20:56:01'),
(290, 9, 'NRB Bell Push', 148, 180, '2016-01-19 05:36:34', '2016-01-19 05:36:34'),
(291, 9, 'NRB Fan Dimmar Without Switch', 250, 320, '2016-01-19 05:38:30', '2016-01-29 00:52:38'),
(292, 9, 'NRB 15A Combine Socket', 272, 310, '2016-01-19 05:39:11', '2016-01-23 20:54:39'),
(293, 16, 'Keya Sochar (Round) 22W', 150, 180, '2016-01-19 05:41:30', '2016-01-20 00:00:23'),
(294, 16, 'Yonglide 21W (Round With Light)', 200, 250, '2016-01-19 05:47:40', '2016-01-19 05:47:40'),
(295, 16, 'Keya Plus 65W Lamp Shade', 420, 480, '2016-01-19 05:48:48', '2016-01-19 23:59:26'),
(296, 21, '15A China Fuse', 22, 35, '2016-01-19 05:51:22', '2016-01-19 05:51:22'),
(297, 21, '30A China Fuse (Whte)', 58, 75, '2016-01-19 05:53:08', '2016-01-28 04:25:17'),
(298, 13, '7 Hool Switch Board', 29, 38, '2016-01-19 06:08:09', '2016-01-19 06:08:09'),
(299, 13, '8 Hool Switch Board', 32, 42, '2016-01-19 06:08:41', '2016-01-19 06:08:41'),
(300, 16, 'Barthroom Shade (Big)', 280, 350, '2016-01-19 06:11:52', '2016-01-19 06:11:52'),
(301, 16, 'AST 7" Glass Socar (Round)', 265, 310, '2016-01-19 06:15:22', '2016-01-19 06:15:22'),
(302, 16, 'Gate (Round Bull) Lamp Shade', 230, 290, '2016-01-19 06:18:08', '2016-01-19 06:18:08'),
(303, 16, 'Keya Security (Out Door) En.Saving', 110, 140, '2016-01-19 06:22:45', '2016-01-20 00:00:10'),
(307, 23, 'Cona Bell Push (Indian)', 22, 30, '2016-01-19 09:33:34', '2016-01-19 09:33:34'),
(309, 23, 'Cona Switch (Indian)', 19.5, 25, '2016-01-19 09:34:17', '2016-01-19 09:34:17'),
(311, 23, 'Cona Socket (Indian)', 19.5, 25, '2016-01-19 09:35:28', '2016-01-23 20:47:56'),
(314, 23, 'Cona Fuse (indian)', 38, 45, '2016-01-19 09:37:00', '2016-01-19 09:37:00'),
(315, 23, 'Cona Indicator (Indian)', 25, 35, '2016-01-19 09:37:44', '2016-01-19 09:37:44'),
(316, 23, 'Cona Combine Socket (Indian)', 155, 180, '2016-01-19 09:39:19', '2016-01-23 20:45:28'),
(317, 23, 'Cona DP Switch (Indian)', 130, 160, '2016-01-19 09:39:57', '2016-01-19 09:39:57'),
(318, 23, 'Cona Calling Bell (Ding Dong)', 130, 160, '2016-01-19 09:43:44', '2016-01-19 09:43:44'),
(319, 22, 'P-212 (Adaptor Holdar With Ring)', 22.5, 28, '2016-01-20 00:09:36', '2016-01-20 00:09:36'),
(320, 22, 'P-417 (Adaptor Holader) E27', 14, 20, '2016-01-20 00:11:05', '2016-01-20 00:11:05'),
(321, 22, 'P-68 (Tumbler Switch) Squre Tipe', 55, 65, '2016-01-20 00:13:22', '2016-01-20 00:13:22'),
(322, 22, 'P-66 (20A Tumbler Switch) Squre Tipe', 68, 75, '2016-01-20 00:16:02', '2016-01-20 00:16:02'),
(323, 22, 'P-75 (Bed Switch) White plastic', 17, 25, '2016-01-20 00:17:38', '2016-01-20 00:17:38'),
(324, 22, 'P-178 (Bed Switch) White All Body indicator', 22, 30, '2016-01-20 00:19:41', '2016-01-20 00:19:41'),
(325, 22, 'P-28 (8A 2Pin Socket)', 39, 45, '2016-01-20 00:21:34', '2016-01-23 21:01:17'),
(326, 22, 'P-34 (15A 3Pin Soke) Squre Type', 66, 75, '2016-01-20 00:24:02', '2016-01-20 00:24:02'),
(327, 22, 'P-73 DP Mainn Switch', 257, 300, '2016-01-20 00:29:20', '2016-01-20 00:29:20'),
(328, 22, 'P-401 (45A DP Switch)', 160, 250, '2016-01-20 00:30:33', '2016-01-29 00:36:55'),
(332, 22, 'P-03 (2Pin pvc Plug)', 12, 15, '2016-01-20 00:34:13', '2016-01-20 00:34:13'),
(333, 22, 'P-11 (Multi Plug indicator) 2Pin', 24, 30, '2016-01-20 00:35:53', '2016-01-20 00:35:53'),
(334, 22, 'P-12 (Multi Plug indicator) 2Pin', 17.25, 25, '2016-01-20 00:36:50', '2016-01-20 00:36:50'),
(335, 22, 'P-14 Toyo (3Pin Plug)', 25, 35, '2016-01-20 00:40:42', '2016-01-20 00:40:42'),
(336, 22, 'P-20 (3Pin Round Plug)', 50, 65, '2016-01-20 00:42:08', '2016-01-20 00:42:08'),
(337, 22, 'P-201 (Industrial Holdar)', 22, 30, '2016-01-20 00:43:53', '2016-01-20 00:43:53'),
(338, 15, 'Hamar Drill bit (6.5mm) ', 30, 45, '2016-01-20 07:01:08', '2016-01-20 07:01:08'),
(339, 15, 'Drill bit (6.5mm) Without Hamar', 25, 35, '2016-01-20 07:02:58', '2016-01-20 07:02:58'),
(340, 24, 'Chola Big (S.S)', 90, 130, '2016-01-20 07:08:53', '2016-01-20 07:10:55'),
(341, 24, 'Chola Small (Squre)', 85, 110, '2016-01-20 07:09:49', '2016-01-20 07:11:30'),
(342, 24, 'Chola Small (Round)', 75, 90, '2016-01-20 07:10:37', '2016-01-20 07:10:37'),
(343, 24, 'Heater Plate Dhakar (Small)', 12, 30, '2016-01-20 07:13:35', '2016-01-20 07:13:35'),
(346, 24, 'Heater Plate Dhakar (Big)', 18, 35, '2016-01-20 07:14:38', '2016-01-20 07:14:38'),
(347, 24, 'Heater Plate Normal (Small)', 8, 15, '2016-01-20 07:15:21', '2016-01-20 07:15:21'),
(348, 24, 'Heater Plate Normal (Big)', 15, 25, '2016-01-20 07:16:14', '2016-01-20 07:16:14'),
(349, 24, 'Tiger 16A Ceramic Switch', 48, 65, '2016-01-20 07:25:28', '2016-01-20 07:26:45'),
(350, 24, 'Tiger 16A Ceramic 3Pin Socket', 45, 60, '2016-01-20 07:26:23', '2016-01-23 20:56:51'),
(351, 12, 'Electron Batten Holder (Round)', 25, 30, '2016-01-20 09:52:27', '2016-01-20 09:53:59'),
(352, 12, 'Electron Batten Holder (8 Conar)E27', 25, 35, '2016-01-20 09:53:35', '2016-01-20 09:53:35'),
(353, 12, 'Electron Batten Holder (8 Conar)B22', 25, 35, '2016-01-20 09:54:36', '2016-01-20 09:54:36'),
(354, 12, 'Ceiling Rose Elctron (Squre)', 20, 25, '2016-01-20 22:50:36', '2016-01-20 22:50:36'),
(355, 12, 'Ceiling Rose Elctron (Round)', 20, 25, '2016-01-20 22:51:39', '2016-01-20 22:51:39'),
(356, 12, 'Superstar (Angel) Batten Holder', 34, 40, '2016-01-20 22:55:27', '2016-01-20 22:55:27'),
(357, 14, 'Superstar PC Switch', 23.75, 28, '2016-01-20 22:58:35', '2016-01-20 22:58:35'),
(358, 14, 'Superstar PC Socket', 24, 30, '2016-01-20 22:59:38', '2016-01-20 22:59:38'),
(359, 14, 'Superstar PC Indicato', 27, 35, '2016-01-20 23:00:23', '2016-01-20 23:00:23'),
(360, 14, 'Superstar PC Fuse', 31, 42, '2016-01-20 23:01:02', '2016-01-20 23:01:02'),
(361, 14, 'Superstar PC Fan Dimmer', 135, 150, '2016-01-20 23:01:48', '2016-01-20 23:01:48'),
(362, 14, 'Superstar PC Bell Push', 28, 35, '2016-01-20 23:02:34', '2016-01-20 23:02:34'),
(363, 12, 'Daly Batten Hodar( Round)', 22, 30, '2016-01-20 23:03:59', '2016-01-20 23:03:59'),
(364, 12, 'BRIST Batten  Holder (Round)', 17, 28, '2016-01-20 23:05:42', '2016-01-20 23:05:42'),
(365, 12, 'Rubi Pendent Holder', 7.5, 15, '2016-01-20 23:06:57', '2016-02-07 22:21:14'),
(366, 21, '16A Indian Catout', 38, 45, '2016-01-20 23:10:53', '2016-01-20 23:10:53'),
(367, 21, '32A Indian Catout', 90, 110, '2016-01-20 23:11:30', '2016-01-20 23:11:30'),
(368, 21, '63A Indina Catout', 190, 220, '2016-01-20 23:12:26', '2016-01-20 23:12:26'),
(369, 24, 'Heater Coil 1000W (Lion)', 15, 20, '2016-01-20 23:14:39', '2016-01-20 23:15:31'),
(370, 24, 'Heater Coil 1500W (Lion)', 19, 25, '2016-01-20 23:16:18', '2016-01-20 23:16:18'),
(372, 24, 'Heater Coil 2000W (Lion)', 22, 30, '2016-01-20 23:17:08', '2016-01-20 23:17:08'),
(373, 24, 'Heater Coil 15000W (Nemco)', 25, 30, '2016-01-20 23:18:12', '2016-01-20 23:18:12'),
(374, 12, 'Pendent Holder E27', 12, 25, '2016-01-20 23:20:25', '2016-01-20 23:20:25'),
(375, 24, '6x8 Kath Board', 25, 30, '2016-01-20 23:29:53', '2016-01-20 23:29:53'),
(376, 13, '1/2" Hosepipe RFl', 2, 4, '2016-01-20 23:33:32', '2016-01-20 23:36:20'),
(377, 24, 'Aluminiam  stick (2Pcs)', 4, 9, '2016-01-20 23:34:30', '2016-01-24 06:53:27'),
(378, 13, '4x4 Pvc Board(Holder)', 8, 15, '2016-01-21 02:38:19', '2016-01-21 02:38:19'),
(381, 13, '6x4 Pvc Board singel (Holder)', 16.25, 25, '2016-01-21 02:41:17', '2016-01-21 02:41:17'),
(382, 13, '6x4 Pvc Board Double pert (Holder)', 30, 45, '2016-01-21 02:46:46', '2016-01-21 02:46:46'),
(383, 1, 'Appollo 70/76 (3Core Round) Cable', 55, 90, '2016-01-21 02:48:25', '2016-01-21 02:48:25'),
(384, 26, '2Pin Rabar Plug (local)', 6.25, 15, '2016-01-21 02:56:56', '2016-02-07 22:23:53'),
(385, 26, 'Noyon 2Pin Pvc Soket (Round)', 8, 15, '2016-01-21 03:00:00', '2016-01-21 03:00:00'),
(386, 26, '3pin multi function socket (Local)', 15, 25, '2016-01-21 03:01:32', '2016-01-31 07:23:18'),
(388, 26, '2Pin Plug (Kitty)', 29, 35, '2016-01-21 03:05:07', '2016-01-21 03:05:07'),
(389, 12, 'EG Batten Holder', 59.5, 70, '2016-01-21 07:33:08', '2016-01-27 04:37:26'),
(391, 18, 'TCL Remot (TC-01)', 62, 130, '2016-01-21 09:31:59', '2016-01-21 09:31:59'),
(392, 13, '1" RFL Band', 8, 9, '2016-01-23 20:39:41', '2016-01-23 20:39:41'),
(393, 13, '1" RFL Pipe (without Socket)', 48, 55, '2016-01-23 20:43:18', '2016-02-05 23:05:00'),
(394, 13, '1" BRB Socket Pipe ', 80, 85, '2016-01-23 21:19:18', '2016-02-05 23:02:29'),
(395, 4, 'CATA  Tube Shaid (Grill)', 650, 850, '2016-01-24 04:21:40', '2016-01-24 04:21:40'),
(397, 5, '100W Supar Bulb', 15, 25, '2016-01-24 07:35:38', '2016-01-24 07:35:38'),
(398, 5, '60W Supar Bulb', 13.5, 20, '2016-01-24 07:36:15', '2016-01-24 07:36:15'),
(399, 5, '40W Supar Bulb', 13.5, 20, '2016-01-24 07:36:49', '2016-01-24 07:36:49'),
(400, 5, '25W Supar Bulb', 13.5, 20, '2016-01-24 07:37:22', '2016-01-24 07:37:22'),
(401, 8, 'SP 6A MCB legrand ', 110, 180, '2016-01-24 07:44:41', '2016-01-24 07:44:41'),
(402, 8, 'SP 10A MCB legrand', 110, 180, '2016-01-24 07:45:22', '2016-01-24 07:45:22'),
(403, 8, 'SP 16A MCB legrand', 110, 180, '2016-01-24 07:46:05', '2016-01-24 07:46:05'),
(404, 8, 'SP 20A MCB legrand', 110, 180, '2016-01-24 07:46:40', '2016-01-24 07:46:40'),
(405, 8, 'SP 32A MCB legrand', 110, 180, '2016-01-24 07:47:25', '2016-01-24 07:47:25'),
(406, 8, 'DP 20A Legrand', 220, 360, '2016-01-24 07:48:53', '2016-01-24 07:48:53'),
(407, 8, 'DP 32A Legrand', 220, 360, '2016-01-24 07:49:32', '2016-01-24 07:49:32'),
(408, 8, 'DP 40A Legrand', 220, 360, '2016-01-24 07:50:14', '2016-01-24 07:50:14'),
(409, 8, 'DP 63A Legrand', 220, 360, '2016-01-24 07:51:03', '2016-01-24 07:51:03'),
(410, 26, 'Ceramic (2Pin Socket) Local', 25, 35, '2016-01-24 07:55:34', '2016-01-24 07:56:18'),
(411, 17, 'Firefly 5Way multi Plug', 380, 450, '2016-01-24 20:32:09', '2016-01-24 20:32:09'),
(412, 17, 'Victor Supar (VS-03) Round Multi Plug', 110, 160, '2016-01-24 20:33:26', '2016-01-24 20:33:26'),
(413, 16, 'Downlight Casing (Big)', 110, 130, '2016-01-24 20:39:20', '2016-01-24 20:39:20'),
(414, 6, 'Meter BOX (PVC)', 55, 70, '2016-01-24 20:48:19', '2016-01-24 20:48:19'),
(415, 28, 'National Safe', 5, 6, '2016-01-25 02:27:21', '2016-01-25 02:27:21'),
(416, 26, 'Nokia Travel Adaptor', 12, 20, '2016-01-25 03:33:15', '2016-01-25 03:33:15'),
(417, 26, 'S.R iron Plug', 15, 30, '2016-01-25 03:34:04', '2016-01-25 03:34:04'),
(418, 26, '13A 3pin Plug (wiht Fuse) Woz', 25, 40, '2016-01-25 03:36:14', '2016-01-25 03:36:14'),
(419, 26, 'Tiger Multi Socket(With Fuse)', 45, 65, '2016-01-25 03:37:24', '2016-01-25 03:37:24'),
(420, 12, 'NEP Pnadent Adaptor Holdar', 20, 30, '2016-01-25 03:39:37', '2016-01-25 03:39:37'),
(421, 1, 'BBS Cable BAY TT (2x0.4)Rm 14/76', 890, 1200, '2016-01-25 05:29:35', '2016-02-02 17:26:44'),
(422, 30, '1 Pound Colour (Enamel paint)', 85, 110, '2016-01-25 07:01:28', '2016-01-25 07:11:01'),
(423, 30, '1/2 Pound Colour (Enamel paint)', 48, 55, '2016-01-25 07:03:30', '2016-01-25 07:12:40'),
(424, 25, 'A/C cord (for Charger) Short', 18, 30, '2016-01-25 07:13:46', '2016-01-25 07:13:46'),
(425, 25, 'A/C cord (for Charger)long', 25, 40, '2016-01-25 07:14:37', '2016-01-25 07:14:37'),
(426, 25, '2 In 1 Sound Cord', 17, 30, '2016-01-25 07:17:04', '2016-01-25 07:17:04'),
(427, 13, '1/2 Band (Normal)', 1.7, 3, '2016-01-25 21:15:52', '2016-01-25 21:15:52'),
(428, 12, 'Electron Batten Holder (Big)', 28, 45, '2016-01-25 21:16:58', '2016-01-25 21:16:58'),
(429, 12, 'Ceiling Rose Elctron (Big)', 30, 45, '2016-01-25 21:19:45', '2016-01-25 21:19:45'),
(430, 13, '6x8 Plene Board', 30, 45, '2016-01-25 21:50:05', '2016-01-25 21:50:05'),
(431, 8, 'MCCB (LG Ship) 60A', 550, 1200, '2016-01-25 22:06:45', '2016-01-25 22:06:45'),
(432, 31, 'A/C Magnetic Stater (D11)', 660, 750, '2016-01-25 22:47:14', '2016-01-25 22:47:14'),
(433, 31, 'Change Over (16A> 3 PH)', 450, 550, '2016-01-25 22:49:45', '2016-01-25 22:49:45'),
(434, 31, 'Change Over (32A> 3 PH)', 650, 700, '2016-01-25 22:50:16', '2016-01-25 22:50:16'),
(435, 9, 'Superstar 1Gang Switch', 70, 80, '2016-01-26 00:25:04', '2016-01-26 00:25:04'),
(436, 9, 'Superstar 4Gang Switch', 215, 240, '2016-01-26 00:25:30', '2016-01-26 00:25:30'),
(437, 9, 'Superstar 6Pin Combine Socket', 240, 280, '2016-01-26 00:26:25', '2016-01-26 00:26:25'),
(438, 27, '60UF Motor Capactor', 85, 140, '2016-01-27 03:11:05', '2016-01-27 03:11:05'),
(439, 12, 'Energy Pac Holder E27', 38.25, 45, '2016-01-27 04:38:46', '2016-01-27 04:38:46'),
(440, 1, 'SQ Cable (1x10.0 RM) 7W', 8244, 9000, '2016-01-27 19:42:13', '2016-01-27 20:34:05'),
(441, 1, 'SQ Cable 4/C', 2284, 2295, '2016-01-27 20:31:23', '2016-01-27 20:31:23'),
(442, 21, '100A Indina Catout', 290, 320, '2016-01-28 03:39:35', '2016-01-28 03:39:35'),
(443, 2, 'CBE 45W Energy Light', 490, 580, '2016-01-28 19:34:40', '2016-01-28 19:34:40'),
(444, 2, 'CBE 30W Energy Light', 198, 270, '2016-01-28 19:37:20', '2016-01-28 19:37:20'),
(445, 10, '4 Gang Local Still Board', 85, 110, '2016-01-28 22:03:10', '2016-01-28 22:03:10'),
(446, 10, '4x4 local Still Board', 16, 26, '2016-01-28 22:21:15', '2016-01-28 22:21:15'),
(447, 10, '6x16 Seven Colar Still Board', 85, 110, '2016-01-28 22:36:39', '2016-01-28 22:36:39'),
(448, 10, '6x18 Seven Colar Still Board', 95, 120, '2016-01-28 22:37:38', '2016-01-28 22:37:38'),
(449, 10, '2 Gang AGS Still Board', 62, 70, '2016-01-28 22:38:27', '2016-01-28 22:38:27'),
(450, 10, '7x5 Seven Colar Still Board', 48, 55, '2016-01-28 22:43:51', '2016-01-28 22:43:51'),
(451, 10, '3x10 Seven Colar Still Board', 60, 70, '2016-01-28 22:50:30', '2016-01-28 22:50:30'),
(452, 7, 'FG Gold Fan Still Bleed', 1380, 1750, '2016-01-28 23:18:24', '2016-01-28 23:18:24'),
(453, 7, 'Phonix Fan', 1250, 1400, '2016-01-28 23:19:00', '2016-01-28 23:19:00'),
(454, 7, 'Air Cool stand Fan', 2350, 2650, '2016-01-28 23:20:05', '2016-01-28 23:20:05'),
(455, 27, '16UF Motor Capacitor', 85, 125, '2016-01-28 23:32:23', '2016-01-28 23:32:23'),
(456, 27, '30UF Motor Capacitor', 90, 130, '2016-01-28 23:32:51', '2016-01-28 23:32:51'),
(457, 27, '40UF Motor Capacitor', 105, 135, '2016-01-28 23:33:18', '2016-01-28 23:33:18'),
(458, 27, '35UF Motor Capacitor', 90, 125, '2016-01-28 23:33:38', '2016-01-28 23:33:38'),
(459, 27, '45UF Motor Capacitor', 115, 140, '2016-01-28 23:34:10', '2016-01-28 23:34:10'),
(460, 27, '50UF Motor Capacitor', 110, 150, '2016-01-28 23:34:32', '2016-01-28 23:34:32'),
(461, 27, '60UF Motor Capacitor', 120, 150, '2016-01-28 23:34:55', '2016-01-28 23:34:55'),
(462, 27, '87UF Motor Capacitor', 140, 180, '2016-01-28 23:35:20', '2016-01-28 23:35:20'),
(463, 18, 'Nova Tv Remote', 68, 120, '2016-01-29 00:19:56', '2016-01-29 00:19:56'),
(464, 18, 'AAG TV Remote (F21E1)', 70, 110, '2016-01-29 00:20:47', '2016-01-29 00:20:47'),
(465, 18, 'Myone Remote (Short)', 80, 125, '2016-01-29 00:21:26', '2016-01-29 00:21:26'),
(466, 18, 'Western Tv Remote', 60, 110, '2016-01-29 00:21:59', '2016-01-29 00:21:59'),
(467, 9, 'Superstar TV socket', 140, 160, '2016-01-29 00:31:10', '2016-01-29 00:31:10'),
(468, 9, 'MK DP Switch', 145, 250, '2016-01-29 01:09:30', '2016-01-29 01:09:30'),
(469, 9, 'MK 4Gang Switch', 140, 190, '2016-01-29 01:09:57', '2016-01-29 01:09:57'),
(470, 9, 'MK 1 Gang Switch', 45, 70, '2016-01-29 01:10:25', '2016-01-29 01:10:25'),
(471, 1, 'Hardwon Round 14/76', 600, 1000, '2016-01-30 22:25:48', '2016-01-30 22:25:48'),
(472, 1, 'Paradise Cable (1x1.3rm) ', 1170, 1250, '2016-01-30 22:27:01', '2016-01-30 22:27:01'),
(473, 8, 'Mcb UNL1 DP 32A', 650, 850, '2016-01-30 22:50:14', '2016-01-30 22:50:14'),
(474, 8, 'SP 63A legrand ', 110, 180, '2016-01-30 22:53:48', '2016-01-30 22:53:48'),
(475, 3, 'led Dim Light(local)', 25, 40, '2016-01-31 18:40:53', '2016-01-31 18:40:53'),
(476, 5, '200W Philips CL', 44, 50, '2016-01-31 20:34:11', '2016-01-31 20:34:11'),
(477, 13, 'Cona Combine Board', 17, 25, '2016-01-31 20:39:05', '2016-01-31 20:39:05'),
(478, 14, 'bed switch (Local)', 12, 20, '2016-01-31 22:29:55', '2016-01-31 22:29:55'),
(479, 1, 'BBS Cable FT (2x0.4)Rm', 1335, 1500, '2016-02-01 00:30:43', '2016-02-01 00:30:43'),
(480, 13, '1" RFL Circular Box', 8, 12, '2016-02-01 01:03:54', '2016-02-01 01:03:54'),
(481, 13, '1" RFL Socket', 4, 5.5, '2016-02-01 01:11:11', '2016-02-01 01:11:11'),
(482, 13, '1" RFL Elbow', 5.5, 7, '2016-02-01 01:14:34', '2016-02-01 01:14:34'),
(483, 13, '1/2" Circular Box (Normal)', 3, 5, '2016-02-01 01:18:35', '2016-02-01 01:18:35'),
(484, 13, '1" Band (Normal)', 4, 6, '2016-02-01 01:19:16', '2016-02-01 01:19:16'),
(485, 13, '3/4" Band (Normal)', 4, 6, '2016-02-01 01:19:52', '2016-02-01 01:19:52'),
(486, 13, '3/4" Socket (Normal)', 2, 3, '2016-02-01 01:20:31', '2016-02-01 01:20:31'),
(487, 13, '1" T (Normal)', 4, 6, '2016-02-01 01:22:22', '2016-02-01 01:22:22'),
(488, 13, '3/4 " T (Normal)', 3, 5, '2016-02-01 01:23:31', '2016-02-01 01:23:31'),
(489, 13, '3/4" Elbow (Normal)', 4, 6, '2016-02-01 01:24:11', '2016-02-01 01:24:11'),
(490, 13, '1/2" Socket (Normal)', 2, 3, '2016-02-01 01:24:48', '2016-02-01 01:24:48'),
(491, 29, 'Philips Taster ', 17.5, 25, '2016-02-01 03:03:59', '2016-02-01 03:03:59'),
(492, 29, 'Normal Taster', 12, 20, '2016-02-01 03:04:36', '2016-02-01 03:04:36'),
(493, 29, 'Soups Taster(long)', 25, 35, '2016-02-01 03:05:53', '2016-02-01 03:05:53'),
(494, 13, '3/4" Hosepipe RFl', 3.5, 5, '2016-02-01 18:09:44', '2016-02-01 18:09:44'),
(495, 13, '1.5" Hosepipe RFl', 6.5, 8, '2016-02-01 18:11:07', '2016-02-01 18:11:07'),
(496, 13, '1/2" Rfl White Pipe', 18, 25, '2016-02-01 18:25:07', '2016-02-01 18:25:07'),
(497, 13, '3/4 RFl White Pipe', 28, 35, '2016-02-01 18:27:39', '2016-02-01 18:27:39'),
(498, 13, '3/4" Normal Pipe', 20, 25, '2016-02-01 18:37:19', '2016-02-01 18:37:19'),
(499, 15, '5x5 Ful (round)', 15, 20, '2016-02-02 00:50:53', '2016-02-02 00:52:27'),
(500, 13, '1.5" Chanal Mep', 35, 45, '2016-02-02 00:54:51', '2016-02-02 00:54:51'),
(501, 1, 'Bizli Cable (2X2.0rm) 70/76 Round', 4900, 5500, '2016-02-02 01:54:16', '2016-02-02 01:54:16'),
(502, 25, 'YJ-1859 (18 Led)', 185, 220, '2016-02-02 02:53:03', '2016-02-02 02:53:03'),
(503, 25, 'Yage (Big) Lalp', 235, 260, '2016-02-02 02:54:32', '2016-02-02 02:54:32'),
(504, 32, '20MM Clip', 2.4, 5, '2016-02-02 02:58:10', '2016-02-07 20:25:55'),
(505, 32, '16MM Clip', 2.2, 3, '2016-02-02 02:59:05', '2016-02-02 02:59:05'),
(506, 32, '9MM Clip', 0.45, 1.3, '2016-02-02 18:00:58', '2016-02-02 18:00:58'),
(507, 32, '8MM Clip', 0.5, 0.8, '2016-02-02 18:01:45', '2016-02-02 18:01:45'),
(508, 32, '7MM Clip', 0.5, 0.7, '2016-02-02 18:02:24', '2016-02-02 18:02:24'),
(509, 32, '6MM Clip', 0.45, 0.6, '2016-02-02 18:02:55', '2016-02-02 18:02:55'),
(510, 32, '5MM Clip', 0.35, 0.5, '2016-02-02 18:03:27', '2016-02-02 18:03:27'),
(511, 32, '4MM Clip', 0.3, 0.45, '2016-02-02 18:03:59', '2016-02-02 18:03:59'),
(512, 1, 'DIsh Cable (Mixed)', 750, 1500, '2016-02-02 20:31:26', '2016-02-09 20:45:24'),
(513, 30, '2 pound colour (Enamel print)', 240, 270, '2016-02-02 22:47:58', '2016-02-02 22:47:58'),
(514, 30, 'Tarphin 1pcs', 16, 25, '2016-02-02 22:48:58', '2016-02-02 22:48:58'),
(515, 30, 'Claner 1pcs', 22, 30, '2016-02-02 22:50:47', '2016-02-02 22:50:47'),
(516, 30, 'soliution', 15, 20, '2016-02-02 22:53:04', '2016-02-02 22:53:04'),
(517, 30, '50 ML colour (Enamel print)', 15, 20, '2016-02-02 22:53:54', '2016-02-02 22:53:54'),
(518, 6, 'Estran Metar', 1130, 1160, '2016-02-03 03:25:41', '2016-02-03 03:25:41'),
(519, 19, '1.5" MK Screw', 10, 18, '2016-02-03 19:15:39', '2016-02-03 19:15:39'),
(520, 19, '1." Mathgat Screw', 10, 15, '2016-02-03 19:20:18', '2016-02-03 19:20:18'),
(521, 33, '1"Cup  Hook ', 1.5, 3, '2016-02-05 01:43:22', '2016-02-05 01:44:18'),
(522, 33, '1.5" Cup Hook', 2.2, 5, '2016-02-05 01:44:51', '2016-02-05 01:44:51'),
(523, 33, 'covering pipe', 110, 130, '2016-02-05 01:46:37', '2016-02-05 01:46:37'),
(524, 33, 'covering Clam', 12, 16, '2016-02-05 01:47:33', '2016-02-05 01:47:33'),
(525, 34, 'SS Pin 1.5"', 0.3, 1, '2016-02-05 01:49:38', '2016-02-05 01:49:38'),
(526, 35, 'Favicol Super Glue (Mini)', 15, 20, '2016-02-05 01:56:28', '2016-02-05 01:56:28'),
(527, 35, 'Still Tape ', 40, 60, '2016-02-05 02:00:55', '2016-02-05 02:00:55'),
(528, 35, 'JK Ret ', 25, 30, '2016-02-05 02:02:24', '2016-02-05 02:02:24'),
(529, 35, 'Wather tec (Normol)', 15, 25, '2016-02-05 02:07:37', '2016-02-05 02:07:37'),
(530, 35, 'Watertec (Havy)', 28, 50, '2016-02-05 02:09:28', '2016-02-05 02:09:28'),
(531, 12, 'Sefty Pandent Holder', 20, 25, '2016-02-05 02:44:15', '2016-02-05 02:44:15'),
(532, 3, 'CBE 5W LED Tube Light', 210, 280, '2016-02-05 03:40:24', '2016-02-05 03:40:24'),
(533, 1, 'Normal TT Cable 14/76', 2.5, 5, '2016-02-06 00:18:54', '2016-02-06 00:18:54'),
(534, 36, 'Still jak', 6, 15, '2016-02-06 00:20:13', '2016-02-06 00:20:13'),
(535, 36, 'palstic Jak', 3, 10, '2016-02-06 00:21:18', '2016-02-06 00:21:18'),
(536, 36, 'Conector ', 2, 5, '2016-02-06 00:23:02', '2016-02-06 00:23:02'),
(537, 20, 'TC (20 mm)', 20, 30, '2016-02-06 00:24:02', '2016-02-06 00:24:02'),
(538, 20, 'HMBR 2" Drower lock ', 28, 40, '2016-02-06 00:26:09', '2016-02-06 00:26:09'),
(539, 20, 'Camel 2" Drower lock ', 30, 40, '2016-02-06 00:26:52', '2016-02-06 00:26:52'),
(540, 20, 'BKC Glass lock', 45, 60, '2016-02-06 00:28:10', '2016-02-06 00:28:10'),
(541, 35, '1" Kobza', 7, 10, '2016-02-06 00:29:00', '2016-02-06 00:29:00'),
(542, 35, '2" Kobza', 10, 15, '2016-02-06 00:29:20', '2016-02-06 00:29:20'),
(543, 35, '3" Kobza', 15, 20, '2016-02-06 00:29:43', '2016-02-06 00:29:43'),
(544, 35, 'Berjon Khat', 80, 100, '2016-02-06 00:34:06', '2016-02-06 00:34:06'),
(545, 10, 'Fan Box', 80, 90, '2016-02-06 00:34:34', '2016-02-06 00:34:34'),
(546, 18, 'AST 1CE3 ', 65, 120, '2016-02-06 19:26:15', '2016-02-06 19:26:15'),
(547, 18, 'Singer R-4c07', 62, 130, '2016-02-06 19:32:53', '2016-02-06 19:32:53'),
(548, 18, 'Marsel Blaack', 75, 140, '2016-02-06 19:33:53', '2016-02-06 19:33:53'),
(549, 25, 'Computer Power Cable (2Pin)', 45, 60, '2016-02-06 19:44:19', '2016-02-06 19:44:19'),
(550, 25, 'Torch light (chager)', 75, 140, '2016-02-06 19:46:20', '2016-02-06 19:46:20'),
(551, 25, '1/1 Sound Cord', 16, 25, '2016-02-06 19:47:49', '2016-02-06 19:47:49'),
(552, 18, 'All Mster (Huayu)', 160, 250, '2016-02-06 19:53:12', '2016-02-06 19:53:12'),
(553, 13, '1/2" Normal Chanel', 15, 20, '2016-02-07 00:29:50', '2016-02-07 00:29:50'),
(554, 18, 'konka (master)', 105, 180, '2016-02-07 02:51:03', '2016-02-07 02:51:03');

-- --------------------------------------------------------

--
-- Table structure for table `product_category`
--

CREATE TABLE IF NOT EXISTS `product_category` (
  `cid` int(11) NOT NULL AUTO_INCREMENT,
  `c_name` varchar(100) COLLATE utf8_unicode_ci NOT NULL,
  `created_at` timestamp NULL DEFAULT CURRENT_TIMESTAMP,
  `updated_at` timestamp NULL DEFAULT NULL,
  PRIMARY KEY (`cid`),
  UNIQUE KEY `c_name` (`c_name`)
) ENGINE=InnoDB  DEFAULT CHARSET=utf8 COLLATE=utf8_unicode_ci AUTO_INCREMENT=37 ;

--
-- Dumping data for table `product_category`
--

INSERT INTO `product_category` (`cid`, `c_name`, `created_at`, `updated_at`) VALUES
(1, 'Cable', '2016-01-17 10:36:58', '2016-01-17 10:36:58'),
(2, 'Energy Light', '2016-01-17 10:38:23', '2016-01-17 10:38:23'),
(3, 'LED Light', '2016-01-18 00:18:25', '2016-01-18 00:18:25'),
(4, 'Tube Light + Tube Shade', '2016-01-18 00:18:44', '2016-01-18 06:05:31'),
(5, 'Clear Bulb', '2016-01-18 00:19:42', '2016-01-18 00:19:42'),
(6, 'Meter ', '2016-01-18 00:21:00', '2016-01-18 00:21:00'),
(7, 'Fan', '2016-01-18 01:32:33', '2016-01-24 20:36:23'),
(8, 'MCB', '2016-01-18 01:32:51', '2016-01-18 01:32:51'),
(9, 'Gang Switch & Socket', '2016-01-18 01:34:14', '2016-01-18 01:34:14'),
(10, 'Still Board', '2016-01-18 01:37:50', '2016-01-18 01:37:50'),
(11, 'SDB Board', '2016-01-18 01:55:04', '2016-01-18 01:55:04'),
(12, 'Holdar', '2016-01-18 02:10:37', '2016-01-18 02:10:37'),
(13, 'PVC Item', '2016-01-18 02:11:37', '2016-01-18 02:11:37'),
(14, 'Piano Switch+Socket+Etc', '2016-01-18 06:35:32', '2016-01-18 06:35:32'),
(15, 'Others', '2016-01-18 07:04:18', '2016-01-18 07:04:18'),
(16, 'Lamp Shade', '2016-01-18 08:13:25', '2016-01-18 08:13:25'),
(17, 'Multi Plug', '2016-01-18 08:21:30', '2016-01-18 08:21:30'),
(18, 'Remote+Batary', '2016-01-18 08:28:32', '2016-01-19 03:36:28'),
(19, 'Screw', '2016-01-18 08:32:33', '2016-01-18 08:32:33'),
(20, 'Lock', '2016-01-18 09:02:12', '2016-01-18 09:02:12'),
(21, 'Fuse Ceramic', '2016-01-19 04:59:28', '2016-01-19 04:59:28'),
(22, 'MEP', '2016-01-19 08:51:52', '2016-01-20 07:31:05'),
(23, 'Cona Item', '2016-01-19 09:32:44', '2016-01-19 09:42:35'),
(24, 'Heater Iteam', '2016-01-20 07:08:05', '2016-01-20 07:08:05'),
(25, 'Charger & Cord ', '2016-01-20 23:25:36', '2016-01-25 07:05:13'),
(26, '2Pin Plug +2Pin Socket', '2016-01-21 02:54:48', '2016-01-23 21:02:01'),
(27, 'Capacitor (Fan+Motor)', '2016-01-24 20:37:50', '2016-01-24 20:37:50'),
(28, 'welding rod', '2016-01-25 02:24:46', '2016-01-25 02:24:46'),
(29, 'Taster', '2016-01-25 06:36:42', '2016-02-01 03:03:08'),
(30, 'Print (Colour)', '2016-01-25 06:59:48', '2016-01-25 07:11:52'),
(31, 'Chanhe Over & Magnetic Starter', '2016-01-25 22:44:48', '2016-01-25 22:44:48'),
(32, 'Cable Clip & Cable Ties', '2016-01-31 01:07:35', '2016-01-31 07:11:44'),
(33, 'Hook+Etc', '2016-02-05 01:39:33', '2016-02-05 01:39:33'),
(34, 'All Pin', '2016-02-05 01:40:42', '2016-02-05 01:40:42'),
(35, 'Tools', '2016-02-05 01:54:33', '2016-02-05 01:54:33'),
(36, 'Dish Item', '2016-02-06 00:19:40', '2016-02-06 00:19:40');

-- --------------------------------------------------------

--
-- Table structure for table `sales`
--

CREATE TABLE IF NOT EXISTS `sales` (
  `id` int(11) NOT NULL AUTO_INCREMENT,
  `invoice_no` varchar(15) COLLATE utf8_unicode_ci DEFAULT NULL,
  `customer_id` varchar(100) COLLATE utf8_unicode_ci DEFAULT NULL,
  `customer_address` varchar(255) COLLATE utf8_unicode_ci DEFAULT NULL,
  `categories` varchar(200) COLLATE utf8_unicode_ci DEFAULT NULL,
  `products` varchar(255) COLLATE utf8_unicode_ci DEFAULT NULL,
  `unit_price` varchar(255) COLLATE utf8_unicode_ci DEFAULT NULL,
  `quantity` varchar(200) COLLATE utf8_unicode_ci DEFAULT NULL,
  `amount` varchar(255) COLLATE utf8_unicode_ci DEFAULT NULL,
  `total_price` int(11) DEFAULT NULL,
  `vat` int(11) DEFAULT NULL,
  `total_price_vat` int(11) DEFAULT NULL,
  `discount` int(11) DEFAULT NULL,
  `discount_price` int(11) DEFAULT NULL,
  `paid` int(11) DEFAULT NULL,
  `dues` int(11) DEFAULT NULL,
  `sold_by` varchar(50) COLLATE utf8_unicode_ci NOT NULL,
  `created_at` timestamp NULL DEFAULT NULL,
  `updated_at` timestamp NULL DEFAULT NULL,
  PRIMARY KEY (`id`),
  UNIQUE KEY `invoice_no` (`invoice_no`)
) ENGINE=InnoDB  DEFAULT CHARSET=utf8 COLLATE=utf8_unicode_ci AUTO_INCREMENT=157 ;

--
-- Dumping data for table `sales`
--

INSERT INTO `sales` (`id`, `invoice_no`, `customer_id`, `customer_address`, `categories`, `products`, `unit_price`, `quantity`, `amount`, `total_price`, `vat`, `total_price_vat`, `discount`, `discount_price`, `paid`, `dues`, `sold_by`, `created_at`, `updated_at`) VALUES
(1, '2016-1', 'Aunt', 'Akua', '1,', '84,', '2750.00,', '0.3,', '825.00,', 825, 0, 825, 0, 825, 0, 825, 'alam', '2016-02-05 05:09:02', '2016-02-05 05:09:02'),
(2, '2016-2', 'Rohol Kaka', 'Akua', '9,13,', '144,77,', '180.00,22.00,', '1,1,', '180.00,22.00,', 202, 0, 202, 12, 190, 0, 190, 'alam', '2016-02-05 05:11:31', '2016-02-05 05:11:31'),
(4, '2016-4', 'Aunt', 'Akua', '9,15,12,13,14,', '437,258,355,97,362,', '280.00,25.00,25.00,15.00,35.00,', '1,2,1,2,1,', '280.00,50.00,25.00,30.00,35.00,', 420, 0, 420, 0, 420, 0, 420, 'alam', '2016-02-05 05:24:02', '2016-02-05 05:24:02'),
(5, '2016-5', 'Cash', 'N/A', '18,', '278,', '120.00,', '1,', '120.00,', 120, 0, 120, 20, 100, 100, 0, 'alam', '2016-02-05 05:41:47', '2016-02-05 05:41:47'),
(6, '2016-6', 'Aunt', 'Akua', '1,', '82,', '1329.00,', '0.40,', '531.60,', 532, 0, 532, 0, 532, 0, 532, 'alam', '2016-02-05 05:53:01', '2016-02-05 05:53:01'),
(7, '2016-7', 'R', 'Akua', '13,13,', '494,73,', '5.00,8.00,', '9,12,', '45.00,96.00,', 141, 0, 141, 1, 140, 0, 140, 'alam', '2016-02-05 06:02:03', '2016-02-05 06:02:03'),
(8, '2016-8', 'Mozzamel Vi', 'Raj/ Akua', '1,14,12,12,13,13,32,19,19,', '32,357,255,531,97,378,510,175,174,', '1262.00,28.00,38.00,25.00,15.00,15.00,0.50,10.00,8.00,', '0.07,4,1,3,1,1,12,0.6,0.6,', '88.34,112.00,38.00,75.00,15.00,15.00,6.00,6.00,4.80,', 360, 0, 360, 0, 360, 360, 0, 'alam', '2016-02-05 17:49:42', '2016-02-05 17:49:42'),
(9, '2016-9', 'N/A', 'N/A', '12,', '351,', '30.00,', '1,', '30.00,', 30, 0, 30, 0, 30, 30, 0, 'alam', '2016-02-05 19:15:48', '2016-02-05 19:15:48'),
(10, '2016-10', 'N/A', 'N/A', '19,', '175,', '10.00,', '2,', '20.00,', 20, 0, 20, 0, 20, 20, 0, 'alam', '2016-02-05 19:17:27', '2016-02-05 19:17:27'),
(11, '2016-11', 'N/A', 'N/A', '9,9,9,13,13,12,13,2,3,1,', '101,105,116,77,79,351,378,5,475,16,', '135.00,250.00,240.00,22.00,65.00,30.00,15.00,280.00,40.00,992.00,', '1,1,2,1,1,2,2,1,1,0.2,', '135.00,250.00,480.00,22.00,65.00,60.00,30.00,280.00,40.00,198.40,', 1560, 0, 1560, 0, 1560, 1560, 0, 'alam', '2016-02-05 19:48:11', '2016-02-05 19:48:11'),
(12, '2016-12', 'N/A', 'N/A', '19,19,19,', '175,520,180,', '10.00,15.00,15.00,', '1,3,1,', '10.00,45.00,15.00,', 70, 0, 70, 20, 50, 50, 0, 'alam', '2016-02-05 20:08:54', '2016-02-05 20:08:54'),
(13, '2016-13', 'Mozzamel Vi', 'Raj/ Akua', '13,13,13,13,13,13,13,13,1,', '70,394,73,392,72,74,480,91,32,', '49.00,85.00,8.00,9.00,3.50,9.00,12.00,15.00,1262.00,', '30,4,48,4,24,10,1,6,0.20,', '1470.00,340.00,384.00,36.00,84.00,90.00,12.00,90.00,252.40,', 2758, 0, 2758, 0, 2758, 2758, 0, 'alam', '2016-02-05 23:16:45', '2016-02-05 23:16:45'),
(14, '2016-14', 'N/A', 'N/A', '1,', '23,', '3660.00,', '0.04,', '146.40,', 146, 0, 146, 0, 146, 146, 0, 'alam', '2016-02-06 00:53:19', '2016-02-06 00:53:19'),
(15, '2016-15', 'N/A', 'N/A', '13,', '91,', '15.00,', '1,', '15.00,', 15, 0, 15, 0, 15, 15, 0, 'alam', '2016-02-06 00:54:51', '2016-02-06 00:54:51'),
(16, '2016-16', 'N/A', 'N/A', '9,13,13,', '144,77,381,', '180.00,22.00,25.00,', '1,1,2,', '180.00,22.00,50.00,', 252, 0, 252, 0, 252, 252, 0, 'alam', '2016-02-06 01:05:59', '2016-02-06 01:05:59'),
(17, '2016-17', 'N/A', 'N/A', '9,9,', '211,210,', '156.00,78.00,', '1,1,', '156.00,78.00,', 234, 0, 234, 4, 230, 230, 0, 'alam', '2016-02-06 01:19:32', '2016-02-06 01:19:32'),
(18, '2016-18', 'N/A', 'N/A', '32,19,', '509,174,', '0.60,8.00,', '12,1,', '7.20,8.00,', 15, 0, 15, 0, 15, 15, 0, 'alam', '2016-02-06 02:04:30', '2016-02-06 02:04:30'),
(19, '2016-19', 'N/A', 'N/A', '4,', '125,', '105.00,', '1,', '105.00,', 105, 0, 105, 5, 100, 100, 0, 'alam', '2016-02-06 02:24:02', '2016-02-06 02:24:02'),
(20, '2016-20', 'N/A', 'N/A', '9,13,', '145,77,', '130.00,22.00,', '1,1,', '130.00,22.00,', 152, 0, 152, 2, 150, 150, 0, 'alam', '2016-02-06 02:25:27', '2016-02-06 02:25:27'),
(21, '2016-21', 'N/A', 'N/A', '2,', '5,', '280.00,', '1,', '280.00,', 280, 0, 280, 0, 280, 280, 0, 'alam', '2016-02-06 02:30:53', '2016-02-06 02:30:53'),
(22, '2016-22', 'Kazol Vi', 'Hakim Stor', '18,12,13,13,13,14,13,1,19,1,1,', '265,363,378,97,227,357,553,88,174,32,16,', '120.00,30.00,15.00,15.00,12.00,28.00,20.00,600.00,8.00,1262.00,992.00,', '1,2,2,1,2,2,2,0.06,2,0.1,0.1,', '120.00,60.00,30.00,15.00,24.00,56.00,40.00,36.00,16.00,126.20,99.20,', 622, 0, 622, 20, 602, 0, 602, 'alam', '2016-02-06 03:10:41', '2016-02-10 18:51:19'),
(23, '2016-23', 'N/A', 'N/A', '24,', '370,', '25.00,', '1,', '25.00,', 25, 0, 25, 0, 25, 25, 0, 'alam', '2016-02-06 03:11:18', '2016-02-06 03:11:18'),
(24, '2016-24', 'N/A', 'N/A', '2,', '5,', '280.00,', '1,', '280.00,', 280, 0, 280, 5, 275, 275, 0, 'alam', '2016-02-06 03:39:56', '2016-02-06 03:39:56'),
(25, '2016-25', 'N/A', 'N/A', '14,', '244,', '15.00,', '1,', '15.00,', 15, 0, 15, 0, 15, 15, 0, 'alam', '2016-02-06 04:49:55', '2016-02-06 04:49:55'),
(26, '2016-26', 'N/A', 'N/A', '12,', '255,', '38.00,', '1,', '38.00,', 38, 0, 38, 0, 38, 38, 0, 'alam', '2016-02-06 04:58:30', '2016-02-06 04:58:30'),
(27, '2016-27', 'N/A', 'N/A', '1,', '193,', '6125.00,', '0.06,', '367.50,', 368, 0, 368, 8, 360, 360, 0, 'alam', '2016-02-06 18:38:49', '2016-02-06 18:38:49'),
(28, '2016-28', 'Sipu', 'electeshin', '1,12,11,13,13,13,15,', '20,351,55,91,76,97,339,', '1914.00,30.00,45.00,15.00,28.00,15.00,35.00,', '0.40,3,1,1,2,1,1,', '765.60,90.00,45.00,15.00,56.00,15.00,35.00,', 1022, 0, 1022, 2, 1020, 1020, 0, 'alam', '2016-02-06 18:49:29', '2016-02-06 18:49:29'),
(29, '2016-29', 'Non', 'N/A', '28,', '415,', '6.00,', '5,', '30.00,', 30, 0, 30, 2, 28, 28, 0, 'Kunjo', '2016-02-06 19:08:04', '2016-02-06 19:08:04'),
(30, '2016-30', 'N/A', 'N/A', '5,', '476,', '50.00,', '1,', '50.00,', 50, 0, 50, 0, 50, 50, 0, 'Kunjo', '2016-02-06 19:08:42', '2016-02-06 19:08:42'),
(31, '2016-31', 'N/A', 'N/A', '19,', '174,', '8.00,', '0.5,', '4.00,', 4, 0, 4, 0, 4, 4, 0, 'Kunjo', '2016-02-06 19:14:02', '2016-02-06 19:14:02'),
(32, '2016-32', 'N/A', 'N/A', '15,', '172,', '20.00,', '1,', '20.00,', 20, 0, 20, 0, 20, 20, 0, 'Kunjo', '2016-02-06 19:21:44', '2016-02-06 19:21:44'),
(33, '2016-33', 'N/A', 'N/A', '23,', '309,', '25.00,', '1,', '25.00,', 25, 0, 25, 5, 20, 20, 0, 'alam', '2016-02-06 19:36:58', '2016-02-06 19:36:58'),
(34, '2016-34', 'N/A', 'N/A', '34,', '525,', '1.00,', '10,', '10.00,', 10, 0, 10, 0, 10, 10, 0, 'alam', '2016-02-06 19:53:42', '2016-02-06 19:53:42'),
(35, '2016-35', 'N/A', 'N/A', '1,', '421,', '1200.00,', '0.10,', '120.00,', 120, 0, 120, 0, 120, 120, 0, 'alam', '2016-02-06 20:34:44', '2016-02-06 20:34:44'),
(36, '2016-36', 'N/A', 'N/A', '15,', '172,', '20.00,', '1,', '20.00,', 20, 0, 20, 0, 20, 20, 0, 'alam', '2016-02-06 20:44:01', '2016-02-06 20:44:01'),
(37, '2016-37', 'N/A', 'N/A', '19,', '175,', '10.00,', '1,', '10.00,', 10, 0, 10, 0, 10, 10, 0, 'alam', '2016-02-06 21:44:15', '2016-02-06 21:44:15'),
(38, '2016-38', 'Samol ', 'electeshin', '1,4,4,', '88,222,223,', '600.00,10.00,170.00,', '0.10,3,2,', '60.00,30.00,340.00,', 430, 0, 430, 0, 430, 300, 130, 'alam', '2016-02-06 21:50:19', '2016-02-07 00:33:57'),
(39, '2016-39', 'N/A', 'N/A', '12,14,', '351,243,', '30.00,15.00,', '1,1,', '30.00,15.00,', 45, 0, 45, 0, 45, 45, 0, 'alam', '2016-02-06 22:00:05', '2016-02-06 22:00:05'),
(41, '2016-41', 'N/A', 'N/A', '5,', '397,', '25.00,', '1,', '25.00,', 25, 0, 25, 0, 25, 25, 0, 'Kunjo', '2016-02-07 00:05:26', '2016-02-07 00:05:26'),
(42, '2016-42', 'Shohidul', 'Gorurkhour', '1,', '421,', '1200.00,', '0.10,', '120.00,', 120, 0, 120, 0, 120, 100, 20, 'alam', '2016-02-07 00:13:29', '2016-02-07 00:13:29'),
(43, '2016-43', 'N/A', 'N/A', '12,', '365,', '10.00,', '1,', '10.00,', 10, 0, 10, 0, 10, 10, 0, 'alam', '2016-02-07 00:14:54', '2016-02-07 00:14:54'),
(44, '2016-44', 'N/A', 'N/A', '1,', '421,', '1200.00,', '0.04,', '48.00,', 48, 0, 48, 0, 48, 48, 0, 'alam', '2016-02-07 01:05:30', '2016-02-07 01:05:30'),
(45, '2016-45', 'N/A', 'N/A', '5,', '398,', '20.00,', '1,', '20.00,', 20, 0, 20, 0, 20, 20, 0, 'alam', '2016-02-07 01:20:59', '2016-02-07 01:20:59'),
(46, '2016-46', 'N/A', 'N/A', '3,29,', '90,493,', '260.00,35.00,', '1,1,', '260.00,35.00,', 295, 0, 295, 25, 270, 270, 0, 'alam', '2016-02-07 02:00:04', '2016-02-07 02:00:04'),
(47, '2016-47', 'N/A', 'N/A', '34,', '525,', '1.00,', '15,', '15.00,', 15, 0, 15, 0, 15, 15, 0, 'alam', '2016-02-07 02:00:38', '2016-02-07 02:00:38'),
(48, '2016-48', 'N/A', 'N/A', '24,', '347,', '15.00,', '1,', '15.00,', 15, 0, 15, 0, 15, 15, 0, 'alam', '2016-02-07 02:18:21', '2016-02-07 02:18:21'),
(49, '2016-49', 'N/A', 'N/A', '36,36,', '536,534,', '5.00,15.00,', '1,1,', '5.00,15.00,', 20, 0, 20, 0, 20, 20, 0, 'alam', '2016-02-07 02:20:14', '2016-02-07 02:20:14'),
(50, '2016-50', 'N/A', 'N/A', '5,', '398,', '20.00,', '1,', '20.00,', 20, 0, 20, 0, 20, 20, 0, 'alam', '2016-02-07 02:21:37', '2016-02-07 02:21:37'),
(51, '2016-51', 'N/A', 'N/A', '18,', '546,', '120.00,', '1,', '120.00,', 120, 0, 120, 50, 70, 70, 0, 'alam', '2016-02-07 02:33:56', '2016-02-07 02:33:56'),
(52, '2016-52', 'N/A', 'N/A', '21,26,', '367,384,', '110.00,12.00,', '1,1,', '110.00,12.00,', 122, 0, 122, 0, 122, 122, 0, 'alam', '2016-02-07 02:38:36', '2016-02-07 02:38:36'),
(53, '2016-53', 'N/A', 'N/A', '13,9,', '77,144,', '22.00,180.00,', '10,3,', '220.00,540.00,', 760, 0, 760, 200, 560, 560, 0, 'alam', '2016-02-07 03:47:04', '2016-02-07 03:47:04'),
(54, '2016-54', 'N/A', 'N/A', '5,', '398,', '20.00,', '1,', '20.00,', 20, 0, 20, 0, 20, 20, 0, 'alam', '2016-02-07 04:00:41', '2016-02-07 04:00:41'),
(55, '2016-55', 'Alam', 'Akua', '15,9,13,9,1,1,13,12,13,19,16,13,', '259,99,77,144,82,20,91,255,97,175,300,494,', '17.00,85.00,22.00,180.00,1329.00,1914.00,15.00,38.00,15.00,10.00,350.00,5.00,', '1,1,1,2,0.20,0.12,1,1,1,5,1,31,', '17.00,85.00,22.00,360.00,265.80,229.68,15.00,38.00,15.00,50.00,350.00,155.00,', 1602, 0, 1602, 2, 1600, 1600, 0, 'alam', '2016-02-07 17:38:15', '2016-02-07 17:38:15'),
(56, '2016-56', 'N/A', 'N/A', '1,', '86,', '4150.00,', '2.09,', '8673.50,', 8674, 0, 8674, 574, 8100, 8100, 0, 'alam', '2016-02-07 17:48:16', '2016-02-07 17:48:16'),
(57, '2016-57', 'N/A', 'N/A', '15,', '172,', '20.00,', '1,', '20.00,', 20, 0, 20, 0, 20, 20, 0, 'alam', '2016-02-07 18:09:57', '2016-02-07 18:09:57'),
(58, '2016-58', 'Sofik Vi', 'Facatory ', '13,13,13,13,', '70,73,74,91,', '49.00,8.00,9.00,15.00,', '15,48,8,6,', '735.00,384.00,72.00,90.00,', 1281, 0, 1281, 1, 1280, 0, 1280, 'alam', '2016-02-07 18:53:24', '2016-02-07 18:53:24'),
(59, '2016-59', 'Somon', 'N/A', '21,', '367,', '110.00,', '2,', '220.00,', 220, 0, 220, 0, 220, 220, 0, 'alam', '2016-02-07 19:07:12', '2016-02-07 19:07:12'),
(60, '2016-60', 'N/A', 'N/A', '13,', '95,', '30.00,', '1,', '30.00,', 30, 0, 30, 10, 20, 20, 0, 'alam', '2016-02-07 19:41:36', '2016-02-07 19:41:36'),
(61, '2016-61', 'N/A', 'N/A', '24,', '349,', '65.00,', '1,', '65.00,', 65, 0, 65, 0, 65, 65, 0, 'alam', '2016-02-07 20:16:23', '2016-02-07 20:16:23'),
(62, '2016-62', 'N/A', 'N/A', '1,', '23,', '3660.00,', '0.01,', '36.60,', 37, 0, 37, 0, 37, 37, 0, 'alam', '2016-02-07 21:01:49', '2016-02-07 21:01:49'),
(63, '2016-63', 'N/A', 'N/A', '13,', '94,', '10.00,', '1,', '10.00,', 10, 0, 10, 0, 10, 10, 0, 'alam', '2016-02-07 21:03:57', '2016-02-07 21:03:57'),
(64, '2016-64', 'N/A', 'N/A', '29,', '491,', '25.00,', '1,', '25.00,', 25, 0, 25, 3, 22, 22, 0, 'alam', '2016-02-07 21:29:24', '2016-02-07 21:29:24'),
(65, '2016-65', 'N/A', 'N/A', '28,', '415,', '6.00,', '145,', '870.00,', 870, 0, 870, 130, 740, 740, 0, 'Kunjo', '2016-02-07 21:44:43', '2016-02-07 21:44:43'),
(66, '2016-66', 'N/A', 'N/A', '32,', '504,', '5.00,', '18,', '90.00,', 90, 0, 90, 0, 90, 90, 0, 'Kunjo', '2016-02-07 21:53:20', '2016-02-07 21:53:20'),
(67, '2016-67', 'N/A', 'N/A', '19,', '520,', '15.00,', '0.5,', '7.50,', 8, 0, 8, 0, 8, 8, 0, 'Kunjo', '2016-02-07 21:56:58', '2016-02-07 21:56:58'),
(68, '2016-68', 'N/A', 'N/A', '26,', '416,', '20.00,', '1,', '20.00,', 20, 0, 20, 0, 20, 20, 0, 'Kunjo', '2016-02-07 22:23:01', '2016-02-07 22:23:01'),
(69, '2016-69', 'N/A', 'N/A', '1,', '22,', '2786.00,', '0.01,', '27.86,', 28, 0, 28, 0, 28, 28, 0, 'Kunjo', '2016-02-07 22:26:32', '2016-02-07 22:26:32'),
(70, '2016-70', 'N/A', 'N/A', '28,', '415,', '6.00,', '10,', '60.00,', 60, 0, 60, 5, 55, 55, 0, 'Kunjo', '2016-02-08 00:04:36', '2016-02-08 00:04:36'),
(71, '2016-71', 'N/A', 'N/A', '12,26,', '420,384,', '30.00,15.00,', '1,1,', '30.00,15.00,', 45, 0, 45, 5, 40, 40, 0, 'Kunjo', '2016-02-08 00:33:54', '2016-02-08 00:33:54'),
(72, '2016-72', 'N/A', 'N/A', '18,', '281,', '12.00,', '3,', '36.00,', 36, 0, 36, 1, 35, 35, 0, 'Kunjo', '2016-02-08 00:46:08', '2016-02-08 00:46:08'),
(73, '2016-73', 'N/A', 'N/A', '14,', '357,', '28.00,', '3,', '84.00,', 84, 0, 84, 0, 84, 84, 0, 'alam', '2016-02-08 00:56:03', '2016-02-08 00:56:03'),
(74, '2016-74', 'N/A', 'N/A', '5,', '397,', '25.00,', '1,', '25.00,', 25, 0, 25, 0, 25, 25, 0, 'alam', '2016-02-08 01:24:06', '2016-02-08 01:24:06'),
(75, '2016-75', 'N/A', 'N/A', '14,13,', '244,91,', '15.00,15.00,', '1,1,', '15.00,15.00,', 30, 0, 30, 0, 30, 30, 0, 'alam', '2016-02-08 01:54:05', '2016-02-08 01:54:05'),
(76, '2015-76', 'N/A', 'N/A', '36,', '535,', '10.00,', '1,', '10.00,', 10, 0, 10, 0, 10, 10, 0, 'alam', '2016-02-08 02:14:53', '2016-02-08 02:14:53'),
(77, '2016-76', 'N/A', 'N/A', '13,14,14,14,1,13,12,13,13,19,19,', '76,357,358,247,421,381,351,232,97,175,174,', '28.00,28.00,30.00,70.00,1200.00,25.00,30.00,38.00,15.00,10.00,8.00,', '2,3,2,1,0.12,1,2,1,1,0.6,2,', '56.00,84.00,60.00,70.00,144.00,25.00,60.00,38.00,15.00,6.00,16.00,', 574, 0, 574, 24, 550, 550, 0, 'alam', '2016-02-08 02:19:59', '2016-02-08 02:23:40'),
(78, '2015-77', 'N/A', 'N/A', '5,', '89,', '25.00,', '1,', '25.00,', 25, 0, 25, 0, 25, 25, 0, 'alam', '2016-02-08 02:47:30', '2016-02-08 02:47:30'),
(79, '2016-77', 'Lal mia', '01712343158', '11,10,10,10,10,10,13,13,', '58,39,449,37,52,51,71,73,', '450.00,105.00,70.00,31.00,25.00,18.00,38.00,8.00,', '2,7,4,10,9,12,20,36,', '900.00,735.00,280.00,310.00,225.00,216.00,760.00,288.00,', 3714, 0, 3714, 19, 3695, 500, 3195, 'alam', '2016-02-08 03:03:10', '2016-02-08 21:15:28'),
(80, '2016-78', 'N/A', 'N/A', '26,14,', '384,358,', '15.00,30.00,', '1,1,', '15.00,30.00,', 45, 0, 45, 0, 45, 45, 0, 'alam', '2016-02-08 03:07:47', '2016-02-08 03:07:47'),
(81, '2016-79', 'N/A', 'N/A', '13,', '91,', '15.00,', '1,', '15.00,', 15, 0, 15, 0, 15, 15, 0, 'alam', '2016-02-08 03:29:58', '2016-02-08 03:29:58'),
(82, '2016-80', 'N/A', 'N/A', '5,5,', '397,89,', '25.00,25.00,', '1,1,', '25.00,25.00,', 50, 0, 50, 0, 50, 50, 0, 'alam', '2016-02-08 03:45:16', '2016-02-08 03:45:16'),
(83, '2016-81', 'Hossain', 'Ak', '10,10,10,10,11,13,13,', '39,37,52,51,61,71,73,', '105.00,31.00,25.00,18.00,380.00,38.00,8.00,', '16,28,17,12,1,30,46,', '1680.00,868.00,425.00,216.00,380.00,1140.00,368.00,', 5077, 0, 5077, 307, 4770, 4770, 0, 'alam', '2016-02-08 03:56:59', '2016-02-08 03:56:59'),
(84, '2016-82', 'N/A', 'N/A', '1,', '194,', '1542.00,', '0.14,', '215.88,', 216, 0, 216, 16, 200, 200, 0, 'alam', '2016-02-08 04:04:54', '2016-02-08 04:04:54'),
(85, '2016-83', 'Repon ', 'Hotel', '1,5,14,12,', '88,398,478,365,', '600.00,20.00,20.00,15.00,', '0.03,1,1,1,', '18.00,20.00,20.00,15.00,', 73, 0, 73, 3, 70, 0, 70, 'alam', '2016-02-08 04:21:06', '2016-02-08 04:21:06'),
(86, '2016-84', 'N/A', 'N/A', '22,', '325,', '45.00,', '1,', '45.00,', 45, 0, 45, 2, 43, 43, 0, 'alam', '2016-02-08 17:58:37', '2016-02-08 17:58:37'),
(87, '2016-85', 'N/A', 'N/A', '29,', '491,', '25.00,', '1,', '25.00,', 25, 0, 25, 20, 5, 5, 0, 'alam', '2016-02-08 18:03:01', '2016-02-08 18:03:01'),
(88, '2016-86', 'N/A', 'N/A', '1,', '193,', '6125.00,', '0.06,', '367.50,', 368, 0, 368, 8, 360, 360, 0, 'alam', '2016-02-08 19:17:35', '2016-02-08 19:17:35'),
(89, '2016-87', 'N/A', 'N/A', '28,', '415,', '6.00,', '6,', '36.00,', 36, 0, 36, 0, 36, 36, 0, 'alam', '2016-02-08 19:48:24', '2016-02-08 19:48:24'),
(90, '2016-88', 'N/A', 'N/A', '3,', '160,', '480.00,', '1,', '480.00,', 480, 0, 480, 30, 450, 450, 0, 'alam', '2016-02-08 20:05:40', '2016-02-08 20:05:40'),
(91, '2016-89', 'N/A', 'N/A', '28,', '415,', '6.00,', '10,', '60.00,', 60, 0, 60, 0, 60, 60, 0, 'alam', '2016-02-08 20:33:13', '2016-02-08 20:33:13'),
(93, '2016-90', 'Aunt', 'Akua', '9,', '105,', '250.00,', '1,', '250.00,', 250, 0, 250, 0, 250, 0, 250, 'alam', '2016-02-08 21:09:01', '2016-02-08 21:09:01'),
(94, '2016-91', 'N/A', 'N/A', '24,', '370,', '25.00,', '2,', '50.00,', 50, 0, 50, 0, 50, 50, 0, 'Kunjo', '2016-02-08 23:46:48', '2016-02-08 23:46:48'),
(95, '2016-92', 'N/A', 'N/A', '1,', '23,', '3660.00,', '0.06,', '219.60,', 220, 0, 220, 5, 215, 215, 0, 'Kunjo', '2016-02-08 23:54:19', '2016-02-08 23:54:19'),
(96, '2016-93', 'N/A', 'N/A', '2,', '54,', '100.00,', '1,', '100.00,', 100, 0, 100, 0, 100, 100, 0, 'alam', '2016-02-09 00:24:15', '2016-02-09 00:24:15'),
(97, '2016-94', 'N/A', 'N/A', '6,', '414,', '70.00,', '1,', '70.00,', 70, 0, 70, 0, 70, 70, 0, 'alam', '2016-02-09 00:25:37', '2016-02-09 00:25:37'),
(98, '2016-95', 'N/A', 'N/A', '14,', '478,', '20.00,', '1,', '20.00,', 20, 0, 20, 0, 20, 20, 0, 'alam', '2016-02-09 00:26:10', '2016-02-09 00:26:10'),
(99, '2016-96', 'N/A', 'N/A', '13,23,23,', '228,309,311,', '16.00,25.00,25.00,', '1,1,1,', '16.00,25.00,25.00,', 66, 0, 66, 1, 65, 65, 0, 'alam', '2016-02-09 00:27:37', '2016-02-09 00:27:37'),
(100, '2016-97', 'N/A', 'N/A', '19,', '174,', '8.00,', '0.5,', '4.00,', 4, 0, 4, 0, 4, 4, 0, 'alam', '2016-02-09 00:29:06', '2016-02-09 00:29:06'),
(101, '2016-98', 'N/A', 'N/A', '28,', '415,', '6.00,', '3,', '18.00,', 18, 0, 18, 0, 18, 18, 0, 'alam', '2016-02-09 00:30:31', '2016-02-09 00:30:31'),
(102, '2016-99', 'N/A', 'N/A', '18,', '281,', '12.00,', '1,', '12.00,', 12, 0, 12, 0, 12, 12, 0, 'alam', '2016-02-09 00:41:14', '2016-02-09 00:41:14'),
(103, '2016-100', 'N/A', 'N/A', '5,', '398,', '20.00,', '1,', '20.00,', 20, 0, 20, 0, 20, 20, 0, 'alam', '2016-02-09 00:42:51', '2016-02-09 00:42:51'),
(104, '2016-101', 'N/A', 'N/A', '9,1,13,', '144,16,77,', '180.00,992.00,22.00,', '1,0.10,1,', '180.00,99.20,22.00,', 301, 0, 301, 1, 300, 300, 0, 'alam', '2016-02-09 00:45:09', '2016-02-09 00:45:09'),
(105, '2016-102', 'N/A', 'N/A', '5,', '64,', '20.00,', '1,', '20.00,', 20, 0, 20, 0, 20, 20, 0, 'alam', '2016-02-09 00:51:31', '2016-02-09 00:51:31'),
(106, '2016-103', 'N/A', 'N/A', '1,', '512,', '1100.00,', '0.30,', '330.00,', 330, 0, 330, 200, 130, 130, 0, 'alam', '2016-02-09 01:06:16', '2016-02-09 01:06:16'),
(107, '2016-104', 'N/A', 'N/A', '5,', '397,', '25.00,', '1,', '25.00,', 25, 0, 25, 5, 20, 20, 0, 'alam', '2016-02-09 01:17:38', '2016-02-09 01:17:38'),
(108, '2016-105', 'N/A', 'N/A', '34,', '525,', '1.00,', '5,', '5.00,', 5, 0, 5, 0, 5, 5, 0, 'alam', '2016-02-09 01:20:08', '2016-02-09 01:20:08'),
(109, '2016-106', 'Mozzamel Vi', 'Raj/Akua', '5,5,', '89,69,', '25.00,20.00,', '2,2,', '50.00,40.00,', 90, 0, 90, 0, 90, 0, 90, 'alam', '2016-02-09 01:32:22', '2016-02-09 01:32:22'),
(110, '2016-107', 'N/A', 'N/A', '1,', '23,', '3660.00,', '0.02,', '73.20,', 73, 0, 73, 3, 70, 70, 0, 'Kunjo', '2016-02-09 01:51:14', '2016-02-09 01:51:14'),
(111, '2016-108', 'N/A', 'N/A', '36,36,', '534,536,', '15.00,5.00,', '1,1,', '15.00,5.00,', 20, 0, 20, 0, 20, 20, 0, 'Kunjo', '2016-02-09 02:11:31', '2016-02-09 02:11:31'),
(112, '2016-109', 'N/A', 'N/A', '13,', '91,', '15.00,', '2,', '30.00,', 30, 0, 30, 15, 15, 15, 0, 'Kunjo', '2016-02-09 02:39:41', '2016-02-09 02:39:41'),
(113, '2016-110', 'lamia', 'Akua', '2,', '54,', '100.00,', '1,', '100.00,', 100, 0, 100, 10, 90, 70, 20, 'Kunjo', '2016-02-09 03:27:09', '2016-02-09 03:27:09'),
(114, '2016-111', 'N/A', 'N/A', '5,', '64,', '20.00,', '1,', '20.00,', 20, 0, 20, 0, 20, 20, 0, 'alam', '2016-02-09 03:47:55', '2016-02-09 03:47:55'),
(115, '2016-112', 'N/A', 'N/A', '14,5,', '243,64,', '15.00,20.00,', '1,1,', '15.00,20.00,', 35, 0, 35, 0, 35, 35, 0, 'alam', '2016-02-09 04:17:17', '2016-02-09 04:17:17'),
(116, '2016-113', 'N/A', 'N/A', '13,', '97,', '15.00,', '1,', '15.00,', 15, 0, 15, 1, 14, 14, 0, 'Kunjo', '2016-02-09 18:25:48', '2016-02-09 18:25:48'),
(117, '2016-114', 'N/A', 'N/A', '5,', '476,', '50.00,', '1,', '50.00,', 50, 0, 50, 0, 50, 50, 0, 'alam', '2016-02-09 19:55:34', '2016-02-09 19:55:34'),
(119, '2016-115', 'N/A', 'N/A', '1,', '512,', '1500.00,', '0.06,', '90.00,', 90, 0, 90, 0, 90, 90, 0, 'alam', '2016-02-09 20:45:53', '2016-02-09 20:45:53'),
(120, '2016-116', 'wN/A', 'N/A', '28,', '415,', '6.00,', '2,', '12.00,', 12, 0, 12, 0, 12, 12, 0, 'alam', '2016-02-09 20:46:17', '2016-02-09 20:46:17'),
(121, '2016-117', 'N/A', 'N/A', '28,', '415,', '6.00,', '3,', '18.00,', 18, 0, 18, 0, 18, 18, 0, 'alam', '2016-02-09 21:29:15', '2016-02-09 21:29:15'),
(122, '2015-118', 'N/A', 'N/A', '18,36,', '279,535,', '10.00,10.00,', '2,1,', '20.00,10.00,', 30, 0, 30, 0, 30, 30, 0, 'alam', '2016-02-09 22:04:21', '2016-02-09 22:04:21'),
(123, '2016-118', 'N/A', 'N/A', '8,26,26,', '130,418,388,', '220.00,40.00,35.00,', '1,1,1,', '220.00,40.00,35.00,', 295, 0, 295, 75, 220, 220, 0, 'alam', '2016-02-09 22:05:28', '2016-02-09 22:05:28'),
(124, '2016-119', 'N/A', 'N/A', '28,', '415,', '6.00,', '18,', '108.00,', 108, 0, 108, 8, 100, 100, 0, 'alam', '2016-02-09 22:08:57', '2016-02-09 22:08:57'),
(125, '2016-120', 'N/A', 'N/A', '28,', '415,', '6.00,', '3,', '18.00,', 18, 0, 18, 0, 18, 18, 0, 'alam', '2016-02-09 22:39:05', '2016-02-09 22:39:05'),
(126, '2016-121', 'N/A', 'N/A', '28,', '415,', '6.00,', '15,', '90.00,', 90, 0, 90, 0, 90, 90, 0, 'Kunjo', '2016-02-09 22:47:25', '2016-02-09 22:47:25'),
(127, '2016-122', 'N/A', 'N/A', '17,', '239,', '110.00,', '1,', '110.00,', 110, 0, 110, 5, 105, 105, 0, 'Kunjo', '2016-02-09 22:55:29', '2016-02-09 22:55:29'),
(128, '2016-123', 'N/A', 'N/A', '15,', '172,', '20.00,', '1,', '20.00,', 20, 0, 20, 0, 20, 20, 0, 'Kunjo', '2016-02-09 22:57:56', '2016-02-09 22:57:56'),
(129, '2016-124', 'N/A', 'N/A', '13,', '94,', '10.00,', '2,', '20.00,', 20, 0, 20, 0, 20, 20, 0, 'Kunjo', '2016-02-09 23:05:22', '2016-02-09 23:05:22'),
(130, '2016-125', 'N/A', 'N/A', '14,', '247,', '70.00,', '1,', '70.00,', 70, 0, 70, 0, 70, 70, 0, 'Kunjo', '2016-02-09 23:50:16', '2016-02-09 23:50:16'),
(131, '2016-126', 'N/A', 'N/A', '21,', '367,', '110.00,', '1,', '110.00,', 110, 0, 110, 5, 105, 105, 0, 'alam', '2016-02-10 00:08:38', '2016-02-10 00:08:38'),
(132, '2016-127', 'N/A', 'N/A', '2,', '54,', '100.00,', '1,', '100.00,', 100, 0, 100, 0, 100, 100, 0, 'alam', '2016-02-10 00:16:18', '2016-02-10 00:16:18'),
(133, '2015-128', 'N/A', 'N/A', '2,', '4,', '220.00,', '1,', '220.00,', 220, 0, 220, 180, 40, 40, 0, 'alam', '2016-02-10 00:24:04', '2016-02-10 00:24:04'),
(134, '2016-128', 'KIratul Koran Hafiziya mdrasha', 'Akua', '10,13,13,', '37,71,73,', '31.00,38.00,8.00,', '3,5,12,', '93.00,190.00,96.00,', 379, 0, 379, 0, 379, 0, 379, 'alam', '2016-02-10 00:26:21', '2016-02-10 00:26:21'),
(136, '2016-130', 'N/A', 'N/A', '12,', '374,', '25.00,', '2,', '50.00,', 50, 0, 50, 0, 50, 50, 0, 'alam', '2016-02-10 00:44:01', '2016-02-10 00:44:01'),
(137, '2016-131', 'Harun Ele', 'N/A', '23,23,14,', '309,311,247,', '25.00,25.00,70.00,', '2,1,1,', '50.00,25.00,70.00,', 145, 0, 145, 0, 145, 0, 145, 'alam', '2016-02-10 00:46:52', '2016-02-10 00:49:13'),
(138, '2016-132', 'Yousof Ali', 'Akua', '13,32,13,', '376,505,91,', '4.00,3.00,15.00,', '21,24,1,', '84.00,72.00,15.00,', 171, 0, 171, 1, 170, 170, 0, 'alam', '2016-02-10 01:27:09', '2016-02-10 01:27:09'),
(139, '2015-133', 'N/A', 'N/A', '13,', '71,', '38.00,', '2,', '76.00,', 76, 0, 76, 0, 76, 76, 0, 'alam', '2016-02-10 01:31:50', '2016-02-10 01:31:50'),
(140, '2016-133', 'N/A', 'N/A', '13,9,11,8,13,14,32,19,12,13,13,13,13,1,', '77,103,55,130,227,357,509,174,351,378,91,496,427,32,', '22.00,220.00,45.00,220.00,12.00,28.00,0.60,8.00,30.00,15.00,15.00,25.00,3.00,1262.00,', '1,1,1,1,1,1,12,1,1,1,1,1,3,0.12,', '22.00,220.00,45.00,220.00,12.00,28.00,7.20,8.00,30.00,15.00,15.00,25.00,9.00,151.44,', 808, 0, 808, 0, 808, 808, 0, 'alam', '2016-02-10 01:35:49', '2016-02-10 01:35:49'),
(141, '2016-134', 'N/A', 'N/A', '13,', '91,', '15.00,', '1,', '15.00,', 15, 0, 15, 0, 15, 15, 0, 'alam', '2016-02-10 01:39:38', '2016-02-10 01:39:38'),
(142, '2016-135', 'N/A', 'N/A', '12,', '351,', '30.00,', '1,', '30.00,', 30, 0, 30, 5, 25, 25, 0, 'Kunjo', '2016-02-10 02:28:02', '2016-02-10 02:28:02'),
(143, '2016-136', 'N/A', 'N/A', '28,', '415,', '6.00,', '18,', '108.00,', 108, 0, 108, 8, 100, 100, 0, 'Kunjo', '2016-02-10 02:46:28', '2016-02-10 02:46:28'),
(144, '2016-137', 'N/A', 'N/A', '2,', '11,', '240.00,', '1,', '240.00,', 240, 0, 240, 0, 240, 240, 0, 'alam', '2016-02-10 04:30:40', '2016-02-10 04:30:40'),
(145, '2016-138', 'N/A', 'N/A', '17,', '411,', '450.00,', '1,', '450.00,', 450, 0, 450, 10, 440, 440, 0, 'alam', '2016-02-10 17:36:54', '2016-02-10 17:36:54'),
(146, '2016-139', 'N/A', 'N/A', '13,35,', '92,526,', '25.00,20.00,', '1,1,', '25.00,20.00,', 45, 0, 45, 5, 40, 40, 0, 'alam', '2016-02-10 18:13:55', '2016-02-10 18:13:55'),
(149, '2015-141', 'N/A', 'N/A', '35,', '526,', '20.00,', '1,', '20.00,', 20, 0, 20, 0, 20, 20, 0, 'alam', '2016-02-10 18:28:56', '2016-02-10 18:28:56'),
(150, '2016-141', 'EG.Norlislam', 'Akua', '34,13,14,14,14,14,19,12,13,', '525,76,243,244,245,246,174,351,378,', '1.00,28.00,15.00,15.00,17.00,20.00,8.00,30.00,15.00,', '40,1,2,2,2,1,2,1,1,', '40.00,28.00,30.00,30.00,34.00,20.00,16.00,30.00,15.00,', 243, 0, 243, 0, 243, 0, 243, 'alam', '2016-02-10 18:35:22', '2016-02-10 18:48:57'),
(154, '2016-142', 'Tamana ', 'Akua', '1,', '82,', '1329.00,', '1.1,', '1461.90,', 1462, 0, 1462, 260, 1202, 1000, 202, 'alam', '2016-02-10 18:43:41', '2016-02-10 18:43:41'),
(155, '2016-143', 'a', 'N/A', '13,', '91,', '15.00,', '1,', '15.00,', 15, 0, 15, 5, 10, 10, 0, 'alam', '2016-02-10 18:46:18', '2016-02-10 18:46:18'),
(156, '2016-144', 'N/A', 'N/A', '15,', '172,', '20.00,', '1,', '20.00,', 20, 0, 20, 0, 20, 20, 0, 'alam', '2016-02-10 19:07:27', '2016-02-10 19:07:27');

-- --------------------------------------------------------

--
-- Table structure for table `stock`
--

CREATE TABLE IF NOT EXISTS `stock` (
  `id` int(11) NOT NULL AUTO_INCREMENT,
  `cid` int(11) DEFAULT NULL,
  `pid` int(11) DEFAULT NULL,
  `quantity` float DEFAULT NULL,
  `created_at` timestamp NULL DEFAULT NULL,
  `updated_at` timestamp NULL DEFAULT NULL,
  PRIMARY KEY (`id`),
  KEY `pid` (`pid`)
) ENGINE=InnoDB  DEFAULT CHARSET=utf8 COLLATE=utf8_unicode_ci AUTO_INCREMENT=414 ;

--
-- Dumping data for table `stock`
--

INSERT INTO `stock` (`id`, `cid`, `pid`, `quantity`, `created_at`, `updated_at`) VALUES
(1, 11, 58, 6, '2016-01-25 06:36:38', '2016-01-25 06:36:38'),
(2, 11, 59, 6, '2016-01-25 06:36:38', '2016-01-25 06:36:38'),
(3, 11, 60, 2, '2016-01-25 06:36:38', '2016-01-25 06:36:38'),
(4, 11, 61, 0, '2016-01-25 06:36:38', '2016-01-25 06:36:38'),
(5, 16, 282, 0, '2016-01-25 06:48:21', '2016-01-25 06:48:21'),
(6, 16, 300, 9, '2016-01-25 06:48:21', '2016-01-25 06:48:21'),
(7, 16, 295, 2, '2016-01-25 07:08:16', '2016-01-25 07:08:16'),
(8, 16, 302, 6, '2016-01-25 07:08:16', '2016-01-25 07:08:16'),
(9, 16, 301, 6, '2016-01-25 07:08:16', '2016-01-25 07:08:16'),
(10, 16, 294, 6, '2016-01-25 07:08:16', '2016-01-29 05:02:43'),
(11, 16, 293, 8, '2016-01-25 07:08:16', '2016-01-25 07:08:16'),
(12, 16, 303, 11, '2016-01-25 07:08:16', '2016-01-25 07:08:16'),
(13, 16, 413, 5, '2016-01-25 07:08:16', '2016-01-25 07:08:16'),
(14, 11, 57, 6, '2016-01-25 07:13:38', '2016-01-25 07:13:38'),
(15, 11, 56, 10, '2016-01-25 07:13:38', '2016-01-25 07:13:38'),
(16, 11, 55, 18, '2016-01-25 07:13:38', '2016-01-25 07:13:38'),
(17, 17, 235, 2, '2016-01-25 07:32:42', '2016-01-25 07:32:42'),
(18, 17, 236, 7, '2016-01-25 07:32:42', '2016-01-25 07:32:42'),
(19, 17, 237, 1, '2016-01-25 07:32:42', '2016-01-25 07:32:42'),
(20, 17, 239, 2, '2016-01-25 07:32:42', '2016-01-25 07:32:42'),
(21, 17, 238, 9, '2016-01-25 07:32:42', '2016-01-25 07:32:42'),
(22, 17, 411, 0, '2016-01-25 07:32:42', '2016-01-25 07:32:42'),
(23, 17, 412, 1, '2016-01-25 07:32:42', '2016-01-25 07:32:42'),
(24, 12, 352, 58, '2016-01-25 08:41:52', '2016-01-25 08:41:52'),
(25, 12, 353, 32, '2016-01-25 08:41:52', '2016-02-07 02:07:19'),
(26, 12, 428, 96, '2016-01-25 08:41:52', '2016-01-25 08:41:52'),
(27, 12, 429, 12, '2016-01-25 08:41:52', '2016-01-25 08:41:52'),
(28, 12, 355, 97, '2016-01-25 08:41:52', '2016-02-07 02:07:19'),
(29, 12, 354, 9, '2016-01-25 08:41:52', '2016-01-25 08:41:52'),
(30, 12, 351, 33, '2016-01-25 08:41:52', '2016-02-07 02:07:19'),
(31, 13, 77, 18, '2016-01-25 09:03:02', '2016-01-25 09:03:02'),
(32, 13, 78, 19, '2016-01-25 09:03:02', '2016-01-25 09:03:02'),
(33, 13, 79, 11, '2016-01-25 09:03:02', '2016-01-25 09:03:02'),
(34, 13, 229, 86, '2016-01-25 09:03:02', '2016-01-31 07:39:27'),
(35, 13, 240, 6, '2016-01-25 09:03:02', '2016-01-25 09:03:02'),
(36, 13, 241, 12, '2016-01-25 09:03:02', '2016-01-25 09:03:02'),
(37, 13, 430, 3, '2016-01-25 09:03:02', '2016-01-25 09:03:02'),
(38, 12, 365, 750, '2016-01-25 09:03:02', '2016-01-31 09:47:55'),
(39, 8, 431, 3, '2016-01-25 09:07:47', '2016-01-25 09:07:47'),
(40, 5, 397, 20, '2016-01-25 09:09:56', '2016-01-30 14:16:56'),
(41, 5, 398, 71, '2016-01-25 09:09:56', '2016-01-31 07:34:32'),
(42, 4, 224, 11, '2016-01-25 09:42:16', '2016-01-25 09:42:16'),
(43, 4, 395, 3, '2016-01-25 09:42:16', '2016-01-25 09:42:16'),
(44, 4, 225, 3, '2016-01-25 09:42:16', '2016-01-25 09:42:16'),
(45, 4, 222, 172, '2016-01-25 09:42:16', '2016-01-31 06:40:33'),
(46, 31, 432, 2, '2016-01-25 09:51:50', '2016-01-25 09:51:50'),
(47, 31, 433, 4, '2016-01-25 09:51:50', '2016-01-25 09:51:50'),
(48, 31, 434, 1, '2016-01-25 09:51:50', '2016-01-25 09:51:50'),
(49, 9, 98, 8, '2016-01-25 11:15:21', '2016-01-25 11:15:21'),
(50, 9, 99, 12, '2016-01-25 11:15:21', '2016-02-08 02:01:25'),
(51, 9, 100, 5, '2016-01-25 11:15:21', '2016-01-25 11:15:21'),
(52, 9, 101, 13, '2016-01-25 11:15:21', '2016-02-08 02:01:25'),
(53, 9, 102, 10, '2016-01-25 11:15:21', '2016-02-08 02:01:25'),
(54, 9, 103, 9, '2016-01-25 11:15:21', '2016-02-08 02:01:25'),
(55, 9, 104, 7, '2016-01-25 11:15:21', '2016-01-25 11:15:21'),
(56, 9, 105, 12, '2016-01-25 11:15:21', '2016-02-08 02:01:25'),
(57, 9, 107, 5, '2016-01-25 11:15:21', '2016-01-25 11:15:21'),
(58, 9, 108, 5, '2016-01-25 11:15:21', '2016-01-25 11:15:21'),
(59, 9, 109, 2, '2016-01-25 11:15:21', '2016-01-28 12:06:13'),
(60, 9, 110, 11, '2016-01-25 11:20:22', '2016-01-25 11:20:22'),
(61, 9, 111, 5, '2016-01-25 11:20:22', '2016-01-25 11:20:22'),
(62, 9, 112, 14, '2016-01-25 11:20:22', '2016-01-25 11:20:22'),
(63, 9, 120, 3, '2016-01-25 11:20:22', '2016-01-25 11:20:22'),
(64, 9, 116, 7, '2016-01-25 11:24:07', '2016-01-25 11:24:07'),
(65, 9, 435, 4, '2016-01-25 11:27:46', '2016-01-28 11:33:37'),
(66, 9, 436, 8, '2016-01-25 11:27:46', '2016-01-28 11:33:37'),
(67, 9, 437, 0, '2016-01-25 11:27:46', '2016-01-28 11:33:37'),
(68, 12, 389, 20, '2016-01-25 11:29:25', '2016-01-25 11:29:25'),
(69, 9, 118, 1, '2016-01-25 12:05:39', '2016-02-02 14:46:01'),
(70, 27, 438, 3, '2016-01-26 14:14:26', '2016-01-28 10:37:04'),
(71, 1, 440, 0.3, '2016-01-27 07:06:19', '2016-01-27 07:06:19'),
(72, 1, 25, 1.2, '2016-01-27 07:06:19', '2016-01-27 07:06:19'),
(73, 1, 193, 0.2, '2016-01-27 07:27:17', '2016-01-27 07:27:17'),
(74, 1, 441, 0.27, '2016-01-27 07:37:02', '2016-01-27 07:37:02'),
(75, 24, 340, 8, '2016-01-27 14:15:38', '2016-01-27 14:15:38'),
(76, 24, 341, 5, '2016-01-27 14:15:38', '2016-01-27 14:15:38'),
(77, 24, 342, 2, '2016-01-27 14:15:38', '2016-01-27 14:15:38'),
(78, 21, 296, 57, '2016-01-27 14:40:02', '2016-01-27 14:40:02'),
(79, 21, 297, 20, '2016-01-27 14:40:02', '2016-01-27 14:40:02'),
(80, 21, 366, 14, '2016-01-27 14:40:02', '2016-01-27 14:40:02'),
(81, 21, 367, 0, '2016-01-27 14:40:02', '2016-02-07 03:18:44'),
(82, 21, 368, 5, '2016-01-27 14:40:02', '2016-01-27 14:40:02'),
(83, 21, 442, 2, '2016-01-27 14:40:02', '2016-01-27 14:40:02'),
(84, 2, 443, 3, '2016-01-28 06:38:20', '2016-01-28 06:38:20'),
(85, 3, 90, 7, '2016-01-28 06:38:20', '2016-01-28 06:38:20'),
(86, 2, 444, 1, '2016-01-28 06:38:20', '2016-01-28 06:38:20'),
(87, 2, 161, 2, '2016-01-28 06:38:20', '2016-01-28 06:38:20'),
(88, 10, 448, 2, '2016-01-28 09:44:47', '2016-01-28 09:44:47'),
(89, 10, 447, 1, '2016-01-28 09:44:47', '2016-01-28 09:44:47'),
(90, 10, 445, 32, '2016-01-28 09:44:47', '2016-01-28 09:57:07'),
(91, 10, 41, 71, '2016-01-28 09:44:47', '2016-01-28 09:57:07'),
(92, 10, 42, 9, '2016-01-28 09:44:47', '2016-01-28 09:44:47'),
(93, 10, 43, 0, '2016-01-28 09:44:47', '2016-01-28 09:44:47'),
(94, 10, 40, 66, '2016-01-28 09:44:47', '2016-01-28 09:57:07'),
(95, 10, 48, 30, '2016-01-28 09:44:47', '2016-01-28 09:44:47'),
(96, 10, 45, 7, '2016-01-28 09:44:47', '2016-01-28 09:44:47'),
(97, 10, 52, 12, '2016-01-28 09:44:47', '2016-01-28 09:57:07'),
(98, 10, 44, 22, '2016-01-28 09:44:47', '2016-01-28 09:44:47'),
(99, 10, 446, 9, '2016-01-28 09:44:47', '2016-01-28 09:57:07'),
(100, 10, 49, 2, '2016-01-28 09:44:47', '2016-01-28 09:44:47'),
(101, 10, 450, 2, '2016-01-28 09:44:47', '2016-01-28 09:44:47'),
(102, 10, 451, 10, '2016-01-28 09:57:07', '2016-01-28 09:57:07'),
(103, 10, 37, 42, '2016-01-28 10:14:01', '2016-02-04 12:31:00'),
(104, 10, 449, 6, '2016-01-28 10:14:01', '2016-01-28 10:14:01'),
(105, 10, 39, 17, '2016-01-28 10:14:01', '2016-02-04 12:31:00'),
(106, 10, 51, 34, '2016-01-28 10:14:53', '2016-02-04 12:31:00'),
(107, 7, 452, 3, '2016-01-28 10:21:54', '2016-01-28 10:21:54'),
(108, 7, 453, 1, '2016-01-28 10:21:54', '2016-01-28 10:21:54'),
(109, 7, 454, 2, '2016-01-28 10:21:54', '2016-01-28 10:21:54'),
(110, 27, 455, 2, '2016-01-28 10:37:04', '2016-01-28 10:37:04'),
(111, 27, 456, 2, '2016-01-28 10:37:04', '2016-01-28 10:37:04'),
(112, 27, 457, 2, '2016-01-28 10:37:04', '2016-01-28 10:37:04'),
(113, 27, 458, 1, '2016-01-28 10:37:04', '2016-01-28 10:37:04'),
(114, 27, 459, 3, '2016-01-28 10:37:04', '2016-01-28 10:37:04'),
(115, 27, 460, 1, '2016-01-28 10:37:04', '2016-01-28 10:37:04'),
(116, 27, 462, 3, '2016-01-28 10:37:04', '2016-01-28 10:37:04'),
(117, 15, 338, 19, '2016-01-28 10:44:38', '2016-01-29 05:00:37'),
(118, 15, 339, 17, '2016-01-28 10:44:38', '2016-01-28 10:44:38'),
(119, 14, 247, 19, '2016-01-28 10:44:38', '2016-01-28 10:44:38'),
(120, 25, 424, 3, '2016-01-28 10:49:11', '2016-01-28 10:49:11'),
(121, 25, 425, 6, '2016-01-28 10:49:11', '2016-02-07 03:02:14'),
(122, 25, 426, 7, '2016-01-28 10:49:11', '2016-01-28 10:49:11'),
(123, 18, 267, 5, '2016-01-28 11:17:41', '2016-01-28 11:17:41'),
(124, 18, 265, 2, '2016-01-28 11:17:41', '2016-01-28 11:17:41'),
(125, 18, 266, 4, '2016-01-28 11:17:41', '2016-01-28 11:17:41'),
(126, 18, 276, 1, '2016-01-28 11:17:41', '2016-01-28 11:17:41'),
(127, 18, 391, 4, '2016-01-28 11:17:41', '2016-01-28 11:17:41'),
(128, 18, 273, 2, '2016-01-28 11:17:41', '2016-01-28 11:17:41'),
(129, 18, 278, 5, '2016-01-28 11:17:41', '2016-02-06 19:57:58'),
(130, 18, 275, 2, '2016-01-28 11:17:41', '2016-01-28 11:17:41'),
(131, 18, 274, 2, '2016-01-28 11:17:41', '2016-01-28 11:17:41'),
(132, 18, 272, 1, '2016-01-28 11:17:41', '2016-01-28 11:17:41'),
(133, 18, 268, 4, '2016-01-28 11:17:41', '2016-02-06 19:57:58'),
(134, 18, 269, 5, '2016-01-28 11:17:41', '2016-02-06 19:57:58'),
(135, 18, 264, 16, '2016-01-28 11:17:41', '2016-01-28 11:17:41'),
(136, 18, 271, 3, '2016-01-28 11:17:41', '2016-01-28 11:17:41'),
(137, 18, 466, 1, '2016-01-28 11:24:31', '2016-01-28 11:24:31'),
(138, 18, 464, 2, '2016-01-28 11:24:31', '2016-01-28 11:24:31'),
(139, 18, 463, 2, '2016-01-28 11:24:31', '2016-01-28 11:24:31'),
(140, 18, 465, 2, '2016-01-28 11:24:31', '2016-01-28 11:24:31'),
(141, 9, 144, 0, '2016-01-28 11:29:51', '2016-01-28 11:29:51'),
(142, 9, 467, 4, '2016-01-28 11:33:37', '2016-01-28 11:33:37'),
(143, 22, 328, 4, '2016-01-28 11:38:18', '2016-01-28 11:38:18'),
(144, 9, 209, 1, '2016-01-28 11:38:18', '2016-01-28 11:38:18'),
(145, 9, 147, 0, '2016-01-28 11:48:26', '2016-01-28 11:48:26'),
(146, 9, 145, 21, '2016-01-28 11:48:26', '2016-02-07 20:26:35'),
(147, 9, 148, 18, '2016-01-28 11:48:26', '2016-01-28 11:48:26'),
(148, 9, 149, 3, '2016-01-28 11:48:26', '2016-01-28 11:48:26'),
(149, 9, 150, 3, '2016-01-28 11:48:26', '2016-01-28 11:48:26'),
(150, 9, 146, 2, '2016-01-28 11:48:26', '2016-01-28 11:48:26'),
(151, 9, 152, 3, '2016-01-28 11:48:26', '2016-01-28 11:48:26'),
(152, 9, 290, 5, '2016-01-28 11:54:41', '2016-01-28 11:54:41'),
(153, 9, 292, 9, '2016-01-28 11:54:41', '2016-01-28 11:54:41'),
(154, 9, 289, 10, '2016-01-28 11:54:41', '2016-01-28 11:54:41'),
(155, 9, 291, 8, '2016-01-28 11:54:41', '2016-01-28 11:54:41'),
(156, 9, 283, 6, '2016-01-28 11:54:41', '2016-01-28 11:54:41'),
(157, 9, 284, 4, '2016-01-28 11:54:41', '2016-01-28 11:54:41'),
(158, 9, 285, 1, '2016-01-28 11:54:41', '2016-01-28 11:54:41'),
(159, 9, 286, 1, '2016-01-28 11:54:41', '2016-01-28 11:54:41'),
(160, 9, 214, 1, '2016-01-28 12:06:13', '2016-01-28 12:06:13'),
(161, 9, 213, 4, '2016-01-28 12:06:13', '2016-01-28 12:06:13'),
(162, 9, 211, 7, '2016-01-28 12:06:13', '2016-01-28 12:06:13'),
(163, 9, 212, 12, '2016-01-28 12:06:13', '2016-01-28 12:06:13'),
(164, 9, 199, 1, '2016-01-28 12:06:13', '2016-01-28 12:06:13'),
(165, 9, 210, 0, '2016-01-28 12:06:13', '2016-01-28 12:06:13'),
(166, 9, 201, 2, '2016-01-28 12:06:13', '2016-01-28 12:06:13'),
(167, 9, 208, 6, '2016-01-28 12:06:13', '2016-01-28 12:06:13'),
(168, 9, 468, 1, '2016-01-28 12:11:12', '2016-01-28 12:11:12'),
(169, 9, 469, 2, '2016-01-28 12:11:12', '2016-01-28 12:11:12'),
(170, 9, 470, 1, '2016-01-28 12:11:12', '2016-01-28 12:11:12'),
(171, 18, 280, 76, '2016-01-29 06:21:03', '2016-01-29 06:21:03'),
(172, 18, 281, 66, '2016-01-29 06:21:03', '2016-01-29 06:21:03'),
(173, 18, 279, 34, '2016-01-29 06:21:03', '2016-01-31 08:08:38'),
(174, 1, 80, 2.18, '2016-01-30 09:16:54', '2016-01-30 09:16:54'),
(175, 1, 81, 4.36, '2016-01-30 09:16:54', '2016-01-30 09:16:54'),
(176, 1, 82, 1.57, '2016-01-30 09:16:54', '2016-01-30 09:16:54'),
(177, 1, 83, 0, '2016-01-30 09:16:54', '2016-01-30 09:16:54'),
(178, 1, 84, 1.4, '2016-01-30 09:16:54', '2016-01-30 09:16:54'),
(179, 1, 86, 0, '2016-01-30 09:16:54', '2016-02-07 17:46:13'),
(180, 1, 31, 3.27, '2016-01-30 09:19:49', '2016-01-30 09:19:49'),
(181, 1, 32, 0.07, '2016-01-30 09:19:49', '2016-02-01 11:28:12'),
(182, 1, 33, 0.06, '2016-01-30 09:19:49', '2016-02-01 11:28:12'),
(183, 1, 34, 1.28, '2016-01-30 09:19:49', '2016-02-01 11:28:12'),
(184, 1, 16, 12.13, '2016-01-30 09:24:28', '2016-02-01 11:28:12'),
(185, 1, 17, -0, '2016-01-30 09:24:28', '2016-01-30 09:24:28'),
(186, 1, 87, 1, '2016-01-30 09:24:28', '2016-01-30 09:24:28'),
(187, 1, 88, 1.26, '2016-01-30 09:24:28', '2016-02-06 00:37:40'),
(188, 1, 185, 1.5, '2016-01-30 09:24:28', '2016-02-02 05:09:32'),
(189, 1, 472, 1, '2016-01-30 09:27:57', '2016-01-30 09:27:57'),
(190, 1, 471, 1.75, '2016-01-30 09:27:57', '2016-02-06 00:37:40'),
(191, 14, 357, 31, '2016-01-30 09:33:43', '2016-02-10 18:36:55'),
(192, 14, 358, 34, '2016-01-30 09:33:43', '2016-02-10 18:36:55'),
(193, 14, 362, 2, '2016-01-30 09:33:43', '2016-01-30 09:33:43'),
(194, 14, 359, 12, '2016-01-30 09:33:43', '2016-01-30 09:33:43'),
(195, 12, 255, 51, '2016-01-30 09:33:43', '2016-02-07 20:26:35'),
(196, 12, 356, 9, '2016-01-30 09:33:43', '2016-01-30 09:33:43'),
(197, 12, 363, 50, '2016-01-30 09:37:32', '2016-01-30 09:37:32'),
(198, 12, 364, 18, '2016-01-30 09:37:32', '2016-01-30 09:37:32'),
(199, 4, 223, 5, '2016-01-30 09:37:32', '2016-01-30 09:37:32'),
(200, 22, 336, 12, '2016-01-30 09:43:25', '2016-02-04 12:31:00'),
(201, 22, 327, 1, '2016-01-30 09:43:25', '2016-01-30 09:43:25'),
(202, 22, 335, 5, '2016-01-30 09:43:25', '2016-01-30 09:43:25'),
(203, 22, 320, 9, '2016-01-30 09:43:25', '2016-01-30 09:43:25'),
(204, 22, 319, 12, '2016-01-30 09:43:25', '2016-01-30 09:43:25'),
(205, 22, 337, 8, '2016-01-30 09:43:25', '2016-01-30 09:43:25'),
(206, 22, 334, 11, '2016-01-30 09:43:25', '2016-01-30 09:43:25'),
(207, 22, 333, 12, '2016-01-30 09:43:25', '2016-01-30 09:43:25'),
(208, 22, 325, 10, '2016-01-30 09:43:25', '2016-01-30 09:43:25'),
(209, 22, 324, 12, '2016-01-30 09:43:25', '2016-01-30 09:43:25'),
(210, 22, 323, 11, '2016-01-30 09:43:25', '2016-01-30 09:43:25'),
(211, 22, 326, 2, '2016-01-30 09:43:25', '2016-01-30 09:43:25'),
(212, 26, 410, 7, '2016-01-30 09:46:12', '2016-01-30 09:46:12'),
(213, 24, 349, 3, '2016-01-30 09:46:12', '2016-01-30 09:46:12'),
(214, 24, 350, 17, '2016-01-30 09:46:12', '2016-02-08 03:45:45'),
(215, 8, 140, 3, '2016-01-30 10:00:39', '2016-02-03 06:34:59'),
(216, 8, 138, 0, '2016-01-30 10:00:39', '2016-01-30 10:00:40'),
(217, 8, 128, 3, '2016-01-30 10:00:39', '2016-01-30 10:00:40'),
(218, 8, 130, 12, '2016-01-30 10:00:39', '2016-01-30 10:00:40'),
(219, 8, 408, 5, '2016-01-30 10:00:39', '2016-01-30 10:00:40'),
(220, 8, 409, 4, '2016-01-30 10:00:39', '2016-01-30 10:00:40'),
(221, 8, 406, 6, '2016-01-30 10:00:39', '2016-01-30 10:00:40'),
(222, 8, 474, 4, '2016-01-30 10:00:39', '2016-01-30 10:00:40'),
(223, 8, 473, 3, '2016-01-30 10:00:39', '2016-01-30 10:00:40'),
(224, 2, 4, 25, '2016-01-30 12:26:43', '2016-01-30 12:26:43'),
(225, 2, 11, 24, '2016-01-30 12:26:43', '2016-01-30 12:26:43'),
(226, 2, 5, 53, '2016-01-30 12:26:43', '2016-01-30 12:26:43'),
(227, 2, 1, 4, '2016-01-30 12:26:43', '2016-01-30 12:26:43'),
(228, 2, 2, 0, '2016-01-30 12:26:43', '2016-01-30 12:26:43'),
(229, 2, 53, 1, '2016-01-30 12:26:43', '2016-01-30 12:26:43'),
(230, 2, 7, 7, '2016-01-30 12:30:35', '2016-01-30 12:30:35'),
(231, 2, 10, 10, '2016-01-30 12:30:35', '2016-01-30 12:59:46'),
(232, 2, 9, 5, '2016-01-30 12:30:35', '2016-01-30 12:30:35'),
(233, 2, 6, 6, '2016-01-30 12:30:35', '2016-01-30 12:30:35'),
(234, 2, 54, 8, '2016-01-30 12:30:35', '2016-01-30 12:30:35'),
(235, 13, 92, 109, '2016-01-30 12:55:01', '2016-01-30 12:55:01'),
(236, 13, 91, 67, '2016-01-30 12:55:01', '2016-01-30 12:55:01'),
(237, 2, 155, 9, '2016-01-30 12:59:46', '2016-02-10 00:23:42'),
(238, 23, 309, 6, '2016-01-30 13:07:12', '2016-01-30 13:07:12'),
(239, 23, 311, 4, '2016-01-30 13:07:12', '2016-01-30 13:07:12'),
(240, 23, 315, 1, '2016-01-30 13:07:12', '2016-01-30 13:07:12'),
(241, 23, 314, 10, '2016-01-30 13:07:12', '2016-01-30 13:07:12'),
(242, 23, 317, 2, '2016-01-30 13:07:12', '2016-01-30 13:07:12'),
(243, 23, 316, 1, '2016-01-30 13:07:12', '2016-01-30 13:07:12'),
(244, 23, 307, 5, '2016-01-30 13:07:12', '2016-01-30 13:07:12'),
(245, 14, 243, 258, '2016-01-30 14:12:41', '2016-01-31 12:30:53'),
(246, 14, 244, 91, '2016-01-30 14:12:41', '2016-01-30 14:12:41'),
(247, 14, 245, 92, '2016-01-30 14:12:41', '2016-01-30 14:12:41'),
(248, 14, 246, 67, '2016-01-30 14:12:41', '2016-01-30 14:12:41'),
(249, 5, 399, 16, '2016-01-30 14:16:56', '2016-01-31 07:34:32'),
(250, 24, 343, 29, '2016-01-30 14:20:48', '2016-01-30 14:20:48'),
(251, 24, 346, 21, '2016-01-30 14:20:48', '2016-01-30 14:20:48'),
(252, 24, 347, 8, '2016-01-30 14:20:48', '2016-01-30 14:20:48'),
(253, 24, 348, 7, '2016-01-30 14:20:48', '2016-01-30 14:20:48'),
(254, 6, 414, 19, '2016-01-31 05:36:21', '2016-01-31 05:36:21'),
(255, 5, 89, 22, '2016-01-31 05:36:21', '2016-01-31 05:36:21'),
(256, 3, 475, 15, '2016-01-31 05:44:08', '2016-01-31 05:44:08'),
(257, 26, 417, 5, '2016-01-31 05:46:46', '2016-01-31 05:46:46'),
(258, 22, 332, 9, '2016-01-31 06:35:03', '2016-01-31 06:35:03'),
(259, 26, 384, 102, '2016-01-31 06:35:03', '2016-01-31 09:47:55'),
(260, 26, 386, 13, '2016-01-31 06:35:03', '2016-01-31 08:07:10'),
(261, 12, 439, 12, '2016-01-31 06:40:33', '2016-01-31 06:40:33'),
(262, 26, 385, 39, '2016-01-31 06:40:33', '2016-01-31 06:40:33'),
(263, 26, 416, 20, '2016-01-31 06:40:33', '2016-01-31 06:40:33'),
(264, 13, 96, 14, '2016-01-31 07:34:32', '2016-01-31 08:07:10'),
(265, 5, 69, 64, '2016-01-31 07:34:32', '2016-02-02 08:29:47'),
(266, 5, 63, 3, '2016-01-31 07:34:32', '2016-01-31 07:34:32'),
(267, 5, 64, 3, '2016-01-31 07:34:32', '2016-01-31 07:34:32'),
(268, 5, 62, 0, '2016-01-31 07:34:32', '2016-01-31 07:34:32'),
(269, 13, 227, 30, '2016-01-31 07:34:32', '2016-01-31 07:34:32'),
(270, 5, 476, 14, '2016-01-31 07:34:32', '2016-01-31 07:34:32'),
(271, 13, 228, 7, '2016-01-31 07:39:27', '2016-01-31 07:39:27'),
(272, 13, 378, 24, '2016-01-31 07:39:27', '2016-01-31 07:39:27'),
(273, 13, 381, 11, '2016-01-31 07:39:27', '2016-01-31 07:39:27'),
(274, 13, 230, 25, '2016-01-31 07:39:27', '2016-01-31 07:39:27'),
(275, 13, 231, 21, '2016-01-31 07:39:27', '2016-01-31 07:39:27'),
(276, 13, 232, 20, '2016-01-31 07:39:27', '2016-01-31 07:39:27'),
(277, 13, 298, 10, '2016-01-31 07:39:27', '2016-01-31 07:39:27'),
(278, 13, 299, 7, '2016-01-31 07:39:27', '2016-01-31 07:39:27'),
(279, 13, 477, 1, '2016-01-31 07:39:27', '2016-01-31 07:39:27'),
(280, 15, 260, 36, '2016-01-31 07:46:07', '2016-01-31 07:46:07'),
(281, 15, 258, 31, '2016-01-31 07:46:07', '2016-02-03 06:23:16'),
(282, 15, 259, 31, '2016-01-31 07:46:07', '2016-02-03 06:23:16'),
(283, 15, 257, 47, '2016-01-31 07:46:07', '2016-02-03 06:23:16'),
(284, 15, 261, 10, '2016-01-31 07:46:07', '2016-01-31 07:46:07'),
(285, 15, 262, 15, '2016-01-31 07:46:07', '2016-01-31 07:46:07'),
(286, 15, 263, 2, '2016-01-31 07:46:07', '2016-02-02 11:42:36'),
(287, 26, 418, 2, '2016-01-31 08:07:10', '2016-01-31 08:07:10'),
(288, 12, 420, 8, '2016-01-31 09:47:55', '2016-01-31 09:47:55'),
(289, 14, 478, 16, '2016-01-31 09:47:55', '2016-01-31 09:47:55'),
(290, 13, 74, 83, '2016-01-31 12:15:47', '2016-01-31 12:15:47'),
(291, 13, 97, 31, '2016-01-31 12:15:47', '2016-01-31 12:15:47'),
(292, 13, 480, 14, '2016-01-31 12:15:47', '2016-01-31 12:15:47'),
(293, 13, 73, 235, '2016-01-31 12:15:47', '2016-01-31 12:15:47'),
(294, 13, 72, 42, '2016-01-31 12:15:47', '2016-01-31 12:15:47'),
(295, 13, 481, 40, '2016-01-31 12:15:47', '2016-01-31 12:15:47'),
(296, 13, 482, 18, '2016-01-31 12:15:47', '2016-01-31 12:15:47'),
(297, 13, 427, 48, '2016-01-31 12:29:44', '2016-01-31 12:29:44'),
(298, 13, 483, 10, '2016-01-31 12:29:44', '2016-01-31 12:29:44'),
(299, 13, 484, 5, '2016-01-31 12:29:44', '2016-01-31 12:29:44'),
(300, 13, 485, 2, '2016-01-31 12:29:44', '2016-01-31 12:29:44'),
(301, 13, 486, 46, '2016-01-31 12:29:44', '2016-01-31 12:29:44'),
(302, 13, 488, 13, '2016-01-31 12:29:44', '2016-01-31 12:29:44'),
(303, 13, 489, 42, '2016-01-31 12:29:44', '2016-01-31 12:29:44'),
(304, 13, 490, 4, '2016-01-31 12:29:44', '2016-01-31 12:29:44'),
(305, 1, 20, 1.46, '2016-01-31 12:58:36', '2016-02-01 11:28:12'),
(306, 29, 491, 4, '2016-01-31 14:06:12', '2016-01-31 14:10:04'),
(307, 29, 492, 10, '2016-01-31 14:06:12', '2016-01-31 14:06:12'),
(308, 29, 493, 0, '2016-01-31 14:06:12', '2016-01-31 14:06:12'),
(309, 13, 494, 100, '2016-02-01 05:12:01', '2016-02-01 05:12:01'),
(310, 13, 495, 60, '2016-02-01 05:12:01', '2016-02-01 05:12:01'),
(311, 13, 71, 48, '2016-02-01 05:40:18', '2016-02-01 05:40:18'),
(312, 13, 496, 35, '2016-02-01 05:40:18', '2016-02-01 05:40:18'),
(313, 13, 497, 8, '2016-02-01 05:40:18', '2016-02-01 05:40:18'),
(314, 13, 70, 58, '2016-02-01 05:40:18', '2016-02-01 05:40:18'),
(315, 13, 498, 19, '2016-02-01 05:40:18', '2016-02-01 05:40:18'),
(316, 1, 22, 0.02, '2016-02-01 11:28:12', '2016-02-01 11:28:12'),
(317, 1, 189, 0.1, '2016-02-01 11:28:12', '2016-02-01 11:28:12'),
(318, 1, 421, 5.03, '2016-02-01 11:30:59', '2016-02-01 11:30:59'),
(319, 15, 170, 2, '2016-02-01 11:47:36', '2016-02-01 11:47:36'),
(320, 15, 171, 1, '2016-02-01 11:47:36', '2016-02-01 11:47:36'),
(321, 15, 172, 17, '2016-02-01 11:47:36', '2016-02-01 11:47:36'),
(322, 15, 256, 97, '2016-02-01 11:57:53', '2016-02-01 11:57:53'),
(323, 13, 76, 13, '2016-02-01 11:57:53', '2016-02-01 11:57:53'),
(324, 13, 500, 4, '2016-02-01 11:57:53', '2016-02-01 11:57:53'),
(325, 1, 194, 0.37, '2016-02-01 12:55:55', '2016-02-01 12:55:55'),
(326, 1, 383, 86, '2016-02-01 12:55:55', '2016-02-01 12:55:55'),
(327, 1, 501, 0.21, '2016-02-01 12:55:55', '2016-02-01 12:55:55'),
(328, 1, 23, 0.76, '2016-02-02 04:36:11', '2016-02-02 05:09:32'),
(329, 1, 182, 0.24, '2016-02-02 05:09:32', '2016-02-02 05:09:32'),
(330, 32, 504, 82, '2016-02-02 05:09:32', '2016-02-07 20:26:35'),
(331, 32, 505, 125, '2016-02-02 05:09:32', '2016-02-07 20:26:35'),
(332, 32, 506, 180, '2016-02-02 05:09:32', '2016-02-02 05:09:32'),
(333, 32, 507, 44, '2016-02-02 05:09:32', '2016-02-02 05:09:32'),
(334, 32, 508, 300, '2016-02-02 05:09:32', '2016-02-02 05:09:32'),
(335, 32, 509, 70, '2016-02-02 05:09:32', '2016-02-02 05:09:32'),
(336, 32, 510, 122, '2016-02-02 05:09:32', '2016-02-02 05:09:32'),
(337, 32, 511, 100, '2016-02-02 05:09:32', '2016-02-02 05:09:32'),
(338, 4, 127, 18, '2016-02-02 05:23:54', '2016-02-04 12:31:00'),
(339, 4, 226, 6, '2016-02-02 05:23:54', '2016-02-02 05:23:54'),
(340, 24, 375, 5, '2016-02-02 05:23:54', '2016-02-02 05:23:54'),
(341, 24, 370, 5, '2016-02-02 05:23:54', '2016-02-02 05:23:54'),
(342, 24, 369, 7, '2016-02-02 05:23:54', '2016-02-02 05:23:54'),
(343, 24, 372, 7, '2016-02-02 05:23:54', '2016-02-02 05:23:54'),
(344, 3, 160, 1, '2016-02-02 05:53:38', '2016-02-02 05:53:38'),
(345, 4, 125, 30, '2016-02-02 05:53:38', '2016-02-03 06:23:16'),
(346, 4, 126, 3, '2016-02-02 05:53:38', '2016-02-02 05:53:38'),
(347, 23, 318, 2, '2016-02-02 06:59:21', '2016-02-02 06:59:21'),
(348, 1, 512, -0, '2016-02-02 07:32:13', '2016-02-09 20:41:30'),
(349, 13, 95, 15, '2016-02-02 09:34:26', '2016-02-02 09:34:26'),
(350, 13, 94, 7, '2016-02-02 09:34:26', '2016-02-02 09:34:26'),
(351, 13, 93, 4, '2016-02-02 09:34:26', '2016-02-02 09:34:26'),
(352, 30, 423, 84, '2016-02-02 09:55:17', '2016-02-02 09:55:17'),
(353, 30, 422, 5, '2016-02-02 09:55:17', '2016-02-02 09:55:17'),
(354, 30, 513, 5, '2016-02-02 09:55:17', '2016-02-02 09:55:17'),
(355, 30, 514, 5, '2016-02-02 09:55:17', '2016-02-02 09:55:17'),
(356, 30, 517, 5, '2016-02-02 09:55:17', '2016-02-02 09:55:17'),
(357, 30, 516, 10, '2016-02-02 09:55:17', '2016-02-02 09:55:17'),
(358, 30, 515, 4, '2016-02-02 09:55:17', '2016-02-02 09:55:17'),
(359, 28, 415, 306, '2016-02-02 12:59:02', '2016-02-02 12:59:02'),
(360, 9, 115, 0, '2016-02-02 14:01:09', '2016-02-02 14:01:09'),
(361, 19, 174, 80.4, '2016-02-02 14:08:28', '2016-02-03 06:20:48'),
(362, 19, 175, 99.8, '2016-02-02 14:08:28', '2016-02-03 06:20:48'),
(363, 19, 177, 5, '2016-02-02 14:08:28', '2016-02-02 14:08:28'),
(364, 19, 179, 20.8, '2016-02-02 14:08:28', '2016-02-03 06:20:48'),
(365, 8, 137, 0, '2016-02-02 14:11:56', '2016-02-02 14:11:56'),
(366, 6, 518, 0, '2016-02-02 14:26:41', '2016-02-02 14:26:41'),
(367, 19, 178, 23, '2016-02-03 06:20:48', '2016-02-03 06:20:48'),
(368, 19, 180, 16, '2016-02-03 06:20:48', '2016-02-03 06:20:48'),
(369, 19, 181, 30, '2016-02-03 06:20:48', '2016-02-03 06:20:48'),
(370, 19, 519, 75, '2016-02-03 06:20:48', '2016-02-03 06:20:48'),
(371, 19, 520, 3.5, '2016-02-03 06:20:48', '2016-02-03 06:20:48'),
(372, 13, 376, 79, '2016-02-03 06:23:16', '2016-02-03 06:23:16'),
(373, 34, 525, 184, '2016-02-04 12:52:27', '2016-02-04 12:52:27'),
(374, 33, 521, 92, '2016-02-04 12:54:08', '2016-02-04 12:54:08'),
(375, 33, 522, 50, '2016-02-04 12:54:08', '2016-02-04 12:54:08'),
(376, 33, 524, 30, '2016-02-04 12:54:08', '2016-02-04 12:54:08'),
(377, 33, 523, 2, '2016-02-04 12:54:08', '2016-02-04 12:54:08'),
(378, 35, 526, 11, '2016-02-04 13:12:49', '2016-02-04 13:12:49'),
(379, 35, 528, 10, '2016-02-04 13:12:49', '2016-02-04 13:12:49'),
(380, 35, 527, 3, '2016-02-04 13:12:49', '2016-02-06 00:37:40'),
(381, 35, 529, 4, '2016-02-04 13:12:49', '2016-02-04 13:12:49'),
(382, 35, 530, 7, '2016-02-04 13:12:49', '2016-02-04 13:12:49'),
(383, 12, 531, 2, '2016-02-04 13:45:25', '2016-02-07 02:07:19'),
(384, 3, 532, 3, '2016-02-04 14:40:51', '2016-02-04 14:40:51'),
(385, 13, 394, 3, '2016-02-05 23:03:37', '2016-02-05 23:03:37'),
(386, 13, 393, 20, '2016-02-05 23:03:37', '2016-02-05 23:03:37'),
(387, 13, 392, 74, '2016-02-05 23:12:46', '2016-02-05 23:12:46'),
(388, 20, 540, 9, '2016-02-06 00:37:40', '2016-02-06 00:37:40'),
(389, 20, 539, 10, '2016-02-06 00:37:40', '2016-02-06 00:37:40'),
(390, 20, 538, 12, '2016-02-06 00:37:40', '2016-02-06 00:37:40'),
(391, 20, 537, 9, '2016-02-06 00:37:40', '2016-02-06 00:37:40'),
(392, 35, 541, 15, '2016-02-06 00:37:40', '2016-02-06 00:37:40'),
(393, 35, 542, 18, '2016-02-06 00:37:40', '2016-02-06 00:37:40'),
(394, 35, 543, 24, '2016-02-06 00:37:40', '2016-02-06 00:37:40'),
(395, 36, 536, 122, '2016-02-06 00:37:40', '2016-02-06 00:37:40'),
(396, 36, 535, 40, '2016-02-06 00:37:40', '2016-02-06 00:37:40'),
(397, 36, 534, 53, '2016-02-06 00:37:40', '2016-02-06 00:37:40'),
(398, 35, 544, 4, '2016-02-06 00:37:40', '2016-02-06 00:37:40'),
(399, 10, 545, 3, '2016-02-06 00:37:40', '2016-02-06 00:37:40'),
(400, 1, 533, 930, '2016-02-06 00:37:40', '2016-02-06 00:37:40'),
(401, 1, 233, 0.6, '2016-02-06 00:37:40', '2016-02-06 00:37:40'),
(402, 25, 551, 5, '2016-02-06 19:57:58', '2016-02-06 19:57:58'),
(403, 25, 549, 3, '2016-02-06 19:57:58', '2016-02-06 19:57:58'),
(404, 25, 550, 2, '2016-02-06 19:57:58', '2016-02-06 19:57:58'),
(405, 18, 552, 2, '2016-02-06 19:57:58', '2016-02-06 19:57:58'),
(406, 18, 547, 2, '2016-02-06 19:57:58', '2016-02-06 19:57:58'),
(407, 18, 546, 1, '2016-02-06 19:57:58', '2016-02-06 19:57:58'),
(408, 18, 548, 2, '2016-02-06 19:57:58', '2016-02-06 19:57:58'),
(409, 13, 553, 29, '2016-02-07 00:30:16', '2016-02-07 00:30:16'),
(410, 18, 554, 2, '2016-02-07 02:52:50', '2016-02-07 02:52:50'),
(411, 1, 85, 1, '2016-02-07 17:46:13', '2016-02-07 17:46:13'),
(412, 26, 388, 22, '2016-02-09 21:58:39', '2016-02-09 21:58:39'),
(413, 12, 374, 10, '2016-02-10 00:43:38', '2016-02-10 00:43:38');

-- --------------------------------------------------------

--
-- Table structure for table `stock_pay`
--

CREATE TABLE IF NOT EXISTS `stock_pay` (
  `id` int(11) NOT NULL AUTO_INCREMENT,
  `vendor_name` varchar(50) COLLATE utf8_unicode_ci DEFAULT NULL,
  `vendor_address` varchar(100) COLLATE utf8_unicode_ci NOT NULL,
  `total_price` int(11) DEFAULT NULL,
  `discount` int(11) DEFAULT NULL,
  `net_price` int(11) DEFAULT NULL,
  `paid` int(11) DEFAULT NULL,
  `due` int(11) DEFAULT NULL,
  `created_at` timestamp NULL DEFAULT NULL,
  `updated_at` timestamp NULL DEFAULT NULL,
  PRIMARY KEY (`id`)
) ENGINE=InnoDB  DEFAULT CHARSET=utf8 COLLATE=utf8_unicode_ci AUTO_INCREMENT=135 ;

--
-- Dumping data for table `stock_pay`
--

INSERT INTO `stock_pay` (`id`, `vendor_name`, `vendor_address`, `total_price`, `discount`, `net_price`, `paid`, `due`, `created_at`, `updated_at`) VALUES
(1, 'Firefly', 'Dhaka', 7400, 0, 7400, 7400, 0, '2016-01-25 06:36:38', '2016-01-25 06:36:38'),
(2, 'Nawbpur', 'Dhaka', 3320, 0, 3320, 3320, 0, '2016-01-25 06:48:21', '2016-01-25 07:22:06'),
(3, 'AL Halal Cor', 'Dhaka', 7990, 0, 7990, 7990, 0, '2016-01-25 07:08:16', '2016-01-25 07:08:16'),
(4, 'OMOR ELE', 'Maskanda', 1715, 0, 1715, 1715, 0, '2016-01-25 07:13:38', '2016-01-25 07:13:38'),
(5, 'Shawon Electric', 'Maskanda', 3525, 0, 3525, 3525, 0, '2016-01-25 07:32:42', '2016-01-25 07:32:42'),
(6, 'Electron', 'Dkaka', 8923, 0, 8923, 8923, 0, '2016-01-25 08:41:52', '2016-01-25 08:41:52'),
(7, 'Shawon Electric', '0171', 7336, 0, 7336, 7336, 0, '2016-01-25 09:03:02', '2016-01-25 09:03:02'),
(8, 'Al- Halal Electric', 'Dkaka', 1650, 0, 1650, 1650, 0, '2016-01-25 09:07:47', '2016-01-25 09:07:47'),
(9, 'Omor Ele', 'Maskanda', 1008, 0, 1008, 1008, 0, '2016-01-25 09:09:56', '2016-01-25 09:09:56'),
(10, 'AL Halal Cor', 'Dhaka', 4617, 0, 4617, 4617, 0, '2016-01-25 09:42:16', '2016-01-25 09:42:36'),
(11, 'AL Halal Cor', 'Dhaka', 3770, 0, 3770, 3770, 0, '2016-01-25 09:51:50', '2016-01-25 09:51:50'),
(12, 'Energy Pac', 'Mymensingh', 10670, 0, 10670, 10670, 0, '2016-01-25 11:15:21', '2016-01-25 11:15:21'),
(13, 'Energy Pac', 'Mymensingh', 3862, 0, 3862, 3862, 0, '2016-01-25 11:20:22', '2016-01-25 11:20:22'),
(14, 'Energy Pac', '0171', 2040, 0, 2040, 2040, 0, '2016-01-25 11:24:07', '2016-01-25 11:24:07'),
(15, 'Superstar', 'Mymensingh', 1240, 0, 1240, 1240, 0, '2016-01-25 11:27:46', '2016-01-25 11:27:46'),
(16, 'Energy Pac', 'Mymensingh', 1190, 0, 1190, 1190, 0, '2016-01-25 11:29:25', '2016-01-25 11:29:25'),
(17, 'Energy Pac', 'Mymensingh', 345, 0, 345, 345, 0, '2016-01-25 12:05:39', '2016-01-25 12:05:39'),
(18, 'Al- Halal Electric', 'Dkaka', 170, 0, 170, 170, 0, '2016-01-26 14:14:26', '2016-01-26 14:14:26'),
(19, 'SQ Cable', 'Mymensingh', 9257, 0, 9257, 9257, 0, '2016-01-27 07:06:19', '2016-01-27 07:06:19'),
(20, 'BRB Cable', 'Mymensingh', 1872, 0, 1872, 1872, 0, '2016-01-27 07:27:17', '2016-01-27 07:27:17'),
(21, 'SQ Cable', 'Mymensingh', 616, 0, 616, 616, 0, '2016-01-27 07:37:02', '2016-01-27 07:37:02'),
(22, 'Jumona Ele', 'Mymensingh', 1295, 0, 1295, 1295, 0, '2016-01-27 14:15:38', '2016-01-27 14:15:38'),
(23, 'Al- Halal Electric', 'Dkaka', 4626, 0, 4626, 4626, 0, '2016-01-27 14:40:02', '2016-01-27 14:40:02'),
(24, 'CBE', 'Dkaka', 3990, 0, 3990, 3990, 0, '2016-01-28 06:38:20', '2016-01-28 06:38:20'),
(25, 'Al- Halal Electric', 'Mymensingh', 9550, 0, 9550, 9550, 0, '2016-01-28 09:44:47', '2016-01-28 09:44:47'),
(26, 'Al- Halal Electric', 'Dkaka', 1538, 0, 1538, 1538, 0, '2016-01-28 09:57:07', '2016-01-28 09:57:07'),
(27, 'Al- Halal Electric', 'Mymensingh', 3233, 0, 3233, 3233, 0, '2016-01-28 10:14:01', '2016-01-28 10:14:01'),
(28, 'Al- Halal Electric', 'Dkaka', 140, 0, 140, 140, 0, '2016-01-28 10:14:53', '2016-01-28 10:14:53'),
(29, 'Ripon Ele', 'Mymensingh', 10090, 0, 10090, 10090, 0, '2016-01-28 10:21:54', '2016-01-28 10:21:54'),
(30, 'Jumona Ele', 'Mymensingh', 1610, 0, 1610, 1610, 0, '2016-01-28 10:37:04', '2016-01-28 10:37:04'),
(31, 'Dhaka ', 'Nawabpur', 1990, 0, 1990, 1990, 0, '2016-01-28 10:44:38', '2016-01-28 10:44:38'),
(32, 'Dhaka Ele', 'Mymensingh', 298, 0, 298, 298, 0, '2016-01-28 10:49:11', '2016-01-28 10:49:11'),
(33, 'shakor comonication', '01914974022', 2377, 0, 2377, 2377, 0, '2016-01-28 11:17:41', '2016-01-28 11:17:41'),
(34, 'shakor comonication', '01914974022', 496, 0, 496, 496, 0, '2016-01-28 11:24:31', '2016-01-28 11:24:31'),
(35, 'kitty', 'Dkaka', 2310, 0, 2310, 2310, 0, '2016-01-28 11:29:51', '2016-01-28 11:29:51'),
(36, 'Superstar', 'Mymensingh', 1800, 0, 1800, 1800, 0, '2016-01-28 11:33:37', '2016-01-28 11:33:37'),
(37, 'Tanco Ele', 'Mymensingh', 907, 0, 907, 907, 0, '2016-01-28 11:38:18', '2016-01-28 11:38:18'),
(38, 'Al- Halal Electric', 'Dkaka', 2970, 0, 2970, 2970, 0, '2016-01-28 11:48:26', '2016-01-28 11:48:26'),
(39, 'Al- Halal Electric', 'Dkaka', 8527, 0, 8527, 8527, 0, '2016-01-28 11:54:41', '2016-01-28 11:54:41'),
(40, 'Energy Pac', 'Mymensingh', 4530, 0, 4530, 4530, 0, '2016-01-28 12:06:13', '2016-01-28 12:06:13'),
(41, 'Al- Halal Electric', 'Dkaka', 470, 0, 470, 470, 0, '2016-01-28 12:11:12', '2016-01-28 12:11:12'),
(42, 'Dhaka', 'Nawabpur', 30, 0, 30, 30, 0, '2016-01-29 05:00:37', '2016-01-29 05:00:37'),
(43, 'Al- Halal Electric', 'Dkaka', 200, 0, 200, 200, 0, '2016-01-29 05:02:43', '2016-01-29 05:02:43'),
(44, 'Olympic ', 'Mymensingh', 1428, 0, 1428, 1428, 0, '2016-01-29 06:21:03', '2016-01-29 06:21:03'),
(45, 'BBS Cable', 'Mymensingh', 22838, 0, 22838, 11467, 11371, '2016-01-30 09:16:54', '2016-02-07 18:19:10'),
(46, 'SQ Cabile', 'Mymensingh', 10526, 0, 10526, 10526, 0, '2016-01-30 09:19:49', '2016-01-30 09:19:49'),
(47, 'RFL Bizli cabile', 'Mymensingh', 17908, 0, 17908, 0, 17908, '2016-01-30 09:24:28', '2016-01-30 09:24:28'),
(48, 'RFl', 'Mymensingh', 1770, 0, 1770, 1770, 0, '2016-01-30 09:27:57', '2016-01-30 09:27:57'),
(49, 'Superstar', 'Mymensingh', 2304, 0, 2304, 2304, 0, '2016-01-30 09:33:43', '2016-01-30 09:33:43'),
(50, 'Omor Ele', 'Mymensingh', 2722, 0, 2722, 2722, 0, '2016-01-30 09:37:32', '2016-01-30 09:37:32'),
(51, 'Tanco', 'Mymensingh', 2851, 0, 2851, 2851, 0, '2016-01-30 09:43:25', '2016-01-30 09:43:25'),
(52, 'Omor', 'M.singh', 1112, 0, 1112, 1112, 0, '2016-01-30 09:46:12', '2016-01-30 09:46:12'),
(53, 'Kitty ', 'Dhaka', 3080, 0, 3080, 0, 3080, '2016-01-30 10:00:39', '2016-01-30 10:00:39'),
(54, 'Kitty ', 'Dhaka', 3080, 0, 3080, 3080, 0, '2016-01-30 10:00:40', '2016-01-30 12:27:43'),
(55, 'Kitty', 'Dhaka', 220, 0, 220, 220, 0, '2016-01-30 11:19:09', '2016-01-30 11:19:09'),
(56, 'Energy Pac', 'M.Singh', 28533, 0, 28533, 8011, 20522, '2016-01-30 12:26:43', '2016-02-07 19:15:36'),
(57, 'Omor ele', 'm.singh', 4777, 0, 4777, 4777, 0, '2016-01-30 12:30:35', '2016-01-30 12:30:35'),
(58, 'BBS', 'M.singh', 2811, 0, 2811, 2811, 0, '2016-01-30 12:55:01', '2016-01-30 12:55:01'),
(59, 'Omor Ele', 'M.singh', 2566, 0, 2566, 2566, 0, '2016-01-30 12:59:46', '2016-01-30 12:59:46'),
(60, 'Omor Ele', 'M.singh', 1261, 0, 1261, 1261, 0, '2016-01-30 13:07:12', '2016-01-30 13:07:12'),
(61, 'MTC', 'Dhaka', 5167, 0, 5167, 5167, 0, '2016-01-30 14:12:41', '2016-01-30 14:12:41'),
(62, 'Omor Ele', 'Mymensingh', 504, 0, 504, 504, 0, '2016-01-30 14:16:56', '2016-01-30 14:16:56'),
(63, 'Local', 'm.singh', 915, 0, 915, 915, 0, '2016-01-30 14:20:48', '2016-01-30 14:20:48'),
(64, 'Al- Halal Electric', 'Dkaka', 1590, 0, 1590, 1590, 0, '2016-01-31 05:36:21', '2016-01-31 05:36:21'),
(65, 'Jumona Ele', 'Mymensingh', 450, 0, 450, 450, 0, '2016-01-31 05:44:08', '2016-01-31 05:44:08'),
(66, 'Cash', 'Nawabpur', 75, 0, 75, 75, 0, '2016-01-31 05:46:46', '2016-01-31 05:46:46'),
(67, 'Jumona Ele', 'Mymensingh', 3275, 0, 3275, 3275, 0, '2016-01-31 06:35:03', '2016-01-31 06:35:03'),
(68, 'Al- Halal Electric', 'Nawabpur', 1197, 0, 1197, 1197, 0, '2016-01-31 06:40:33', '2016-01-31 06:40:33'),
(69, 'Al- Halal Electric', 'Dkaka', 180, 0, 180, 180, 0, '2016-01-31 06:50:46', '2016-01-31 06:50:46'),
(70, 'Jumona Ele', 'Mymensingh', 1969, 0, 1969, 1969, 0, '2016-01-31 07:34:32', '2016-01-31 07:34:32'),
(71, 'Omor Ele', 'Maskanda', 3034, 0, 3034, 3034, 0, '2016-01-31 07:39:27', '2016-01-31 07:39:27'),
(72, 'Al- Halal Electric', 'Dkaka', 1811, 0, 1811, 1811, 0, '2016-01-31 07:46:07', '2016-01-31 07:46:07'),
(73, 'Al- Halal Electric', 'Dkaka', 125, 0, 125, 125, 0, '2016-01-31 08:07:10', '2016-01-31 08:07:10'),
(74, 'Omor Ele', 'Maskanda', 18, 0, 18, 18, 0, '2016-01-31 08:07:49', '2016-01-31 08:07:49'),
(75, 'Olympic', 'Mymensingh', 12, 0, 12, 12, 0, '2016-01-31 08:08:38', '2016-01-31 08:08:38'),
(76, 'Jumona Ele', 'Mymensingh', 595, 0, 595, 595, 0, '2016-01-31 09:47:55', '2016-01-31 09:47:55'),
(77, 'snot El', 'mymensingh', 4479, 0, 4479, 4479, 0, '2016-01-31 12:15:47', '2016-01-31 12:15:47'),
(78, 'snot El', 'Mymensingh', 453, 0, 453, 453, 0, '2016-01-31 12:29:44', '2016-01-31 12:29:44'),
(79, 'snot El', 'Mymensingh', 9, 0, 9, 9, 0, '2016-01-31 12:30:53', '2016-01-31 12:30:53'),
(80, 'RFL', 'm.singh', 3555, 0, 3555, 3555, 0, '2016-01-31 12:58:36', '2016-01-31 12:58:36'),
(81, 'Omor Ele', 'Mymensingh', 267, 0, 267, 267, 0, '2016-01-31 14:06:12', '2016-01-31 14:06:12'),
(82, 'snot El', 'Mymensingh', 17, 0, 17, 17, 0, '2016-01-31 14:10:04', '2016-01-31 14:10:04'),
(83, 'Sonot Ele', 'Mymensingh', 2876, 0, 2876, 2876, 0, '2016-02-01 05:12:01', '2016-02-04 11:43:20'),
(84, 'Ctiy Power', 'Mymensingh', 10892, 0, 10892, 10892, 0, '2016-02-01 05:40:18', '2016-02-01 10:46:49'),
(85, 'SQ Cable', 'Mymensingh', 3202, 0, 3202, 0, 3202, '2016-02-01 11:28:12', '2016-02-01 11:28:12'),
(86, 'BBS Cable', 'Mymensingh', 4895, 31, 4864, 0, 4864, '2016-02-01 11:30:59', '2016-02-01 11:30:59'),
(87, 'Omor Ele', 'Mymensingh', 561, 0, 561, 561, 0, '2016-02-01 11:47:36', '2016-02-01 11:47:36'),
(88, 'Electron', 'Dhaka', 1056, 0, 1056, 1056, 0, '2016-02-01 11:57:53', '2016-02-01 11:57:53'),
(89, 'appollo Cable', 'Dkaka', 5799, 0, 5799, 5799, 0, '2016-02-01 12:55:55', '2016-02-01 12:55:55'),
(90, 'Rfl', 'Mymensingh', 1627, 0, 1627, 1627, 0, '2016-02-02 04:36:11', '2016-02-02 05:14:36'),
(91, 'Bizli Cabile', 'Mymensingh', 3013, 0, 3013, 0, 3013, '2016-02-02 05:09:32', '2016-02-02 05:09:32'),
(92, 'snot El', 'Mymensingh', 1409, 0, 1409, 1409, 0, '2016-02-02 05:23:54', '2016-02-02 05:23:54'),
(93, 'snot El', 'Mymensingh', 1173, 0, 1173, 1173, 0, '2016-02-02 05:53:38', '2016-02-02 05:53:38'),
(94, 'Omor Ele', 'Mymensingh', 390, 0, 390, 390, 0, '2016-02-02 06:59:21', '2016-02-02 06:59:21'),
(95, 'Shovo', 'Mymensingh', 750, 0, 750, 750, 0, '2016-02-02 07:32:13', '2016-02-02 07:32:13'),
(96, 'Bangol', 'mymensingh', 792, 72, 720, 720, 0, '2016-02-02 08:29:47', '2016-02-02 08:29:47'),
(97, 'snot El', 'Mymensingh', 364, 0, 364, 364, 0, '2016-02-02 09:34:26', '2016-02-02 09:34:26'),
(98, 'Jonota', 'Mymensingh', 6050, 0, 6050, 6050, 0, '2016-02-02 09:55:17', '2016-02-02 09:55:17'),
(99, 'snot El', 'Mymensingh', 38, 0, 38, 38, 0, '2016-02-02 11:42:36', '2016-02-02 11:42:36'),
(100, 'Aklima Ent.', '01683505057', 2900, 0, 2900, 20, 2880, '2016-02-02 12:59:02', '2016-02-02 12:59:47'),
(101, 'Energy Pac', 'Mymensingh', 1380, 0, 1380, 1380, 0, '2016-02-02 13:57:39', '2016-02-02 13:57:39'),
(102, 'Energy Pac', 'Mymensingh', 3156, 0, 3156, 3156, 0, '2016-02-02 14:01:09', '2016-02-04 11:44:36'),
(103, 'Omor Ele', 'Mymensingh', 200, 0, 200, 200, 0, '2016-02-02 14:04:00', '2016-02-04 11:42:41'),
(104, 'Omor Ele', 'Mymensingh', 185, 0, 185, 185, 0, '2016-02-02 14:08:28', '2016-02-04 11:42:27'),
(105, 'Omor Ele', 'Maskanda', 1320, 0, 1320, 1320, 0, '2016-02-02 14:11:56', '2016-02-04 11:42:09'),
(106, 'snot El', 'Mymensingh', 3390, 0, 3390, 0, 3390, '2016-02-02 14:26:41', '2016-02-02 14:26:41'),
(107, 'energy Pac', 'Mymensingh', 1380, 0, 1380, 1380, 0, '2016-02-02 14:46:01', '2016-02-04 11:41:53'),
(108, 'snot El', 'Mymensingh', 2051, 0, 2051, 2051, 0, '2016-02-03 06:20:48', '2016-02-03 06:20:48'),
(109, 'snot El', 'Mymensingh', 3960, 0, 3960, 3960, 0, '2016-02-03 06:23:16', '2016-02-03 06:23:16'),
(110, 'snot El', 'Mymensingh', 440, 0, 440, 440, 0, '2016-02-03 06:34:59', '2016-02-03 06:34:59'),
(111, 'snot El', 'Mymensingh', 8020, 0, 8020, 5000, 3020, '2016-02-04 12:31:00', '2016-02-04 12:31:00'),
(112, 'Jonota', 'Mymensingh', 76, 0, 76, 76, 0, '2016-02-04 12:52:27', '2016-02-04 12:52:27'),
(113, 'Jonota', 'Mymensingh', 3768, 0, 3768, 3768, 0, '2016-02-04 12:54:08', '2016-02-04 12:54:08'),
(114, 'Jonota', 'Mymensingh', 781, 0, 781, 781, 0, '2016-02-04 13:12:49', '2016-02-04 13:12:49'),
(115, 'sonot El', 'Mymensingh', 60, 0, 60, 60, 0, '2016-02-04 13:45:25', '2016-02-04 13:45:25'),
(116, 'Al- Halal Electric', 'Dkaka', 630, 0, 630, 630, 0, '2016-02-04 14:40:51', '2016-02-04 14:40:51'),
(117, 'snot El', 'Mymensingh', 928, 900, 28, 28, 0, '2016-02-05 23:03:37', '2016-02-05 23:20:08'),
(118, 'snot El', 'Mymensingh', 624, 600, 24, 24, 0, '2016-02-05 23:12:46', '2016-02-05 23:12:46'),
(119, 'snot El', 'Mymensingh', 6291, 6290, 1, 1, 0, '2016-02-06 00:37:40', '2016-02-06 00:37:40'),
(120, 'shakor comonication', '01914974022', 1461, 86, 1375, 1375, 0, '2016-02-06 19:57:58', '2016-02-10 04:31:39'),
(121, 'Omor Ele', 'mymensingh', 465, 460, 5, 5, 0, '2016-02-07 00:30:16', '2016-02-07 00:30:16'),
(122, 'Al- Halal Electric', 'Dkaka', 335, 330, 5, 5, 0, '2016-02-07 02:07:19', '2016-02-07 02:07:19'),
(123, 'shakor comonication', '01914974022', 210, 10, 200, 200, 0, '2016-02-07 02:52:50', '2016-02-07 02:52:50'),
(124, 'snot El', 'Mymensingh', 25, 24, 1, 1, 0, '2016-02-07 03:02:14', '2016-02-07 03:02:44'),
(125, 'snot El', 'Mymensingh', 90, 85, 5, 5, 0, '2016-02-07 03:18:44', '2016-02-07 03:18:44'),
(126, 'BBS Cable', 'Mymensingh', 7264, 0, 7264, 0, 7264, '2016-02-07 17:46:13', '2016-02-07 17:46:13'),
(127, 'snot El', 'Mymensingh', 3932, 42, 3890, 3890, 0, '2016-02-07 20:26:35', '2016-02-07 20:26:35'),
(128, 'Energy Pac', 'Mymensingh', 6950, 0, 6950, 0, 6950, '2016-02-08 02:01:25', '2016-02-08 02:01:25'),
(129, 'snot El', 'Mymensingh', 45, 0, 45, 45, 0, '2016-02-08 03:45:45', '2016-02-08 03:45:45'),
(130, 'RFL', 'Dhaka', 45, 44, 1, 1, 0, '2016-02-09 20:41:30', '2016-02-09 20:41:30'),
(131, 'kitty', 'Dkaka', 667, 660, 7, 7, 0, '2016-02-09 21:58:39', '2016-02-09 21:58:39'),
(132, 'Energy Pac', 'Mymensingh', 173, 133, 40, 40, 0, '2016-02-10 00:23:42', '2016-02-10 00:23:42'),
(133, 'snot El', 'Mymensingh', 144, 140, 4, 4, 0, '2016-02-10 00:43:38', '2016-02-10 00:43:38'),
(134, 'Al- Halal Electric', 'Dkaka', 238, 230, 8, 8, 0, '2016-02-10 18:36:55', '2016-02-10 18:36:55');

-- --------------------------------------------------------

--
-- Table structure for table `users`
--

CREATE TABLE IF NOT EXISTS `users` (
  `id` int(10) unsigned NOT NULL AUTO_INCREMENT,
  `name` varchar(50) COLLATE utf8_unicode_ci NOT NULL,
  `email` varchar(255) COLLATE utf8_unicode_ci NOT NULL,
  `password` varchar(60) COLLATE utf8_unicode_ci NOT NULL,
  `remember_token` varchar(100) COLLATE utf8_unicode_ci DEFAULT NULL,
  `role` varchar(20) COLLATE utf8_unicode_ci NOT NULL,
  `created_at` timestamp NOT NULL DEFAULT '0000-00-00 00:00:00',
  `updated_at` timestamp NOT NULL DEFAULT '0000-00-00 00:00:00',
  PRIMARY KEY (`id`),
  UNIQUE KEY `users_email_unique` (`email`),
  UNIQUE KEY `name` (`name`)
) ENGINE=InnoDB  DEFAULT CHARSET=utf8 COLLATE=utf8_unicode_ci AUTO_INCREMENT=5 ;

--
-- Dumping data for table `users`
--

INSERT INTO `users` (`id`, `name`, `email`, `password`, `remember_token`, `role`, `created_at`, `updated_at`) VALUES
(1, 'Nazmul Haque', 'nlnazmul@gmail.com', '$2y$10$/mKQ71sp4VkLhHeN7PS6yelPvObZtglqvQg6H4amk63R.EvtVaDom', 'q1EQp3c7R9tCkSr14jcPoP4rmRcsiycJZQUewvpOWACI5nSq3ld5kBHZVjFe', 'superadmin', '2016-01-16 17:37:07', '2016-02-10 02:14:28'),
(2, 'alam', 'ayanelectric1@gmail.com', '$2y$10$Ca6/Oscat6wegXFKDZYhl.fIXztU7tASFoyfTwn3P4h2pjBcgki.6', 'fGVmuPhN2aV4nNrUECJch020WZ1KUdG7KzMtTJGXJSY8Nd1jaD6B8DPVf84u', 'superadmin', '2016-01-17 16:32:57', '2016-02-10 18:04:34'),
(3, 'Kunjo', 'ayanelectric2@gmail.com', '$2y$10$REdgp0.KSMuvMjZbC1f5IegfiottlgvEkdYGdn7NO3qGcMx5yTIXi', 'ZnO12O1rmDVgscMmGgMSypD4qpClaLsSQtSZo8jAbYZde4xHNlQ4KwnRznCv', 'seller', '2016-01-17 17:02:38', '2016-02-10 03:23:59'),
(4, 'riva', 'riva385@gmail.com', '$2y$10$fIb1Xv3LfrD8630M48K01.EiwpbzXu3sIGiH3.U7NgcoRwyo5rftu', '1kHdYkguorAz3z6rweztYLsXYhSidKnVHqWsJw122fhDpTPk01CM7k3WVVAE', 'admin', '2016-01-24 09:35:34', '2016-02-01 23:52:33');

--
-- Constraints for dumped tables
--

--
-- Constraints for table `loan_installment`
--
ALTER TABLE `loan_installment`
  ADD CONSTRAINT `loan_installment_ibfk_1` FOREIGN KEY (`lid`) REFERENCES `loan` (`lid`);

--
-- Constraints for table `product`
--
ALTER TABLE `product`
  ADD CONSTRAINT `fk_product_category` FOREIGN KEY (`cid`) REFERENCES `product_category` (`cid`);

--
-- Constraints for table `stock`
--
ALTER TABLE `stock`
  ADD CONSTRAINT `stock_ibfk_1` FOREIGN KEY (`pid`) REFERENCES `product` (`pid`);

/*!40101 SET CHARACTER_SET_CLIENT=@OLD_CHARACTER_SET_CLIENT */;
/*!40101 SET CHARACTER_SET_RESULTS=@OLD_CHARACTER_SET_RESULTS */;
/*!40101 SET COLLATION_CONNECTION=@OLD_COLLATION_CONNECTION */;
