-- phpMyAdmin SQL Dump
-- version 4.1.14
-- http://www.phpmyadmin.net
--
-- Host: 127.0.0.1
-- Generation Time: Oct 02, 2016 at 06:45 PM
-- Server version: 5.6.17
-- PHP Version: 5.5.12

SET SQL_MODE = "NO_AUTO_VALUE_ON_ZERO";
SET time_zone = "+00:00";


/*!40101 SET @OLD_CHARACTER_SET_CLIENT=@@CHARACTER_SET_CLIENT */;
/*!40101 SET @OLD_CHARACTER_SET_RESULTS=@@CHARACTER_SET_RESULTS */;
/*!40101 SET @OLD_COLLATION_CONNECTION=@@COLLATION_CONNECTION */;
/*!40101 SET NAMES utf8 */;

--
-- Database: `ayanbd_pos`
--

-- --------------------------------------------------------

--
-- Table structure for table `consumer`
--

CREATE TABLE IF NOT EXISTS `consumer` (
  `id` int(11) NOT NULL AUTO_INCREMENT,
  `name` varchar(50) COLLATE utf8_unicode_ci DEFAULT NULL,
  `address` varchar(255) COLLATE utf8_unicode_ci DEFAULT NULL,
  `type` varchar(10) COLLATE utf8_unicode_ci DEFAULT NULL,
  `created_at` timestamp NULL DEFAULT CURRENT_TIMESTAMP,
  `updated_at` timestamp NULL DEFAULT NULL,
  PRIMARY KEY (`id`)
) ENGINE=InnoDB  DEFAULT CHARSET=utf8 COLLATE=utf8_unicode_ci AUTO_INCREMENT=10 ;

--
-- Dumping data for table `consumer`
--

INSERT INTO `consumer` (`id`, `name`, `address`, `type`, `created_at`, `updated_at`) VALUES
(1, 'Iqbal Vai', 'Chokaytola (01718140629)', 'client', '2016-05-09 07:58:31', '2016-05-09 07:58:31'),
(2, 'Cash Customer', 'Cash', 'client', '2016-05-09 17:19:24', '2016-05-09 17:20:40'),
(3, 'Local Area', 'Mymensingh', 'vendor', '2016-05-09 17:21:26', '2016-05-09 17:21:26'),
(4, 'Kazol Vi (Ele)', 'Akua', 'client', '2016-05-10 17:53:48', '2016-05-10 17:53:48'),
(5, 'Shamol (Ele)', 'Akua', 'client', '2016-05-11 05:19:08', '2016-05-11 05:19:08'),
(6, 'Anwar Vi/Manin Atuo', 'Akua', 'client', '2016-05-11 05:27:54', '2016-05-11 05:27:54'),
(7, 'Appollo Trad', 'M S Electric Market,Nawbubpur', 'vendor', '2016-05-11 21:16:17', '2016-05-11 21:16:17'),
(8, 'MR Cable', 'Mymensingh', 'vendor', '2016-05-13 02:28:53', '2016-05-13 02:28:53'),
(9, 'Gard / Caca', 'Akua', 'client', '2016-05-13 02:31:23', '2016-05-13 02:31:23');

-- --------------------------------------------------------

--
-- Table structure for table `income`
--

CREATE TABLE IF NOT EXISTS `income` (
  `id` int(11) NOT NULL AUTO_INCREMENT,
  `invoice_no` varchar(11) COLLATE utf8_unicode_ci DEFAULT NULL,
  `income_title` varchar(50) COLLATE utf8_unicode_ci DEFAULT NULL,
  `amount` int(11) DEFAULT NULL,
  `status` varchar(10) COLLATE utf8_unicode_ci DEFAULT NULL,
  `collected_by` varchar(50) COLLATE utf8_unicode_ci NOT NULL,
  `created_at` timestamp NULL DEFAULT NULL,
  `updated_at` timestamp NULL DEFAULT NULL,
  PRIMARY KEY (`id`)
) ENGINE=InnoDB  DEFAULT CHARSET=utf8 COLLATE=utf8_unicode_ci AUTO_INCREMENT=4 ;

--
-- Dumping data for table `income`
--

INSERT INTO `income` (`id`, `invoice_no`, `income_title`, `amount`, `status`, `collected_by`, `created_at`, `updated_at`) VALUES
(1, '2016-77', 'Sales', 10, 'Valid', 'Nazmul Haque', '2016-05-13 17:58:02', '2016-05-13 17:58:02'),
(2, '2016-78', 'Sales', 0, 'Valid', 'Nazmul Haque', '2016-06-05 16:17:16', '2016-06-05 16:17:16'),
(3, '2016-79', 'Sales', 157, 'Valid', 'Nazmul Haque', '2016-08-08 18:15:11', '2016-08-08 18:15:11');

-- --------------------------------------------------------

--
-- Table structure for table `loan`
--

CREATE TABLE IF NOT EXISTS `loan` (
  `lid` int(11) NOT NULL AUTO_INCREMENT,
  `loan_title` varchar(255) COLLATE utf8_unicode_ci DEFAULT NULL,
  `taken_amount` int(11) DEFAULT NULL,
  `duration_in_month` int(11) DEFAULT NULL,
  `installment_count` int(11) DEFAULT NULL,
  `installment_remain` int(11) DEFAULT NULL,
  `installment_taka` int(11) DEFAULT NULL,
  `status` varchar(15) COLLATE utf8_unicode_ci NOT NULL DEFAULT 'active',
  `created_at` timestamp NULL DEFAULT NULL,
  `updated_at` timestamp NULL DEFAULT NULL,
  PRIMARY KEY (`lid`)
) ENGINE=InnoDB DEFAULT CHARSET=utf8 COLLATE=utf8_unicode_ci AUTO_INCREMENT=1 ;

-- --------------------------------------------------------

--
-- Table structure for table `loan_installment`
--

CREATE TABLE IF NOT EXISTS `loan_installment` (
  `id` int(11) NOT NULL AUTO_INCREMENT,
  `lid` int(11) DEFAULT NULL,
  `installment_amount` int(11) DEFAULT NULL,
  `drcr` varchar(10) COLLATE utf8_unicode_ci DEFAULT NULL,
  `installment_count` int(11) DEFAULT NULL,
  `created_at` timestamp NULL DEFAULT NULL,
  `updated_at` timestamp NULL DEFAULT NULL,
  PRIMARY KEY (`id`),
  KEY `lid` (`lid`)
) ENGINE=InnoDB DEFAULT CHARSET=utf8 COLLATE=utf8_unicode_ci AUTO_INCREMENT=1 ;

-- --------------------------------------------------------

--
-- Table structure for table `migrations`
--

CREATE TABLE IF NOT EXISTS `migrations` (
  `migration` varchar(255) COLLATE utf8_unicode_ci NOT NULL,
  `batch` int(11) NOT NULL
) ENGINE=InnoDB DEFAULT CHARSET=utf8 COLLATE=utf8_unicode_ci;

-- --------------------------------------------------------

--
-- Table structure for table `net_balance`
--

CREATE TABLE IF NOT EXISTS `net_balance` (
  `id` int(11) NOT NULL AUTO_INCREMENT,
  `transaction_title` varchar(50) COLLATE utf8_unicode_ci DEFAULT NULL,
  `address` varchar(50) COLLATE utf8_unicode_ci DEFAULT NULL,
  `credit` int(11) DEFAULT NULL,
  `debit` int(11) DEFAULT NULL,
  `status` varchar(10) COLLATE utf8_unicode_ci DEFAULT NULL,
  `collected_by` varchar(50) COLLATE utf8_unicode_ci NOT NULL,
  `created_at` timestamp NULL DEFAULT NULL,
  `updated_at` timestamp NULL DEFAULT NULL,
  PRIMARY KEY (`id`)
) ENGINE=InnoDB  DEFAULT CHARSET=utf8 COLLATE=utf8_unicode_ci AUTO_INCREMENT=4 ;

--
-- Dumping data for table `net_balance`
--

INSERT INTO `net_balance` (`id`, `transaction_title`, `address`, `credit`, `debit`, `status`, `collected_by`, `created_at`, `updated_at`) VALUES
(1, 'Sales Profit', '2016-77', 313, 0, 'Valid', 'Nazmul Haque', '2016-05-13 17:58:02', '2016-05-13 17:58:02'),
(2, 'Sales Profit', '2016-78', 740, 0, 'Valid', 'Nazmul Haque', '2016-06-05 16:17:16', '2016-06-05 16:17:16'),
(3, 'Sales Profit', '2016-79', 25, 0, 'Valid', 'Nazmul Haque', '2016-08-08 18:15:11', '2016-08-08 18:15:11');

-- --------------------------------------------------------

--
-- Table structure for table `password_resets`
--

CREATE TABLE IF NOT EXISTS `password_resets` (
  `email` varchar(255) COLLATE utf8_unicode_ci NOT NULL,
  `token` varchar(255) COLLATE utf8_unicode_ci NOT NULL,
  `created_at` timestamp NOT NULL DEFAULT '0000-00-00 00:00:00',
  KEY `password_resets_email_index` (`email`),
  KEY `password_resets_token_index` (`token`)
) ENGINE=InnoDB DEFAULT CHARSET=utf8 COLLATE=utf8_unicode_ci;

--
-- Dumping data for table `password_resets`
--

INSERT INTO `password_resets` (`email`, `token`, `created_at`) VALUES
('nlnazmul@gmail.com', '028b528baba6fc311ccd064c8bc048a6cd6ce29af7d60d8097b5e148050b65fa', '2016-05-07 07:21:28');

-- --------------------------------------------------------

--
-- Table structure for table `payment`
--

CREATE TABLE IF NOT EXISTS `payment` (
  `id` int(11) NOT NULL AUTO_INCREMENT,
  `payment_title` varchar(100) COLLATE utf8_unicode_ci DEFAULT NULL,
  `purpose` varchar(50) COLLATE utf8_unicode_ci DEFAULT NULL,
  `amount` int(11) DEFAULT NULL,
  `status` varchar(50) COLLATE utf8_unicode_ci DEFAULT NULL,
  `created_at` timestamp NULL DEFAULT NULL,
  `updated_at` timestamp NULL DEFAULT NULL,
  PRIMARY KEY (`id`)
) ENGINE=InnoDB  DEFAULT CHARSET=utf8 COLLATE=utf8_unicode_ci AUTO_INCREMENT=2 ;

--
-- Dumping data for table `payment`
--

INSERT INTO `payment` (`id`, `payment_title`, `purpose`, `amount`, `status`, `created_at`, `updated_at`) VALUES
(1, 'Vendor Bill', 'Local Area', 0, 'Valid', '2016-05-13 17:55:51', '2016-05-13 17:55:51');

-- --------------------------------------------------------

--
-- Table structure for table `payment_type`
--

CREATE TABLE IF NOT EXISTS `payment_type` (
  `ptid` int(11) NOT NULL AUTO_INCREMENT,
  `payment_title` varchar(50) COLLATE utf8_unicode_ci DEFAULT NULL,
  `created_at` timestamp NULL DEFAULT NULL,
  `updated_at` timestamp NULL DEFAULT NULL,
  PRIMARY KEY (`ptid`)
) ENGINE=InnoDB  DEFAULT CHARSET=utf8 COLLATE=utf8_unicode_ci AUTO_INCREMENT=14 ;

--
-- Dumping data for table `payment_type`
--

INSERT INTO `payment_type` (`ptid`, `payment_title`, `created_at`, `updated_at`) VALUES
(1, 'Shop Rent', '2016-01-26 00:51:20', '2016-01-26 00:51:20'),
(2, 'Tea Bill', '2016-01-26 00:51:38', '2016-01-26 00:51:38'),
(3, 'Staff TA Bill', '2016-01-26 00:52:44', '2016-01-26 00:52:44'),
(4, 'Staff Salary', '2016-01-26 00:53:41', '2016-01-26 00:53:41'),
(5, 'Mobile Bill', '2016-01-26 00:54:03', '2016-01-26 00:54:03'),
(6, 'Internet Bill', '2016-01-26 00:55:22', '2016-01-26 00:55:22'),
(7, 'Electric Bill', '2016-01-26 00:56:30', '2016-01-26 00:56:30'),
(8, 'Scoraty Gard Bill', '2016-01-26 00:57:36', '2016-01-26 00:57:36'),
(9, 'Software Bill', '2016-01-31 01:09:52', '2016-02-06 05:29:40'),
(10, 'Snake Bill', '2016-02-01 02:00:27', '2016-02-06 05:31:30'),
(11, 'Others', '2016-02-01 02:00:51', '2016-02-06 05:30:15'),
(12, 'Fare ', '2016-02-01 02:01:00', '2016-02-06 05:35:45'),
(13, 'Giving', '2016-02-29 19:54:16', '2016-02-29 19:54:16');

-- --------------------------------------------------------

--
-- Table structure for table `product`
--

CREATE TABLE IF NOT EXISTS `product` (
  `pid` int(11) NOT NULL AUTO_INCREMENT,
  `cid` int(11) DEFAULT NULL,
  `p_name` varchar(50) COLLATE utf8_unicode_ci DEFAULT NULL,
  `buying_price` float DEFAULT NULL,
  `selling_price` float DEFAULT NULL,
  `created_at` timestamp NULL DEFAULT CURRENT_TIMESTAMP,
  `updated_at` timestamp NULL DEFAULT NULL,
  PRIMARY KEY (`pid`),
  UNIQUE KEY `p_name` (`p_name`),
  KEY `fk_product_category` (`cid`)
) ENGINE=InnoDB  DEFAULT CHARSET=utf8 COLLATE=utf8_unicode_ci AUTO_INCREMENT=653 ;

--
-- Dumping data for table `product`
--

INSERT INTO `product` (`pid`, `cid`, `p_name`, `buying_price`, `selling_price`, `created_at`, `updated_at`) VALUES
(1, 2, 'Transtec Energy Light (05 W)', 142, 180, '2016-01-17 10:45:17', '2016-01-23 21:12:58'),
(2, 2, 'Transtec Energy Light (14 W)', 169, 220, '2016-01-17 10:47:25', '2016-01-23 21:14:45'),
(3, 2, 'Transtec Energy Light (32 W)', 244, 270, '2016-01-17 10:48:20', '2016-01-17 10:48:20'),
(4, 2, 'Energy Pac Energy Light (15W)', 203, 220, '2016-01-17 10:49:39', '2016-01-20 07:43:21'),
(5, 2, 'Energy Pac Energy Light (30W)', 252, 280, '2016-01-17 10:50:19', '2016-01-20 07:41:06'),
(6, 2, 'Sonos Energy Light (05W)', 118, 150, '2016-01-17 10:51:00', '2016-01-20 07:44:17'),
(7, 2, 'Sonos Energy Light (30 W)', 208, 260, '2016-01-17 10:52:08', '2016-01-17 10:52:08'),
(8, 2, 'Sonos Energy Light (25W)', 204, 250, '2016-01-17 10:52:47', '2016-01-20 07:46:07'),
(9, 2, 'Sonos Energy Light (15W)', 189, 220, '2016-01-17 10:53:20', '2016-01-20 07:44:40'),
(10, 2, 'Sonos Energy Light (20W)', 197, 230, '2016-01-17 10:54:13', '2016-01-20 07:41:53'),
(11, 2, 'Energy Pac Energy Light (20W)', 213, 240, '2016-01-17 10:56:59', '2016-01-20 07:43:36'),
(12, 6, 'Star Digital ', 1130, 1200, '2016-01-18 00:32:56', '2016-01-18 00:32:56'),
(13, 1, 'Bizli Cable BYA (1x1.0 RE)', 757, 880, '2016-01-18 00:41:06', '2016-05-07 21:22:24'),
(14, 1, 'Bizli Cable BYA (1x1.5 RE)', 1256, 1413, '2016-01-18 00:41:59', '2016-01-18 01:00:41'),
(15, 1, 'Bizli Cable BYA (1x2.0 RE)', 2047, 2303, '2016-01-18 00:43:02', '2016-01-18 01:00:53'),
(16, 1, 'Bizli Cable BYA (1x1.0 RM) 3W', 757, 870, '2016-01-18 00:44:23', '2016-05-07 21:23:18'),
(17, 1, 'Bizli Cable BYA (1x1.3 RM) 3W', 1115, 1254, '2016-01-18 00:45:14', '2016-01-18 01:02:13'),
(18, 1, 'Bizli Cable BYA (1x1.5 RM) 3W', 1269, 1428, '2016-01-18 00:46:14', '2016-01-18 01:03:23'),
(19, 1, 'Bizli Cable BYA (1x1.5 RM) 7W', 1270, 1430, '2016-01-18 00:46:57', '2016-01-18 01:04:12'),
(20, 1, 'Bizli Cable BYA (1x2.0 RM) 3W', 1701, 1914, '2016-01-18 00:47:54', '2016-01-18 01:04:47'),
(21, 1, 'Bizli Cable BYA (1x2.5 RM) 7W', 2075, 2334, '2016-01-18 00:48:42', '2016-01-18 01:05:32'),
(22, 1, 'Bizli Cable BYA (1x3.0 RM) 7W', 2476, 2786, '2016-01-18 00:51:15', '2016-01-18 01:06:07'),
(23, 1, 'Bizli Cable BYA (1x4.0 RM) 7W', 3254, 3660, '2016-01-18 00:52:39', '2016-01-18 01:06:58'),
(24, 1, 'Bizli Cable BYA (1x4.5 RM) 7W', 3440, 3600, '2016-01-18 00:53:49', '2016-05-11 22:18:54'),
(25, 1, 'Bizli Cable BYA (1x7.0 RM) 7W', 4820, 6000, '2016-01-18 00:54:57', '2016-05-05 17:43:25'),
(26, 1, 'Bizli Cable BYA (1x10 RM) 7W', 8011, 9500, '2016-01-18 00:56:17', '2016-05-11 22:18:08'),
(27, 1, 'Bizli Cable BYA (1x14.5 RM) 7W', 11535, 12977, '2016-01-18 00:57:21', '2016-01-18 01:09:09'),
(28, 1, 'Bizli Cable BYA (1x16 RM) 7W', 12686, 14272, '2016-01-18 00:58:17', '2016-01-18 01:09:50'),
(29, 1, 'Bizli Cable BYA (1x6.0 RM) 7W', 3657, 4114, '2016-01-18 00:59:09', '2016-01-18 01:10:19'),
(30, 1, 'SQ Cable (1x1.0 RE) 1W', 912, 965, '2016-01-18 01:12:21', '2016-01-18 01:13:37'),
(31, 1, 'SQ Cable (1x1.0 RM) 3W', 780, 1001, '2016-01-18 01:16:00', '2016-05-05 17:38:18'),
(32, 1, 'SQ Cable (1x1.3 RM) 3W', 970, 1100, '2016-01-18 01:17:02', '2016-05-05 17:39:42'),
(33, 1, 'SQ Cable (1x2.0 RM) 3W', 1810, 1894, '2016-01-18 01:18:31', '2016-01-18 01:18:31'),
(34, 1, 'SQ Cable (1x3.0 RM) 7W', 2050, 2300, '2016-01-18 01:22:24', '2016-05-05 17:42:03'),
(35, 1, 'SQ Cable (1x4.0 RM) 7W', 3395, 3592, '2016-01-18 01:23:30', '2016-01-18 01:24:20'),
(36, 1, 'SQ Cable (1x4.5 RM) 7W', 3867, 4092, '2016-01-18 01:31:03', '2016-01-18 01:31:03'),
(37, 10, '1 Gang AGS Still Board R', 25, 31, '2016-01-18 01:39:03', '2016-05-06 01:14:21'),
(39, 10, '3 Gang AGS Still Board R', 75, 95, '2016-01-18 01:40:04', '2016-05-06 01:15:12'),
(40, 10, '1 Gang Local Still Board', 18, 22, '2016-01-18 01:40:44', '2016-01-18 01:40:44'),
(41, 10, '2 Gang Local Still Board', 38, 45, '2016-01-18 01:41:28', '2016-01-18 01:41:28'),
(42, 10, '3 Gang Local Still Board', 66, 80, '2016-01-18 01:41:59', '2016-01-18 01:41:59'),
(43, 10, '3x3 Seven Colar Still Board', 20, 25, '2016-01-18 01:45:26', '2016-01-18 01:45:26'),
(44, 10, '4x4 Seven Colar Still Board', 26, 30, '2016-01-18 01:46:18', '2016-01-18 01:46:18'),
(45, 10, '6x4 Seven Colar Still Board', 36, 40, '2016-01-18 01:47:03', '2016-01-18 01:47:03'),
(46, 10, '3x5 Seven Colar Still Board', 28, 35, '2016-01-18 01:47:47', '2016-01-18 01:47:47'),
(47, 10, '3x7 Seven Colar Still Board', 36, 45, '2016-01-18 01:48:35', '2016-01-18 01:48:35'),
(48, 10, '3x6 Seven Colar Still Board', 32, 35, '2016-01-18 01:49:08', '2016-01-18 01:49:08'),
(49, 10, '6x8 Seven Colar Still Board', 63, 75, '2016-01-18 01:49:42', '2016-01-18 01:49:42'),
(50, 10, '6x10 Seven Colar Still Board', 90, 105, '2016-01-18 01:50:36', '2016-01-18 01:50:36'),
(51, 10, '3x3 Loca Still Board', 14, 18, '2016-01-18 01:51:42', '2016-01-18 01:51:42'),
(52, 10, '6x4 Loca Still Board', 17, 25, '2016-01-18 01:53:15', '2016-01-18 01:53:15'),
(53, 2, 'Transtec Energy Light (11 W)', 165, 210, '2016-01-18 01:57:31', '2016-01-23 21:13:56'),
(54, 2, 'Non Garanty Energy Light (30W)', 80, 100, '2016-01-18 01:58:35', '2016-01-20 07:41:27'),
(55, 11, 'L1 MCB Box', 35, 45, '2016-01-18 02:01:52', '2016-01-18 02:01:52'),
(56, 11, 'L2 MCB Box', 45, 60, '2016-01-18 02:02:27', '2016-01-18 02:02:27'),
(57, 11, 'L2-4 MCB Box', 60, 75, '2016-01-18 02:03:00', '2016-01-18 02:03:26'),
(58, 11, 'Firefly SDB board 7-9', 360, 450, '2016-01-18 02:06:24', '2016-01-18 02:06:24'),
(59, 11, 'Firefly SDB board 10-13', 480, 570, '2016-01-18 02:07:02', '2016-01-18 02:07:02'),
(60, 11, 'Firefly SDB board 14-16', 650, 780, '2016-01-18 02:07:43', '2016-01-18 02:07:43'),
(61, 11, 'Kitty SBD Board 4-6', 340, 380, '2016-01-18 02:09:39', '2016-01-18 02:09:39'),
(62, 5, '25W Bangal Balub', 15.25, 20, '2016-01-18 02:18:24', '2016-01-18 02:18:24'),
(63, 5, '40W Bangal Balub', 15.25, 20, '2016-01-18 02:19:15', '2016-01-18 02:19:15'),
(64, 5, '60W Bangal Balub', 15.25, 20, '2016-01-18 02:19:35', '2016-01-18 02:19:35'),
(69, 5, '100W Bangal Balub', 16.5, 20, '2016-01-18 02:23:34', '2016-01-18 02:23:34'),
(70, 13, '3x4 RFL Socket Pipe', 46.11, 49, '2016-01-18 03:03:40', '2016-03-03 18:12:37'),
(71, 13, '3x4 RFL Without Socket Pipe', 34.8, 38, '2016-01-18 03:11:54', '2016-03-03 18:10:45'),
(72, 13, '3x4 RFL Socket ', 2.9, 3.5, '2016-01-18 03:12:45', '2016-01-18 03:12:45'),
(73, 13, '3x4 RFL Band ', 6.5, 8, '2016-01-18 03:15:34', '2016-01-25 21:12:04'),
(74, 13, '3x4 RFL Circular Box', 7, 9, '2016-01-18 03:17:13', '2016-03-04 01:56:03'),
(75, 13, '3x4 RFL Whit/Normal Pipe', 28, 35, '2016-01-18 03:18:19', '2016-01-18 03:18:19'),
(76, 13, '1" Chanal RFL', 26, 28, '2016-01-18 03:20:38', '2016-01-18 03:20:38'),
(77, 13, '1 Gang Local Pvc Board ', 14, 20, '2016-01-18 03:21:32', '2016-05-11 21:09:01'),
(78, 13, '2 Gang Local Pvc Board', 32, 45, '2016-01-18 03:22:19', '2016-05-11 21:14:17'),
(79, 13, '3 Gang Local Pvc Board', 55, 65, '2016-01-18 03:22:47', '2016-01-18 03:22:47'),
(80, 1, 'BBS Cable BAY (1x1.5 RE) 1W', 1324, 1432, '2016-01-18 03:31:37', '2016-01-18 03:31:37'),
(81, 1, 'BBS Cable BAY (1x1.0 Rm) 3W', 770, 983, '2016-01-18 03:32:52', '2016-05-05 17:37:14'),
(82, 1, 'BBS Cable BAY (1x1.3 Rm) 3W', 1158, 1329, '2016-01-18 03:33:43', '2016-02-01 00:29:12'),
(83, 1, 'BBS Cable BAY (1x2.0 Rm) 3W', 1811, 1990, '2016-01-18 03:34:48', '2016-01-18 03:34:48'),
(84, 1, 'BBS Cable BAY (1x3.0 Rm) 7W', 2628, 2750, '2016-01-18 03:35:33', '2016-01-18 03:35:33'),
(85, 1, 'BBS Cable BAY (1x4.0 Rm) 7W', 3396, 3600, '2016-01-18 03:36:46', '2016-01-18 03:36:46'),
(86, 1, 'BBS Cable BAY (1x4.5 Rm) 7W', 3868, 4150, '2016-01-18 03:37:27', '2016-01-18 03:37:27'),
(87, 1, 'Appollo (2x14/76) FT', 540, 1000, '2016-01-18 03:40:09', '2016-05-04 20:06:35'),
(88, 1, 'Appollo (2x14/76) TT', 400, 600, '2016-01-18 03:41:39', '2016-05-04 20:06:55'),
(89, 5, '05W DIM Light Normal (Suria)', 15, 25, '2016-01-18 04:03:40', '2016-01-18 04:03:40'),
(90, 3, 'CBE 05W LED Light', 224, 260, '2016-01-18 04:04:50', '2016-01-18 04:04:50'),
(91, 13, 'Dear Tape', 9.6, 15, '2016-01-18 04:06:12', '2016-01-18 04:06:12'),
(92, 13, 'BBS Tape', 16.66, 25, '2016-01-18 04:06:58', '2016-01-18 04:06:58'),
(93, 13, 'Clear Small Tape', 2.6, 5, '2016-01-18 04:08:29', '2016-01-18 04:08:29'),
(94, 13, 'Clear Midiam Tape', 5, 10, '2016-01-18 04:11:04', '2016-01-18 04:11:04'),
(95, 13, 'Clear Big Tape', 19, 30, '2016-01-18 04:11:45', '2016-01-18 04:11:45'),
(96, 13, 'Thraed Tape (Padrolo)', 10, 20, '2016-01-18 04:15:24', '2016-01-18 04:16:06'),
(97, 13, 'Royal Plug', 7, 15, '2016-01-18 04:16:55', '2016-01-18 04:16:55'),
(98, 9, 'Energy Pac 1 Gang Switch', 51, 60, '2016-01-18 04:38:36', '2016-01-18 04:38:36'),
(99, 9, 'Energy Pac 2 Gang Switch', 72, 85, '2016-01-18 04:39:40', '2016-01-18 04:39:40'),
(100, 9, 'Energy Pac 3 Gang Switch', 89, 105, '2016-01-18 04:40:25', '2016-01-18 04:40:25'),
(101, 9, 'Energy Pac 4 Gang Switch', 114, 135, '2016-01-18 04:40:57', '2016-01-18 04:40:57'),
(102, 9, 'Energy Pac 2 pin Socket (with Soket)', 110, 145, '2016-01-18 04:41:50', '2016-01-31 01:45:19'),
(103, 9, 'Energy Pac (Combine Socket) 13A pin + 16A 2Pin', 187, 220, '2016-01-18 05:03:03', '2016-01-18 05:03:03'),
(104, 9, 'Energy Pac DP switch', 298, 350, '2016-01-18 05:03:48', '2016-01-18 05:03:48'),
(105, 9, 'Energy Pac (Fan Controller With Switch)', 212.5, 250, '2016-01-18 05:05:15', '2016-03-09 20:37:31'),
(106, 9, 'Energy Pac  Fan Controller ', 170, 200, '2016-01-18 05:07:43', '2016-01-18 05:07:43'),
(107, 9, 'Energy Pac  (TV Socket)', 94, 110, '2016-01-18 05:08:59', '2016-01-18 05:08:59'),
(108, 9, 'Energy Pac  (Bill Push)', 68, 80, '2016-01-18 05:10:11', '2016-01-18 05:10:11'),
(109, 9, 'Energy Pac  (15A 3Pin Socket With Switch)', 153, 220, '2016-01-18 05:13:02', '2016-01-31 01:48:58'),
(110, 9, 'EG 1 Gang Switch (A3011A)', 72, 85, '2016-01-18 05:14:03', '2016-01-18 05:37:51'),
(111, 9, 'EG 2 Gang Switch (A3021A)', 119, 160, '2016-01-18 05:14:34', '2016-01-27 04:26:21'),
(112, 9, 'EG 3 Gang Switch (A3031A)', 153, 180, '2016-01-18 05:15:15', '2016-01-18 05:39:33'),
(113, 9, 'EG 4  Gang Switch (A3041A)', 204, 240, '2016-01-18 05:16:35', '2016-01-18 05:40:36'),
(114, 9, 'EG 13A 3Pin Socket With Switch(Naro) (A3153SN)', 264, 310, '2016-01-18 05:19:00', '2016-01-27 04:29:36'),
(115, 9, 'EG 13A 3Pin Socket With Switch (Double) (A3133S2)', 263, 390, '2016-01-18 05:20:46', '2016-01-27 04:29:03'),
(116, 9, 'EG 16A 2Pin Socket With Switch (A3162S)', 204, 240, '2016-01-18 05:23:24', '2016-01-26 00:23:36'),
(117, 9, 'EG TV Socket (A3010)', 145, 170, '2016-01-18 05:25:21', '2016-01-18 05:25:21'),
(118, 9, 'EG Fan Controller (A3250)', 345, 405, '2016-01-18 05:30:09', '2016-01-18 05:30:09'),
(119, 9, 'EG Fan Controller (101EG)', 213, 250, '2016-01-18 05:31:23', '2016-01-18 05:31:23'),
(120, 9, 'EG Bill Push (A3013)', 111, 130, '2016-01-18 05:32:40', '2016-01-18 05:32:40'),
(121, 9, 'EG 30A DP Switch (A330N)', 510, 600, '2016-01-18 05:34:01', '2016-01-18 05:34:01'),
(122, 9, 'EG 13APin+16A 2Pin (combine) Naro (A3108SNB)', 281, 330, '2016-01-18 05:35:47', '2016-01-18 05:35:47'),
(123, 9, 'EG 15A 3Pin Socket With Switch (A3153S)', 263, 310, '2016-01-18 05:41:59', '2016-01-18 05:41:59'),
(124, 9, 'EG 15A 3Pin Socket With Switch (Naro) (A3153N)', 272, 320, '2016-01-18 05:43:39', '2016-01-18 05:43:39'),
(125, 4, 'Philips Tube Light', 85, 105, '2016-01-18 06:02:18', '2016-01-18 06:02:18'),
(126, 4, 'Transtec Tube Light', 67.76, 90, '2016-01-18 06:03:36', '2016-01-23 21:15:27'),
(127, 4, 'ABID Tube Shaid', 235, 270, '2016-01-18 06:10:42', '2016-01-18 06:10:42'),
(128, 8, 'SP 6A MCB kitty ', 110, 220, '2016-01-18 06:18:58', '2016-01-18 06:18:58'),
(129, 8, 'SP 10A MCB kitty', 110, 220, '2016-01-18 06:19:28', '2016-01-18 06:19:28'),
(130, 8, 'SP 16A MCB kitty', 110, 220, '2016-01-18 06:19:49', '2016-01-18 06:19:49'),
(131, 8, 'SP 20A MCB kitty', 110, 220, '2016-01-18 06:20:21', '2016-01-18 06:20:21'),
(132, 8, 'SP 32A MCB kitty', 110, 220, '2016-01-18 06:21:00', '2016-01-18 06:21:00'),
(133, 8, 'SP 40A MCB kitty', 110, 220, '2016-01-18 06:21:28', '2016-01-18 06:21:28'),
(134, 8, 'SP 50A MCB kitty', 110, 220, '2016-01-18 06:21:54', '2016-01-18 06:21:54'),
(135, 8, 'SP 63A MCB kitty', 110, 220, '2016-01-18 06:22:15', '2016-01-18 06:22:15'),
(136, 8, 'DP 10A MCB Kitty', 220, 440, '2016-01-18 06:22:56', '2016-01-18 06:22:56'),
(137, 8, 'DP 16A MCB Kitty', 220, 440, '2016-01-18 06:23:16', '2016-01-18 06:23:16'),
(138, 8, 'DP 20A MCB Kitty', 220, 440, '2016-01-18 06:23:37', '2016-01-18 06:23:37'),
(139, 8, 'DP 25A MCB Kitty', 220, 440, '2016-01-18 06:24:19', '2016-01-18 06:24:19'),
(140, 8, 'DP 32A MCB Kitty', 220, 440, '2016-01-18 06:24:44', '2016-01-18 06:24:44'),
(141, 8, 'DP 40A MCB Kitty', 220, 440, '2016-01-18 06:25:12', '2016-01-18 06:25:12'),
(142, 8, 'DP 50A MCB Kitty', 220, 440, '2016-01-18 06:25:40', '2016-01-18 06:25:40'),
(143, 8, 'DP 63A MCB Kitty', 220, 440, '2016-01-18 06:26:33', '2016-01-18 06:26:33'),
(144, 9, 'Kitty 13A Multi Socket with switch', 110, 180, '2016-01-18 06:27:57', '2016-01-23 20:49:47'),
(145, 9, 'MA 13A Multi Socket With Switch', 98, 130, '2016-01-18 06:28:43', '2016-02-07 20:24:51'),
(146, 9, 'MA 1 Gang Switch ', 35, 45, '2016-01-18 06:29:35', '2016-01-18 06:29:35'),
(147, 9, 'MA 2 Gang Switch', 50, 60, '2016-01-18 06:30:03', '2016-01-18 06:30:03'),
(148, 9, 'MA 3 Gang Switch', 70, 85, '2016-01-18 06:30:28', '2016-01-18 06:30:28'),
(149, 9, 'MA 4 Gang Switch', 85, 120, '2016-01-18 06:30:56', '2016-01-18 06:30:56'),
(150, 9, 'MA 5 Gang Switch', 125, 160, '2016-01-18 06:31:22', '2016-01-18 06:31:22'),
(151, 9, 'Ma Fan Dimar With Switch', 140, 180, '2016-01-18 06:32:57', '2016-01-18 06:32:57'),
(152, 9, 'MA 2Pin Socket With Switch', 110, 130, '2016-01-18 06:33:46', '2016-01-23 20:51:33'),
(153, 9, 'MA Bill Push', 65, 120, '2016-01-18 06:34:14', '2016-01-18 06:34:14'),
(154, 2, 'Energy Pac Energy Light (05W)', 165, 180, '2016-01-18 06:40:16', '2016-01-20 07:42:45'),
(155, 2, 'Energy Pac Energy Light (07W)', 173, 190, '2016-01-18 06:41:20', '2016-01-20 07:43:04'),
(156, 2, 'Energy Pac Energy Light (23W)', 227, 255, '2016-01-18 06:42:28', '2016-01-20 07:43:52'),
(157, 2, 'Energy Pac Energy Light (45 W)', 446, 500, '2016-01-18 06:44:50', '2016-01-18 06:44:50'),
(158, 3, 'Energy Pac 20W Led Tube Light', 411, 495, '2016-01-18 06:51:15', '2016-01-18 06:51:15'),
(159, 3, 'Energy Pac 9W LED Bulb', 236, 270, '2016-01-18 06:52:52', '2016-01-18 06:52:52'),
(160, 3, 'CBE 18W LED Tube Light', 400, 480, '2016-01-18 06:54:02', '2016-01-18 06:54:02'),
(161, 2, 'Philips 24W Energy  Light', 265, 295, '2016-01-18 06:55:18', '2016-01-18 06:55:18'),
(170, 15, 'Nokia Wall Cattar', 80, 120, '2016-01-18 07:21:29', '2016-03-10 19:49:36'),
(171, 15, 'Dimond Wall Catter', 75, 120, '2016-01-18 07:22:10', '2016-01-19 03:12:28'),
(172, 15, 'Iron Katter', 14, 20, '2016-01-18 07:24:17', '2016-01-18 07:24:17'),
(174, 19, '3/4" Star Screw', 1.68, 8, '2016-01-18 08:34:47', '2016-01-18 08:34:47'),
(175, 19, '1" Star Screw', 3.24, 10, '2016-01-18 08:35:36', '2016-01-18 08:35:36'),
(176, 19, '1.5" Star Screw', 4.2, 12, '2016-01-18 08:36:23', '2016-01-18 08:36:23'),
(177, 19, '1" MK Star Screw', 7.44, 20, '2016-01-18 08:37:09', '2016-01-18 08:37:09'),
(178, 19, '2.5" MK Star Screw', 10, 25, '2016-01-18 08:38:01', '2016-01-18 08:38:01'),
(179, 19, '1.5" (10 No) Cot Screw', 10, 25, '2016-01-18 08:38:58', '2016-01-18 08:38:58'),
(180, 19, '1.5" Mathgat Screw', 8, 15, '2016-01-18 08:40:39', '2016-01-18 08:40:39'),
(181, 19, '2" (8No) Cot screw', 7, 15, '2016-01-18 08:41:23', '2016-01-18 08:41:23'),
(182, 1, 'BRB Cable BYA (1x1.0 RE)', 913, 956, '2016-01-18 23:41:01', '2016-01-18 23:41:01'),
(183, 1, 'BRB Cable BYA (1x1.5 RE)', 1323, 1384, '2016-01-18 23:42:43', '2016-01-18 23:42:43'),
(184, 1, 'BRB Cable BYA (1x1.0 RM)', 946, 990, '2016-01-18 23:43:31', '2016-01-18 23:43:31'),
(185, 1, 'BRB Cable BYA (1x1.3 RM)', 1192, 1247, '2016-01-18 23:44:24', '2016-01-18 23:44:24'),
(186, 1, 'BRB Cable BYA (1x1.5 RM)', 1359, 1422, '2016-01-18 23:45:36', '2016-01-18 23:45:36'),
(187, 1, 'BRB Cable BYA (1x2.0 RM)', 1810, 1894, '2016-01-18 23:46:31', '2016-01-18 23:46:31'),
(188, 1, 'BRB Cable BYA (1x2.5 RM)', 2180, 2281, '2016-01-18 23:47:02', '2016-01-18 23:47:02'),
(189, 1, 'BRB Cable BYA (1x3.0 RM)', 2627, 2750, '2016-01-18 23:47:35', '2016-01-18 23:47:35'),
(190, 1, 'BRB Cable BYA (1x4.0 RM)', 3395, 3552, '2016-01-18 23:48:10', '2016-01-18 23:48:10'),
(191, 1, 'BRB Cable BYA (1x4.5 RM)', 3867, 4046, '2016-01-18 23:49:11', '2016-01-18 23:49:11'),
(192, 1, 'BRB Cable BYA (1x6.0 RM)', 5069, 5305, '2016-01-18 23:49:58', '2016-01-18 23:49:58'),
(193, 1, 'BRB Cable BYA (1x7.0 RM)', 5853, 6125, '2016-01-18 23:50:43', '2016-01-18 23:50:43'),
(194, 1, 'Bizli Cabile Flexible (2x0.4 RM) 14/76 Round', 1137, 1542, '2016-01-19 00:04:12', '2016-03-11 06:58:58'),
(195, 1, 'BIzli Cabile T/T (2X 0.4RM) 14/76', 862, 970, '2016-01-19 00:05:54', '2016-01-19 00:05:54'),
(196, 1, 'BIzli Cabile T/T (2X 0.65RM) 23/76', 1322, 1487, '2016-01-19 00:06:47', '2016-01-19 00:06:47'),
(197, 1, 'BIzli Cabile F/T (2X 0.4RM) 14/76', 1149, 1293, '2016-01-19 00:07:51', '2016-01-19 00:07:51'),
(198, 1, 'BIzli Cabile F/T (2X 0.65RM) 23/76', 1656, 1863, '2016-01-19 00:08:31', '2016-01-19 00:08:31'),
(199, 9, 'Dosen (White) 1 Gang Switch', 65, 68, '2016-01-19 00:12:14', '2016-01-19 00:12:14'),
(200, 9, 'Dosen (White) 2 Gang Switch', 126, 136, '2016-01-19 00:13:05', '2016-01-19 00:13:05'),
(201, 9, 'Dosen (White) 3 Gang Switch', 158, 172, '2016-01-19 00:13:49', '2016-01-19 00:13:49'),
(202, 9, 'Dosen (White) 4 Gang Switch', 172, 220, '2016-01-19 00:14:43', '2016-01-19 00:14:43'),
(203, 9, 'Dosen (White) 2 Pin socket with Switch', 172, 220, '2016-01-19 00:15:30', '2016-01-23 20:47:36'),
(204, 9, 'Dosen (White) 13A Combibe socket with Switch', 195, 230, '2016-01-19 00:17:23', '2016-01-23 20:47:20'),
(205, 9, 'Dosen (White)  T.V Socket', 165, 180, '2016-01-19 00:18:32', '2016-01-23 20:46:41'),
(206, 9, 'Dosen (White)  Talephone Socket', 165, 180, '2016-01-19 00:19:22', '2016-01-23 20:47:00'),
(207, 9, 'Dosen (White)  Bell Push', 165, 180, '2016-01-19 00:20:37', '2016-01-19 00:20:37'),
(208, 9, 'Dosen (White)  Fan Dimmer With Switch', 317, 345, '2016-01-19 00:22:01', '2016-01-19 00:22:01'),
(209, 9, 'Dosen (White)  DP Switch', 267, 297, '2016-01-19 00:23:18', '2016-01-19 00:23:18'),
(210, 9, 'Dosen (Gold) 1 Gang Switch', 72, 78, '2016-01-19 00:24:09', '2016-01-19 00:24:09'),
(211, 9, 'Dosen (Gold) 2 Gang Switch', 140, 156, '2016-01-19 00:24:56', '2016-01-19 00:24:56'),
(212, 9, 'Dosen (Gold) 3 Gang Switch', 180, 200, '2016-01-19 00:25:39', '2016-01-19 00:25:39'),
(213, 9, 'Dosen (Gold) 4 Gang Switch', 195, 216, '2016-01-19 00:26:15', '2016-01-19 00:26:15'),
(214, 9, 'Dosen (Gold)  Bell Push', 180, 200, '2016-01-19 00:27:41', '2016-01-19 00:27:41'),
(215, 9, 'Dosen (Gold) 2 Pin socket with Switch', 273, 304, '2016-01-19 00:28:58', '2016-01-23 20:46:24'),
(216, 9, 'Dosen (Gold) 13A Combibe socket with Switch', 209, 230, '2016-01-19 00:29:44', '2016-01-23 20:46:08'),
(217, 9, 'Dosen (Gold)  T.V Socket', 180, 200, '2016-01-19 00:31:10', '2016-01-23 20:44:43'),
(218, 9, 'Dosen (Gold) Fan Dimmer With Switch', 338, 378, '2016-01-19 00:33:14', '2016-01-19 00:39:19'),
(219, 9, 'Dosen (Gold)  DP Switch', 280, 312, '2016-01-19 00:34:28', '2016-01-19 00:34:28'),
(222, 4, ' Starter S-10 Philips', 6, 10, '2016-01-19 00:44:08', '2016-01-19 00:44:08'),
(223, 4, 'Tube Coil mechanical (Australian)', 130, 190, '2016-01-19 00:47:44', '2016-02-23 02:59:52'),
(224, 4, 'Tube Coil Atuo (Osaka/Cata)', 90, 120, '2016-01-19 00:48:34', '2016-01-19 00:48:34'),
(225, 4, 'Tube Coil Atuo CBE', 199, 220, '2016-01-19 00:49:46', '2016-01-19 00:49:46'),
(226, 4, 'Tube Holdar (S.R) 2Pcs', 28, 40, '2016-01-19 00:50:56', '2016-01-19 00:50:56'),
(227, 13, '1 Hool Switch Board', 9, 15, '2016-01-19 01:45:14', '2016-05-11 21:13:26'),
(228, 13, '2 Hool Switch Board', 11.8, 16, '2016-01-19 01:46:17', '2016-01-19 01:46:17'),
(229, 13, '3 Hool Switch Board', 15, 22, '2016-01-19 01:46:50', '2016-01-19 01:46:50'),
(230, 13, '4 Hool Switch Board', 18, 28, '2016-01-19 01:47:38', '2016-01-19 01:47:38'),
(231, 13, '5 Hool Switch Board', 22, 32, '2016-01-19 01:48:09', '2016-01-19 01:48:09'),
(232, 13, '6 Hool Switch Board', 28, 38, '2016-01-19 01:50:24', '2016-01-19 01:50:24'),
(233, 1, 'Noyon Alominiam (1x1.3 RM)', 250, 300, '2016-01-19 01:51:34', '2016-01-19 01:51:34'),
(234, 1, 'Noyon Alominiam (1x2.3 RM)', 310, 370, '2016-01-19 01:52:05', '2016-01-19 01:52:05'),
(235, 17, 'Maulti (M-2014) Tania Power', 150, 200, '2016-01-19 01:54:27', '2016-01-19 01:54:27'),
(236, 17, 'Maulti (M-2015) Tania Power', 140, 190, '2016-01-19 01:55:04', '2016-01-19 01:55:04'),
(237, 17, 'Maulti (M-2016) Tania Power', 155, 220, '2016-01-19 01:55:34', '2016-01-19 01:55:34'),
(238, 17, 'Maulti (M-2017) Tania Power', 140, 230, '2016-01-19 01:56:07', '2016-01-19 01:56:07'),
(239, 17, 'Maulti (M-2012) Tania Power', 85, 110, '2016-01-19 01:56:57', '2016-01-19 01:56:57'),
(240, 13, '6X8 Switch Board', 48, 75, '2016-01-19 01:57:59', '2016-01-19 01:57:59'),
(241, 13, '8x10 Switch Board', 69, 90, '2016-01-19 01:58:43', '2016-01-19 01:58:43'),
(243, 14, 'Winer Model Switch (1 Way)', 9.5, 15, '2016-01-19 02:28:32', '2016-01-19 02:28:32'),
(244, 14, 'Winer Model Soket', 9.5, 15, '2016-01-19 02:29:10', '2016-01-19 02:51:13'),
(245, 14, 'Winer Model Indicotar ', 10, 17, '2016-01-19 02:30:50', '2016-01-19 02:30:50'),
(246, 14, 'Winer Model Fuse', 11, 20, '2016-01-19 02:31:26', '2016-01-19 02:31:26'),
(247, 14, 'Appollo Fan dimmer (Bobi)', 40, 70, '2016-01-19 02:32:41', '2016-01-20 22:57:24'),
(255, 12, 'Superstar Round Batten Holder ', 31.5, 40, '2016-01-19 02:54:06', '2016-02-07 22:22:14'),
(256, 15, 'Cup Washer', 4, 12, '2016-01-19 02:57:02', '2016-01-19 02:57:02'),
(257, 15, '5X5 (Squre) Avonight Shit ', 12.5, 18, '2016-01-19 03:07:24', '2016-03-04 01:35:38'),
(258, 15, '7X5 (Squre) Avonight Shit', 17.5, 25, '2016-01-19 03:09:49', '2016-03-04 01:35:16'),
(259, 15, '4X4 (Squre) Avonight Shit', 13, 17, '2016-01-19 03:10:42', '2016-01-19 03:10:42'),
(260, 15, '4X6 (Squre) Avonight Shit', 17, 22, '2016-01-19 03:11:16', '2016-01-19 03:11:16'),
(261, 15, '5X5 (Round) Avonight Shit', 14, 23, '2016-01-19 03:13:08', '2016-03-04 01:36:22'),
(262, 15, '7X7 (Round) Avonight Shit', 22, 28, '2016-01-19 03:13:50', '2016-01-19 03:13:50'),
(263, 15, '10x12 (Squre) Avonight Shit', 38, 45, '2016-01-19 03:14:46', '2016-01-19 03:14:46'),
(264, 18, '25In Remote (Master)', 34, 80, '2016-01-19 03:18:35', '2016-01-19 03:19:58'),
(265, 18, 'LG Remote (Master)', 85, 120, '2016-01-19 03:19:30', '2016-01-19 03:19:30'),
(266, 18, 'Walton Remote (Master)', 88, 130, '2016-01-19 03:20:39', '2016-01-19 03:20:39'),
(267, 18, 'Sony Remote (Msater)', 85, 120, '2016-01-19 03:21:12', '2016-01-19 03:21:12'),
(268, 18, 'Walton Remote (Low Baton)', 56, 90, '2016-01-19 03:24:07', '2016-01-19 03:26:32'),
(269, 18, 'Walton Remote (Hig Baton)', 60, 95, '2016-01-19 03:26:01', '2016-01-19 03:26:01'),
(270, 18, 'TCL Remote', 63, 120, '2016-01-19 03:27:22', '2016-01-19 03:27:22'),
(271, 18, '301 Model Remote', 48, 85, '2016-01-19 03:27:50', '2016-01-19 03:27:50'),
(272, 18, 'Myone Remote Long', 72, 130, '2016-01-19 03:28:29', '2016-01-19 03:28:29'),
(273, 18, 'Singer Big Remote', 70, 130, '2016-01-19 03:29:04', '2016-01-19 03:29:04'),
(274, 18, 'DVD-1205 Remote', 48, 90, '2016-01-19 03:29:47', '2016-01-19 03:29:47'),
(275, 18, 'DVD 101 remote', 36, 80, '2016-01-19 03:31:12', '2016-01-21 09:34:20'),
(276, 18, 'Singer (Small&Black) Remote', 57, 130, '2016-01-19 03:33:54', '2016-01-19 03:33:54'),
(277, 18, 'Royel Remote', 70, 120, '2016-01-19 03:34:27', '2016-01-19 03:34:27'),
(278, 18, 'TV card Remote (combo009)', 70, 120, '2016-01-19 03:35:02', '2016-02-06 19:30:29'),
(279, 18, 'Daily Max (Remote batary)', 6, 10, '2016-01-19 03:38:19', '2016-01-19 03:47:45'),
(280, 18, 'Olympic Gold (Pancile Batary)', 7.9, 10, '2016-01-19 03:40:03', '2016-01-19 03:46:55'),
(281, 18, 'Olympic Havey Duty (Pancile Batary)', 8.5, 12, '2016-01-19 03:46:09', '2016-01-19 03:46:09'),
(282, 16, 'Barthroom Shade (Small)', 260, 290, '2016-01-19 05:28:04', '2016-01-19 05:28:04'),
(283, 9, 'NRB 1 Gang Switch ', 63, 80, '2016-01-19 05:31:07', '2016-01-19 05:31:07'),
(284, 9, 'NRB 2 Gang Switch', 126, 150, '2016-01-19 05:31:41', '2016-01-19 05:31:41'),
(285, 9, 'NRB 3 Gang Switch', 174, 210, '2016-01-19 05:32:19', '2016-01-19 05:32:19'),
(286, 9, 'NRB 4 Gang Switch', 243, 280, '2016-01-19 05:33:11', '2016-01-19 05:33:11'),
(287, 9, 'NRB 13A multi Socket With Switch', 182, 230, '2016-01-19 05:33:59', '2016-01-23 20:54:09'),
(288, 9, 'NRB 2Pin Socket With Switch', 185, 230, '2016-01-19 05:34:49', '2016-01-23 20:55:12'),
(289, 9, 'NRB TV Socket ', 204, 230, '2016-01-19 05:35:23', '2016-01-23 20:56:01'),
(290, 9, 'NRB Bell Push', 148, 180, '2016-01-19 05:36:34', '2016-01-19 05:36:34'),
(291, 9, 'NRB Fan Dimmar Without Switch', 250, 320, '2016-01-19 05:38:30', '2016-01-29 00:52:38'),
(292, 9, 'NRB 15A Combine Socket', 272, 310, '2016-01-19 05:39:11', '2016-01-23 20:54:39'),
(293, 16, 'Keya Sochar (Round) 22W', 150, 180, '2016-01-19 05:41:30', '2016-01-20 00:00:23'),
(294, 16, 'Yonglide 21W (Round With Light)', 200, 250, '2016-01-19 05:47:40', '2016-01-19 05:47:40'),
(295, 16, 'Keya Plus 65W Lamp Shade', 420, 480, '2016-01-19 05:48:48', '2016-01-19 23:59:26'),
(296, 21, '15A China Fuse', 22, 35, '2016-01-19 05:51:22', '2016-01-19 05:51:22'),
(297, 21, '30A China Fuse (Whte)', 58, 75, '2016-01-19 05:53:08', '2016-01-28 04:25:17'),
(298, 13, '7 Hool Switch Board', 29, 38, '2016-01-19 06:08:09', '2016-01-19 06:08:09'),
(299, 13, '8 Hool Switch Board', 32, 42, '2016-01-19 06:08:41', '2016-01-19 06:08:41'),
(300, 16, 'Barthroom Shade (Big)', 280, 350, '2016-01-19 06:11:52', '2016-01-19 06:11:52'),
(301, 16, 'AST 7" Glass Socar (Round)', 265, 310, '2016-01-19 06:15:22', '2016-01-19 06:15:22'),
(302, 16, 'Gate (Round Bull) Lamp Shade', 230, 290, '2016-01-19 06:18:08', '2016-01-19 06:18:08'),
(303, 16, 'Keya Security (Out Door) En.Saving', 110, 140, '2016-01-19 06:22:45', '2016-01-20 00:00:10'),
(307, 23, 'Cona Bell Push (Indian)', 22, 30, '2016-01-19 09:33:34', '2016-01-19 09:33:34'),
(309, 23, 'Cona Switch (Indian)', 19, 25, '2016-01-19 09:34:17', '2016-03-04 01:43:26'),
(311, 23, 'Cona Socket (Indian)', 19, 25, '2016-01-19 09:35:28', '2016-03-04 01:42:57'),
(314, 23, 'Cona Fuse (indian)', 38, 45, '2016-01-19 09:37:00', '2016-01-19 09:37:00'),
(315, 23, 'Cona Indicator (Indian)', 25, 35, '2016-01-19 09:37:44', '2016-01-19 09:37:44'),
(316, 23, 'Cona Combine Socket (Indian)', 155, 180, '2016-01-19 09:39:19', '2016-01-23 20:45:28'),
(317, 23, 'Cona DP Switch (Indian)', 130, 160, '2016-01-19 09:39:57', '2016-01-19 09:39:57'),
(318, 23, 'Cona Calling Bell (Ding Dong)', 130, 160, '2016-01-19 09:43:44', '2016-01-19 09:43:44'),
(319, 22, 'P-212 (Adaptor Holdar With Ring)', 22.5, 28, '2016-01-20 00:09:36', '2016-01-20 00:09:36'),
(320, 22, 'P-417 (Adaptor Holader) E27', 14, 20, '2016-01-20 00:11:05', '2016-01-20 00:11:05'),
(321, 22, 'P-68 (Tumbler Switch) Squre Tipe', 55, 65, '2016-01-20 00:13:22', '2016-01-20 00:13:22'),
(322, 22, 'P-66 (20A Tumbler Switch) Squre Tipe', 68, 75, '2016-01-20 00:16:02', '2016-01-20 00:16:02'),
(323, 22, 'P-75 (Bed Switch) White plastic', 17, 25, '2016-01-20 00:17:38', '2016-01-20 00:17:38'),
(324, 22, 'P-178 (Bed Switch) White All Body indicator', 22, 30, '2016-01-20 00:19:41', '2016-01-20 00:19:41'),
(325, 22, 'P-28 (8A 2Pin Socket)', 39, 45, '2016-01-20 00:21:34', '2016-01-23 21:01:17'),
(326, 22, 'P-34 (15A 3Pin Soke) Squre Type', 66, 75, '2016-01-20 00:24:02', '2016-01-20 00:24:02'),
(327, 22, 'P-73 DP Mainn Switch', 257, 300, '2016-01-20 00:29:20', '2016-01-20 00:29:20'),
(328, 22, 'P-401 (45A DP Switch)', 160, 250, '2016-01-20 00:30:33', '2016-01-29 00:36:55'),
(332, 22, 'P-03 (2Pin pvc Plug)', 12, 15, '2016-01-20 00:34:13', '2016-01-20 00:34:13'),
(333, 22, 'P-11 (Multi Plug indicator) 2Pin', 24, 30, '2016-01-20 00:35:53', '2016-01-20 00:35:53'),
(334, 22, 'P-12 (Multi Plug indicator) 2Pin', 17.25, 25, '2016-01-20 00:36:50', '2016-01-20 00:36:50'),
(335, 22, 'P-14 Toyo (3Pin Plug)', 25, 35, '2016-01-20 00:40:42', '2016-01-20 00:40:42'),
(336, 22, 'P-20 (3Pin Round Plug)', 50, 65, '2016-01-20 00:42:08', '2016-01-20 00:42:08'),
(337, 22, 'P-201 (Industrial Holdar)', 22, 30, '2016-01-20 00:43:53', '2016-01-20 00:43:53'),
(338, 15, 'Hamar Drill bit (6.5mm) ', 30, 45, '2016-01-20 07:01:08', '2016-01-20 07:01:08'),
(339, 15, 'Drill bit (6.5mm) Without Hamar', 25, 35, '2016-01-20 07:02:58', '2016-01-20 07:02:58'),
(340, 24, 'Chola Big (S.S)', 90, 130, '2016-01-20 07:08:53', '2016-01-20 07:10:55'),
(341, 24, 'Chola Small (Squre)', 85, 110, '2016-01-20 07:09:49', '2016-01-20 07:11:30'),
(342, 24, 'Chola Small (Round)', 75, 90, '2016-01-20 07:10:37', '2016-01-20 07:10:37'),
(343, 24, 'Heater Plate Dhakar (Small)', 12, 30, '2016-01-20 07:13:35', '2016-01-20 07:13:35'),
(346, 24, 'Heater Plate Dhakar (Big)', 18, 35, '2016-01-20 07:14:38', '2016-01-20 07:14:38'),
(347, 24, 'Heater Plate Normal (Small)', 8, 15, '2016-01-20 07:15:21', '2016-01-20 07:15:21'),
(348, 24, 'Heater Plate Normal (Big)', 15, 25, '2016-01-20 07:16:14', '2016-01-20 07:16:14'),
(349, 24, 'Appollo 16A Ceramic Switch', 49, 75, '2016-01-20 07:25:28', '2016-05-04 20:01:26'),
(350, 24, 'Appollo 16A Ceramic 3Pin Socket', 43, 65, '2016-01-20 07:26:23', '2016-05-04 20:00:23'),
(351, 12, 'Appollo Batten Holder (Round) CL', 21, 30, '2016-01-20 09:52:27', '2016-05-04 19:56:57'),
(352, 12, 'Electron Batten Holder (8 Conar)E27', 25, 35, '2016-01-20 09:53:35', '2016-01-20 09:53:35'),
(353, 12, 'Electron Batten Holder (8 Conar)B22', 25, 35, '2016-01-20 09:54:36', '2016-01-20 09:54:36'),
(354, 12, 'Ceiling Rose Elctron (Squre)', 20, 25, '2016-01-20 22:50:36', '2016-01-20 22:50:36'),
(355, 12, 'Appollo Ceiling Rose (Round)', 18, 25, '2016-01-20 22:51:39', '2016-05-04 19:57:54'),
(356, 12, 'Superstar (Angel) Batten Holder', 34, 40, '2016-01-20 22:55:27', '2016-01-20 22:55:27'),
(357, 14, 'Superstar PC Switch', 23.75, 28, '2016-01-20 22:58:35', '2016-01-20 22:58:35'),
(358, 14, 'Superstar PC Socket', 24, 30, '2016-01-20 22:59:38', '2016-01-20 22:59:38'),
(359, 14, 'Superstar PC Indicato', 27, 35, '2016-01-20 23:00:23', '2016-01-20 23:00:23'),
(360, 14, 'Superstar PC Fuse', 31, 42, '2016-01-20 23:01:02', '2016-01-20 23:01:02'),
(361, 14, 'Superstar PC Fan Dimmer', 135, 150, '2016-01-20 23:01:48', '2016-01-20 23:01:48'),
(362, 14, 'Superstar PC Bell Push', 28, 35, '2016-01-20 23:02:34', '2016-01-20 23:02:34'),
(363, 12, 'Daly Batten Hodar( Round)', 22, 30, '2016-01-20 23:03:59', '2016-01-20 23:03:59'),
(364, 12, 'BRIST Batten  Holder (Round)', 17, 28, '2016-01-20 23:05:42', '2016-01-20 23:05:42'),
(365, 12, 'Rubi Pendent Holder', 7.5, 15, '2016-01-20 23:06:57', '2016-02-07 22:21:14'),
(366, 21, '16A Indian Catout', 38, 45, '2016-01-20 23:10:53', '2016-01-20 23:10:53'),
(367, 21, '32A Indian Catout', 90, 110, '2016-01-20 23:11:30', '2016-01-20 23:11:30'),
(368, 21, '63A Indina Catout', 190, 220, '2016-01-20 23:12:26', '2016-01-20 23:12:26'),
(369, 24, 'Heater Coil 1000W (Lion)', 15, 20, '2016-01-20 23:14:39', '2016-01-20 23:15:31'),
(370, 24, 'Heater Coil 1500W (Lion)', 19, 25, '2016-01-20 23:16:18', '2016-01-20 23:16:18'),
(372, 24, 'Heater Coil 2000W (Lion)', 22, 30, '2016-01-20 23:17:08', '2016-01-20 23:17:08'),
(373, 24, 'Heater Coil 15000W (Nemco)', 24, 30, '2016-01-20 23:18:12', '2016-03-04 01:44:32'),
(374, 12, 'Pendent Holder E27', 12, 25, '2016-01-20 23:20:25', '2016-01-20 23:20:25'),
(375, 24, '6x8 Kath Board', 25, 30, '2016-01-20 23:29:53', '2016-01-20 23:29:53'),
(376, 13, '1/2" Hosepipe RFl', 1.7, 4, '2016-01-20 23:33:32', '2016-03-04 01:57:06'),
(377, 24, 'Aluminiam  stick (2Pcs)', 4, 9, '2016-01-20 23:34:30', '2016-01-24 06:53:27'),
(378, 13, '4x4 Pvc Board(Holder)', 8, 15, '2016-01-21 02:38:19', '2016-01-21 02:38:19'),
(381, 13, '6x4 Pvc Board singel (Holder)', 16.25, 25, '2016-01-21 02:41:17', '2016-01-21 02:41:17'),
(382, 13, '6x4 Pvc Board Double pert (Holder)', 27, 40, '2016-01-21 02:46:46', '2016-05-11 21:12:22'),
(383, 1, 'Appollo 70/76 (3Core Round) Cable', 55, 90, '2016-01-21 02:48:25', '2016-01-21 02:48:25'),
(384, 26, '2Pin Rabar Plug (local)', 6.25, 15, '2016-01-21 02:56:56', '2016-02-07 22:23:53'),
(385, 26, 'Noyon 2Pin Pvc Soket (Round)', 8, 15, '2016-01-21 03:00:00', '2016-01-21 03:00:00'),
(386, 26, '3pin multi function socket (Local)', 15, 25, '2016-01-21 03:01:32', '2016-01-31 07:23:18'),
(388, 26, '2Pin Plug (Kitty)', 29, 35, '2016-01-21 03:05:07', '2016-01-21 03:05:07'),
(389, 12, 'EG Batten Holder', 59.5, 70, '2016-01-21 07:33:08', '2016-01-27 04:37:26'),
(391, 18, 'TCL Remot (TC-01)', 62, 130, '2016-01-21 09:31:59', '2016-01-21 09:31:59'),
(392, 13, '1" RFL Band', 8, 9, '2016-01-23 20:39:41', '2016-01-23 20:39:41'),
(393, 13, '1" RFL Pipe (without Socket)', 48, 55, '2016-01-23 20:43:18', '2016-02-05 23:05:00'),
(394, 13, '1" BRB Socket Pipe ', 80, 85, '2016-01-23 21:19:18', '2016-02-05 23:02:29'),
(395, 4, 'CATA  Tube Shaid (Grill)', 650, 850, '2016-01-24 04:21:40', '2016-01-24 04:21:40'),
(397, 5, '100W Supar Bulb', 15, 25, '2016-01-24 07:35:38', '2016-01-24 07:35:38'),
(398, 5, '60W Supar Bulb', 13.5, 20, '2016-01-24 07:36:15', '2016-01-24 07:36:15'),
(399, 5, '40W Supar Bulb', 13.5, 20, '2016-01-24 07:36:49', '2016-01-24 07:36:49'),
(400, 5, '25W Supar Bulb', 13.5, 20, '2016-01-24 07:37:22', '2016-01-24 07:37:22'),
(401, 8, 'SP 6A MCB legrand ', 110, 180, '2016-01-24 07:44:41', '2016-01-24 07:44:41'),
(402, 8, 'SP 10A MCB legrand', 110, 180, '2016-01-24 07:45:22', '2016-01-24 07:45:22'),
(403, 8, 'SP 16A MCB legrand', 110, 180, '2016-01-24 07:46:05', '2016-01-24 07:46:05'),
(404, 8, 'SP 20A MCB legrand', 110, 180, '2016-01-24 07:46:40', '2016-01-24 07:46:40'),
(405, 8, 'SP 32A MCB legrand', 110, 180, '2016-01-24 07:47:25', '2016-01-24 07:47:25'),
(406, 8, 'DP 20A Legrand', 220, 360, '2016-01-24 07:48:53', '2016-01-24 07:48:53'),
(407, 8, 'DP 32A Legrand', 220, 360, '2016-01-24 07:49:32', '2016-01-24 07:49:32'),
(408, 8, 'DP 40A Legrand', 220, 360, '2016-01-24 07:50:14', '2016-01-24 07:50:14'),
(409, 8, 'DP 63A Legrand', 220, 360, '2016-01-24 07:51:03', '2016-01-24 07:51:03'),
(410, 26, 'Appollo Ceramic (2Pin Socket) ', 21, 35, '2016-01-24 07:55:34', '2016-05-04 19:54:38'),
(411, 17, 'Firefly 5Way multi Plug', 380, 450, '2016-01-24 20:32:09', '2016-01-24 20:32:09'),
(412, 17, 'Victor Supar (VS-03) Round Multi Plug', 110, 160, '2016-01-24 20:33:26', '2016-01-24 20:33:26'),
(413, 16, 'Downlight Casing (Big)', 110, 130, '2016-01-24 20:39:20', '2016-01-24 20:39:20'),
(414, 6, 'Meter BOX (PVC)', 55, 70, '2016-01-24 20:48:19', '2016-01-24 20:48:19'),
(415, 28, 'National Safe', 5.1, 6, '2016-01-25 02:27:21', '2016-03-01 01:31:27'),
(416, 26, 'Nokia Travel Adaptor', 12, 20, '2016-01-25 03:33:15', '2016-01-25 03:33:15'),
(417, 26, 'S.R iron Plug', 15, 30, '2016-01-25 03:34:04', '2016-01-25 03:34:04'),
(418, 26, '13A 3pin Plug (wiht Fuse) Woz', 25, 40, '2016-01-25 03:36:14', '2016-01-25 03:36:14'),
(419, 26, 'Tiger Multi Socket(With Fuse)', 45, 65, '2016-01-25 03:37:24', '2016-01-25 03:37:24'),
(420, 12, 'NEP Pnadent Adaptor Holdar', 20, 30, '2016-01-25 03:39:37', '2016-01-25 03:39:37'),
(421, 1, 'BBS Cable BAY TT (2x0.4)Rm 14/76', 890, 1200, '2016-01-25 05:29:35', '2016-02-02 17:26:44'),
(422, 30, '1 Pound Colour (Enamel paint)', 85, 110, '2016-01-25 07:01:28', '2016-01-25 07:11:01'),
(423, 30, '1/2 Pound Colour (Enamel paint)', 48, 55, '2016-01-25 07:03:30', '2016-01-25 07:12:40'),
(424, 25, 'A/C cord (for Charger) Short', 18, 30, '2016-01-25 07:13:46', '2016-01-25 07:13:46'),
(425, 25, 'A/C cord (for Charger)long', 25, 40, '2016-01-25 07:14:37', '2016-01-25 07:14:37'),
(426, 25, '2 In 1 Sound Cord', 17, 30, '2016-01-25 07:17:04', '2016-01-25 07:17:04'),
(427, 13, '1/2 Band (Normal)', 1.7, 3, '2016-01-25 21:15:52', '2016-01-25 21:15:52'),
(428, 12, 'Electron Batten Holder (Big)', 28, 45, '2016-01-25 21:16:58', '2016-01-25 21:16:58'),
(429, 12, 'Ceiling Rose Elctron (Big)', 30, 45, '2016-01-25 21:19:45', '2016-01-25 21:19:45'),
(430, 13, '6x8 Plene Board', 30, 45, '2016-01-25 21:50:05', '2016-01-25 21:50:05'),
(431, 8, 'MCCB (LG Ship) 60A', 550, 1200, '2016-01-25 22:06:45', '2016-01-25 22:06:45'),
(432, 31, 'A/C Magnetic Stater (D11)', 660, 750, '2016-01-25 22:47:14', '2016-01-25 22:47:14'),
(433, 31, 'Change Over (16A> 3 PH)', 450, 550, '2016-01-25 22:49:45', '2016-01-25 22:49:45'),
(434, 31, 'Change Over (32A> 3 PH)', 650, 700, '2016-01-25 22:50:16', '2016-01-25 22:50:16'),
(435, 9, 'Superstar 1Gang Switch', 70, 80, '2016-01-26 00:25:04', '2016-01-26 00:25:04'),
(436, 9, 'Superstar 4Gang Switch', 215, 240, '2016-01-26 00:25:30', '2016-01-26 00:25:30'),
(437, 9, 'Superstar 6Pin Combine Socket', 240, 280, '2016-01-26 00:26:25', '2016-01-26 00:26:25'),
(438, 27, '60UF Motor Capactor', 85, 140, '2016-01-27 03:11:05', '2016-01-27 03:11:05'),
(439, 12, 'Energy Pac Holder E27', 38.25, 45, '2016-01-27 04:38:46', '2016-01-27 04:38:46'),
(440, 1, 'SQ Cable (1x10.0 RM) 7W', 8244, 9000, '2016-01-27 19:42:13', '2016-01-27 20:34:05'),
(441, 1, 'SQ Cable 4/C', 2284, 2295, '2016-01-27 20:31:23', '2016-01-27 20:31:23'),
(442, 21, '100A Indina Catout', 290, 320, '2016-01-28 03:39:35', '2016-01-28 03:39:35'),
(443, 2, 'CBE 45W Energy Light', 490, 580, '2016-01-28 19:34:40', '2016-01-28 19:34:40'),
(444, 2, 'CBE 30W Energy Light', 198, 270, '2016-01-28 19:37:20', '2016-01-28 19:37:20'),
(445, 10, '4 Gang Local Still Board', 85, 110, '2016-01-28 22:03:10', '2016-01-28 22:03:10'),
(446, 10, '4x4 local Still Board', 16, 26, '2016-01-28 22:21:15', '2016-01-28 22:21:15'),
(447, 10, '6x16 Seven Colar Still Board', 85, 110, '2016-01-28 22:36:39', '2016-01-28 22:36:39'),
(448, 10, '6x18 Seven Colar Still Board', 95, 120, '2016-01-28 22:37:38', '2016-01-28 22:37:38'),
(449, 10, '2 Gang AGS Still Board R', 50, 70, '2016-01-28 22:38:27', '2016-05-06 01:14:43'),
(450, 10, '7x5 Seven Colar Still Board', 48, 55, '2016-01-28 22:43:51', '2016-01-28 22:43:51'),
(451, 10, '3x10 Seven Colar Still Board', 60, 70, '2016-01-28 22:50:30', '2016-01-28 22:50:30'),
(452, 7, 'FG Gold Fan Still Bleed', 1380, 1750, '2016-01-28 23:18:24', '2016-01-28 23:18:24'),
(453, 7, 'Phonix Fan', 1150, 1400, '2016-01-28 23:19:00', '2016-02-28 22:16:16'),
(454, 7, 'Air Cool stand Fan', 2350, 2650, '2016-01-28 23:20:05', '2016-01-28 23:20:05'),
(455, 27, '16UF Motor Capacitor', 85, 125, '2016-01-28 23:32:23', '2016-01-28 23:32:23'),
(456, 27, '30UF Motor Capacitor', 90, 130, '2016-01-28 23:32:51', '2016-01-28 23:32:51'),
(457, 27, '40UF Motor Capacitor', 105, 135, '2016-01-28 23:33:18', '2016-01-28 23:33:18'),
(458, 27, '35UF Motor Capacitor', 90, 125, '2016-01-28 23:33:38', '2016-01-28 23:33:38'),
(459, 27, '45UF Motor Capacitor', 115, 140, '2016-01-28 23:34:10', '2016-01-28 23:34:10'),
(460, 27, '50UF Motor Capacitor', 110, 150, '2016-01-28 23:34:32', '2016-01-28 23:34:32'),
(461, 27, '60UF Motor Capacitor', 120, 150, '2016-01-28 23:34:55', '2016-01-28 23:34:55'),
(462, 27, '87UF Motor Capacitor', 140, 180, '2016-01-28 23:35:20', '2016-01-28 23:35:20'),
(463, 18, 'Nova Tv Remote', 68, 120, '2016-01-29 00:19:56', '2016-01-29 00:19:56'),
(464, 18, 'AAG TV Remote (F21E1)', 70, 110, '2016-01-29 00:20:47', '2016-01-29 00:20:47'),
(465, 18, 'Myone Remote (Short)', 54, 125, '2016-01-29 00:21:26', '2016-02-26 04:33:05'),
(466, 18, 'Western Tv Remote', 60, 110, '2016-01-29 00:21:59', '2016-01-29 00:21:59'),
(467, 9, 'Superstar TV socket', 140, 160, '2016-01-29 00:31:10', '2016-01-29 00:31:10'),
(468, 9, 'MK DP Switch', 145, 250, '2016-01-29 01:09:30', '2016-01-29 01:09:30'),
(469, 9, 'MK 4Gang Switch', 140, 190, '2016-01-29 01:09:57', '2016-01-29 01:09:57'),
(470, 9, 'MK 1 Gang Switch', 45, 70, '2016-01-29 01:10:25', '2016-01-29 01:10:25'),
(471, 1, 'Hardwon Round 14/76', 600, 1000, '2016-01-30 22:25:48', '2016-01-30 22:25:48'),
(472, 1, 'Paradise Cable (1x1.3rm) ', 1170, 1250, '2016-01-30 22:27:01', '2016-01-30 22:27:01'),
(473, 8, 'Mcb UNL1 DP 32A', 650, 850, '2016-01-30 22:50:14', '2016-01-30 22:50:14'),
(474, 8, 'SP 63A legrand ', 110, 180, '2016-01-30 22:53:48', '2016-01-30 22:53:48'),
(475, 3, 'led Dim Light(local)', 25, 40, '2016-01-31 18:40:53', '2016-01-31 18:40:53'),
(476, 5, '200W Philips CL', 44, 50, '2016-01-31 20:34:11', '2016-01-31 20:34:11'),
(477, 13, 'Cona Combine Board', 17, 25, '2016-01-31 20:39:05', '2016-01-31 20:39:05'),
(478, 14, 'bed switch (Local)', 12, 20, '2016-01-31 22:29:55', '2016-01-31 22:29:55'),
(479, 1, 'BBS Cable FT (2x0.4)Rm', 1335, 1500, '2016-02-01 00:30:43', '2016-02-01 00:30:43'),
(480, 13, '1" RFL Circular Box', 8, 12, '2016-02-01 01:03:54', '2016-02-01 01:03:54'),
(481, 13, '1" RFL Socket', 4, 5.5, '2016-02-01 01:11:11', '2016-02-01 01:11:11'),
(482, 13, '1" RFL Elbow', 5.5, 7, '2016-02-01 01:14:34', '2016-02-01 01:14:34'),
(483, 13, '1/2" Circular Box (Normal)', 3, 5, '2016-02-01 01:18:35', '2016-02-01 01:18:35'),
(484, 13, '1" Band (Normal)', 4, 6, '2016-02-01 01:19:16', '2016-02-01 01:19:16'),
(485, 13, '3/4" Band (Normal)', 4, 6, '2016-02-01 01:19:52', '2016-02-01 01:19:52'),
(486, 13, '3/4" Socket (Normal)', 2, 3, '2016-02-01 01:20:31', '2016-02-01 01:20:31'),
(487, 13, '1" T (Normal)', 4, 6, '2016-02-01 01:22:22', '2016-02-01 01:22:22'),
(488, 13, '3/4 " T (Normal)', 3, 5, '2016-02-01 01:23:31', '2016-02-01 01:23:31'),
(489, 13, '3/4" Elbow (Normal)', 4, 6, '2016-02-01 01:24:11', '2016-02-01 01:24:11'),
(490, 13, '1/2" Socket (Normal)', 2, 3, '2016-02-01 01:24:48', '2016-02-01 01:24:48'),
(491, 29, 'Philips Taster ', 17.5, 25, '2016-02-01 03:03:59', '2016-02-01 03:03:59'),
(492, 29, 'Normal Taster', 12, 20, '2016-02-01 03:04:36', '2016-02-01 03:04:36'),
(493, 29, 'Soups Taster(long)', 25, 35, '2016-02-01 03:05:53', '2016-02-01 03:05:53'),
(494, 13, '3/4" Hosepipe RFl', 3.5, 5, '2016-02-01 18:09:44', '2016-02-01 18:09:44'),
(495, 13, '1.5" Hosepipe RFl', 6.5, 8, '2016-02-01 18:11:07', '2016-02-01 18:11:07'),
(496, 13, '1/2" Rfl White Pipe', 18, 25, '2016-02-01 18:25:07', '2016-02-01 18:25:07'),
(497, 13, '3/4 RFl White Pipe', 25.4, 35, '2016-02-01 18:27:39', '2016-03-04 02:01:07'),
(498, 13, '3/4" Normal Pipe', 20, 25, '2016-02-01 18:37:19', '2016-02-01 18:37:19'),
(499, 15, '5x5 Ful (round)', 15, 20, '2016-02-02 00:50:53', '2016-02-02 00:52:27'),
(500, 13, '1.5" Chanal Mep', 35, 45, '2016-02-02 00:54:51', '2016-02-02 00:54:51'),
(501, 1, 'Bizli Cable (2X2.0rm) 70/76 Round', 4900, 5500, '2016-02-02 01:54:16', '2016-02-02 01:54:16'),
(502, 25, 'YJ-1859 (18 Led)', 185, 220, '2016-02-02 02:53:03', '2016-02-02 02:53:03'),
(503, 25, 'Yage (Big) Lalp', 235, 260, '2016-02-02 02:54:32', '2016-02-02 02:54:32'),
(504, 32, '20MM Clip', 2.4, 5, '2016-02-02 02:58:10', '2016-02-07 20:25:55'),
(505, 32, '16MM Clip', 2.2, 3, '2016-02-02 02:59:05', '2016-02-02 02:59:05'),
(506, 32, '9MM Clip', 0.45, 1.3, '2016-02-02 18:00:58', '2016-02-02 18:00:58'),
(507, 32, '8MM Clip', 0.5, 0.8, '2016-02-02 18:01:45', '2016-02-02 18:01:45'),
(508, 32, '7MM Clip', 0.5, 0.7, '2016-02-02 18:02:24', '2016-02-02 18:02:24'),
(509, 32, '6MM Clip', 0.45, 0.6, '2016-02-02 18:02:55', '2016-02-02 18:02:55'),
(510, 32, '5MM Clip', 0.35, 0.5, '2016-02-02 18:03:27', '2016-02-02 18:03:27'),
(511, 32, '4MM Clip', 0.3, 0.45, '2016-02-02 18:03:59', '2016-02-02 18:03:59'),
(512, 1, 'DIsh Cable (Mixed)', 750, 1500, '2016-02-02 20:31:26', '2016-02-09 20:45:24'),
(513, 30, '2 pound colour (Enamel print)', 240, 270, '2016-02-02 22:47:58', '2016-02-02 22:47:58'),
(514, 30, 'Tarphin 1pcs', 16, 25, '2016-02-02 22:48:58', '2016-02-02 22:48:58'),
(515, 30, 'Claner 1pcs', 22, 30, '2016-02-02 22:50:47', '2016-02-02 22:50:47'),
(516, 30, 'soliution', 15, 20, '2016-02-02 22:53:04', '2016-02-02 22:53:04'),
(517, 30, '50 ML colour (Enamel print)', 15, 20, '2016-02-02 22:53:54', '2016-02-02 22:53:54'),
(518, 6, 'Estran Metar', 1130, 1160, '2016-02-03 03:25:41', '2016-02-03 03:25:41'),
(519, 19, '1.5" MK Screw', 10, 18, '2016-02-03 19:15:39', '2016-02-03 19:15:39'),
(520, 19, '1." Mathgat Screw', 10, 15, '2016-02-03 19:20:18', '2016-02-03 19:20:18'),
(521, 33, '1"Cup  Hook ', 1.5, 3, '2016-02-05 01:43:22', '2016-02-05 01:44:18'),
(522, 33, '1.5" Cup Hook', 2.2, 5, '2016-02-05 01:44:51', '2016-02-05 01:44:51'),
(523, 33, 'covering pipe', 110, 130, '2016-02-05 01:46:37', '2016-02-05 01:46:37'),
(524, 33, 'covering Clam', 12, 16, '2016-02-05 01:47:33', '2016-02-05 01:47:33'),
(525, 34, 'SS Pin 1.5"', 0.3, 1, '2016-02-05 01:49:38', '2016-02-05 01:49:38'),
(526, 35, 'Favicol Super Glue (Mini)', 15, 20, '2016-02-05 01:56:28', '2016-02-05 01:56:28'),
(527, 35, 'Still Tape ', 40, 60, '2016-02-05 02:00:55', '2016-02-05 02:00:55'),
(528, 35, 'JK Ret ', 25, 30, '2016-02-05 02:02:24', '2016-02-05 02:02:24'),
(529, 35, 'Wather tec (Normol)', 15, 25, '2016-02-05 02:07:37', '2016-02-05 02:07:37'),
(530, 35, 'Watertec (Havy)', 28, 50, '2016-02-05 02:09:28', '2016-02-05 02:09:28'),
(531, 12, 'Sefty Pandent Holder', 20, 25, '2016-02-05 02:44:15', '2016-02-05 02:44:15'),
(532, 3, 'CBE 5W LED Tube Light', 210, 280, '2016-02-05 03:40:24', '2016-02-05 03:40:24'),
(533, 1, 'Normal TT Cable 14/76', 2.5, 5, '2016-02-06 00:18:54', '2016-02-06 00:18:54'),
(534, 36, 'Still jak', 6, 15, '2016-02-06 00:20:13', '2016-02-06 00:20:13'),
(535, 36, 'palstic Jak', 3, 10, '2016-02-06 00:21:18', '2016-02-06 00:21:18'),
(536, 36, 'Conector ', 2, 5, '2016-02-06 00:23:02', '2016-02-06 00:23:02'),
(537, 20, 'TC (20 mm)', 20, 30, '2016-02-06 00:24:02', '2016-02-06 00:24:02'),
(538, 20, 'HMBR 2" Drower lock ', 28, 40, '2016-02-06 00:26:09', '2016-02-06 00:26:09'),
(539, 20, 'Camel 2" Drower lock ', 30, 40, '2016-02-06 00:26:52', '2016-02-06 00:26:52'),
(540, 20, 'BKC Glass lock', 45, 60, '2016-02-06 00:28:10', '2016-02-06 00:28:10'),
(541, 35, '1" Kobza', 7, 10, '2016-02-06 00:29:00', '2016-02-06 00:29:00'),
(542, 35, '2" Kobza', 10, 15, '2016-02-06 00:29:20', '2016-02-06 00:29:20'),
(543, 35, '3" Kobza', 15, 20, '2016-02-06 00:29:43', '2016-02-06 00:29:43'),
(544, 35, 'Berjon Khat', 80, 100, '2016-02-06 00:34:06', '2016-02-06 00:34:06'),
(545, 10, 'Fan Box', 80, 90, '2016-02-06 00:34:34', '2016-02-06 00:34:34'),
(546, 18, 'AST 1CE3 ', 65, 120, '2016-02-06 19:26:15', '2016-02-06 19:26:15'),
(547, 18, 'Singer R-4c07', 62, 130, '2016-02-06 19:32:53', '2016-02-06 19:32:53'),
(548, 18, 'Marsel Blaack', 75, 140, '2016-02-06 19:33:53', '2016-02-06 19:33:53'),
(549, 25, 'Computer Power Cable (2Pin)', 45, 60, '2016-02-06 19:44:19', '2016-02-06 19:44:19'),
(550, 25, 'Torch light (chager)', 75, 140, '2016-02-06 19:46:20', '2016-02-06 19:46:20'),
(551, 25, '1/1 Sound Cord', 16, 25, '2016-02-06 19:47:49', '2016-02-06 19:47:49'),
(552, 18, 'All Mster (Huayu)', 160, 250, '2016-02-06 19:53:12', '2016-02-06 19:53:12'),
(553, 13, '1/2" Normal Chanel', 15, 20, '2016-02-07 00:29:50', '2016-02-07 00:29:50'),
(554, 18, 'konka (master)', 105, 180, '2016-02-07 02:51:03', '2016-02-07 02:51:03'),
(555, 5, '100w Transtce  CL', 15, 25, '2016-02-16 20:45:47', '2016-02-16 20:45:47'),
(556, 36, 'Dish Cable (Copre)', 11.5, 15, '2016-02-23 19:08:06', '2016-02-23 19:08:06'),
(557, 25, 'Room Light & Torchn Light', 138, 180, '2016-02-26 04:24:42', '2016-02-26 04:43:13'),
(558, 25, '3/3 Cord', 23, 30, '2016-02-26 04:28:10', '2016-02-26 04:28:10'),
(559, 18, 'LED/LCD (Wlton/Singer)', 160, 220, '2016-02-27 01:46:02', '2016-02-27 01:46:02'),
(560, 18, 'LXT12', 65, 130, '2016-02-27 01:46:58', '2016-02-27 01:46:58'),
(561, 7, 'VIsion Celing Fan 56"', 2300, 2550, '2016-02-28 22:57:24', '2016-05-10 18:03:07'),
(562, 12, 'Luxury Batten Hoder (Delux)', 25, 35, '2016-02-29 00:49:38', '2016-02-29 00:49:38'),
(563, 12, 'Luxury Safty Pendent Hoder ', 21, 30, '2016-02-29 00:51:02', '2016-02-29 00:51:02'),
(564, 14, 'RFC Fan Dimmer(Boby)', 32, 50, '2016-03-01 02:41:03', '2016-03-01 02:41:03'),
(565, 9, 'RFC Fan Dimmer With switch', 114, 160, '2016-03-01 02:42:52', '2016-03-08 04:26:48'),
(566, 26, 'A.M 2Pin Plug', 12.9, 20, '2016-03-01 02:44:59', '2016-03-01 02:44:59'),
(567, 12, 'A.M Sefty Pandent Holder', 10, 15, '2016-03-01 02:46:30', '2016-03-01 02:46:30'),
(568, 12, 'A.M Pandent Holder', 10, 15, '2016-03-01 02:47:51', '2016-03-01 02:47:51'),
(569, 15, '6x8 Squre Avonight', 24, 35, '2016-03-04 01:32:31', '2016-03-04 01:34:40'),
(570, 15, '7x9 SqureAvonight', 31, 45, '2016-03-04 01:33:24', '2016-03-04 01:33:24'),
(571, 27, '2.5 Thaland Capacitor', 58, 70, '2016-03-04 01:39:32', '2016-03-04 01:39:32'),
(572, 27, '3.5 Thaland Capacitor', 60, 75, '2016-03-04 01:39:53', '2016-03-04 01:39:53'),
(573, 31, '15A Push Batton switch', 95, 130, '2016-03-04 01:46:40', '2016-03-04 01:46:40'),
(574, 13, '3/4" Chanel RFL', 15.8, 20, '2016-03-04 01:49:19', '2016-03-04 01:49:53'),
(575, 12, 'Superstar Celing Rose', 23, 30, '2016-03-04 02:18:39', '2016-03-04 02:18:39'),
(576, 7, 'Master (Jony)', 815, 1100, '2016-03-07 21:52:00', '2016-03-07 21:52:00'),
(577, 15, 'Shan Pthor(Star)', 44, 60, '2016-03-08 01:35:37', '2016-03-08 01:35:37'),
(578, 19, '2" Star Screw', 7, 15, '2016-03-08 01:39:09', '2016-03-08 01:39:09'),
(579, 7, 'ABC 56" Celing Fan', 1290, 1400, '2016-03-08 01:41:08', '2016-03-08 01:42:15'),
(580, 7, 'Gazi 56" Celing Fan', 1410, 1600, '2016-03-08 01:41:49', '2016-03-08 01:41:49'),
(581, 18, 'ASTON Remote', 58, 110, '2016-03-09 17:24:49', '2016-03-11 01:31:31'),
(582, 18, 'Walton (Hondi)', 75, 130, '2016-03-11 01:29:50', '2016-03-11 01:29:50'),
(583, 18, 'LG (6710V0014E/104F)', 55, 120, '2016-03-11 01:31:11', '2016-03-11 01:31:11'),
(584, 15, 'HMBR Wall Cater', 160, 170, '2016-03-15 01:42:36', '2016-03-15 01:42:36'),
(585, 14, 'Appllo Switch ', 15.75, 20, '2016-05-04 19:48:13', '2016-05-04 19:48:13'),
(586, 14, 'Appllo Socket ', 15.75, 20, '2016-05-04 19:49:16', '2016-05-04 19:49:16'),
(587, 14, 'Appollo Indicato', 19.5, 25, '2016-05-04 19:51:30', '2016-05-04 19:51:30'),
(588, 14, 'Appollo Fuse', 19.5, 30, '2016-05-04 19:53:20', '2016-05-04 19:53:20'),
(589, 9, 'Appollo 6 Pin socket', 126, 170, '2016-05-04 20:02:51', '2016-05-04 20:02:51'),
(590, 9, 'Appllo Combine (Big)', 162, 220, '2016-05-04 20:04:15', '2016-05-04 20:04:15'),
(591, 1, 'Appollo (2x23/76) TT', 580, 1000, '2016-05-04 20:07:55', '2016-05-04 20:07:55'),
(592, 1, 'Appollo (2x23/76) FT', 780, 1500, '2016-05-04 20:08:37', '2016-05-04 20:08:37'),
(595, 1, 'Appollo (2x40/76) FT', 1050, 1800, '2016-05-04 20:10:11', '2016-05-04 20:10:11'),
(596, 1, 'Appollo Round  (2x23/76) s', 1050, 1500, '2016-05-04 20:11:11', '2016-05-04 20:11:11'),
(597, 1, 'Appollo (1x2.0 Rm)', 1320, 1600, '2016-05-04 20:12:29', '2016-05-04 20:12:29'),
(598, 1, 'Appollo (1x4.5 Rm)', 2800, 3500, '2016-05-04 20:13:30', '2016-05-04 20:13:30'),
(599, 1, 'Appollo (1x1.3 Rm)', 800, 1100, '2016-05-04 20:15:51', '2016-05-04 20:15:51'),
(600, 26, 'Appollo Round 2Pin plug', 13, 20, '2016-05-04 20:43:23', '2016-05-04 20:43:23'),
(601, 15, '5X5 Bako Round Shit', 22.5, 35, '2016-05-04 20:45:00', '2016-05-04 20:45:00'),
(602, 26, '3 in Plug (8Am)', 25, 35, '2016-05-04 22:51:52', '2016-05-04 22:51:52');
INSERT INTO `product` (`pid`, `cid`, `p_name`, `buying_price`, `selling_price`, `created_at`, `updated_at`) VALUES
(603, 9, 'Superstar Bill Push', 140, 170, '2016-05-05 01:50:19', '2016-05-05 01:50:19'),
(604, 2, 'Suparstar 30W Energy Light', 240, 280, '2016-05-05 01:55:05', '2016-05-05 01:55:05'),
(605, 2, 'Suparstar 23W Energy Light', 210, 260, '2016-05-05 01:55:28', '2016-05-05 01:55:28'),
(606, 2, 'Suparstar 26W Energy Light (color)', 270, 310, '2016-05-05 01:55:57', '2016-05-05 01:58:53'),
(607, 13, 'Osaka Tape', 11.5, 20, '2016-05-05 02:01:23', '2016-05-05 02:01:23'),
(608, 5, '05W Suparstar Dim Light', 18, 25, '2016-05-05 02:03:18', '2016-05-05 02:03:18'),
(609, 5, '60W Suparstar Cl Bulb', 18, 25, '2016-05-05 02:05:05', '2016-05-05 02:05:05'),
(610, 7, 'B.H.P Smart 56"', 2035, 2550, '2016-05-05 02:20:11', '2016-05-05 02:26:06'),
(611, 7, 'B.H.P Supar Delux 56"', 2335, 2800, '2016-05-05 02:21:35', '2016-05-05 02:26:27'),
(612, 5, '05W Transtec Dim Light', 18, 25, '2016-05-05 03:45:27', '2016-05-05 03:45:27'),
(613, 7, 'Air Cool (Net Fan)', 550, 660, '2016-05-05 17:27:07', '2016-05-05 17:27:07'),
(614, 7, 'Click Exhaust Fan', 800, 980, '2016-05-05 17:29:45', '2016-05-05 17:29:45'),
(615, 20, '40MM Reno Lock', 122, 150, '2016-05-05 18:00:09', '2016-05-05 18:00:09'),
(616, 20, '60MM Reno Lock', 145, 210, '2016-05-05 18:00:46', '2016-05-05 18:00:46'),
(617, 15, 'Fujimoto Plus ', 130, 160, '2016-05-05 18:01:47', '2016-05-05 18:01:47'),
(618, 15, 'Fan Hook (singel)', 35, 55, '2016-05-05 18:03:36', '2016-05-05 18:03:36'),
(619, 15, 'Fan Hook (Dabul)', 55, 80, '2016-05-05 18:04:26', '2016-05-05 18:04:26'),
(620, 27, '20UF Motor Capacitar', 90, 140, '2016-05-05 19:29:42', '2016-05-05 19:29:42'),
(621, 18, 'Olymipc Remote Batary', 8, 12, '2016-05-05 19:59:07', '2016-05-05 19:59:07'),
(622, 10, '1 Gang AGS Still Board O', 34.2, 38, '2016-05-06 01:16:24', '2016-05-06 01:16:24'),
(623, 10, '2 Gang AGS Still Board O', 69.4, 76, '2016-05-06 01:17:16', '2016-05-06 01:17:16'),
(624, 10, '3 Gang AGS Still Board O', 103.6, 115, '2016-05-06 01:17:59', '2016-05-06 01:17:59'),
(625, 8, 'Sasin Sp 10A', 130, 220, '2016-05-08 03:30:54', '2016-05-08 03:30:54'),
(626, 8, 'CHNT Sp16A', 145, 220, '2016-05-08 03:34:06', '2016-05-08 03:34:06'),
(627, 8, 'CHNT Sp 20A', 145, 220, '2016-05-08 03:34:35', '2016-05-08 03:34:35'),
(628, 22, 'CHNT Sp 250A', 145, 220, '2016-05-08 03:35:00', '2016-05-08 03:35:00'),
(629, 8, 'CHNT Sp 25A', 145, 220, '2016-05-08 03:37:41', '2016-05-08 03:37:41'),
(630, 19, '2" Mathgat Screw', 8, 18, '2016-05-08 04:57:14', '2016-05-08 04:57:14'),
(631, 19, '1.5" China Star Screw', 7, 16, '2016-05-08 04:58:21', '2016-05-08 04:58:21'),
(632, 13, '3/4" Circular Box (Normal)', 3, 5, '2016-05-08 19:15:36', '2016-05-08 19:15:36'),
(633, 13, '1" Band Normal', 4, 7, '2016-05-08 19:16:40', '2016-05-08 19:16:40'),
(634, 29, '2 In Tastar Star&Flte', 25, 40, '2016-05-08 20:02:44', '2016-05-08 20:05:16'),
(637, 35, 'HMBR Royel Bol', 12, 16, '2016-05-08 20:05:25', '2016-05-08 20:05:25'),
(638, 35, '6" Scerew Drivar Flate ', 45, 65, '2016-05-08 20:12:13', '2016-05-08 20:12:13'),
(639, 35, '6" Scerew Drivar Star', 45, 65, '2016-05-08 20:12:40', '2016-05-08 20:12:40'),
(640, 35, '4" Scerew Drivar Flate', 35, 55, '2016-05-08 20:13:13', '2016-05-08 20:13:13'),
(641, 35, '4" Scerew Drivar Star', 35, 55, '2016-05-08 20:13:50', '2016-05-08 20:13:50'),
(642, 35, '4" Scerew Drivar Flate (Hamar)', 55, 80, '2016-05-08 20:14:51', '2016-05-08 20:14:51'),
(643, 35, '4" Scerew Drivar Star (Hamar)', 55, 80, '2016-05-08 20:15:23', '2016-05-08 20:15:23'),
(644, 35, '8" Scerew Drivar Flate', 45, 60, '2016-05-08 20:15:50', '2016-05-08 20:15:50'),
(645, 35, '40W Iron (Tatal)', 55, 90, '2016-05-08 20:19:45', '2016-05-08 20:20:35'),
(646, 35, '60W Iron (Tatal)', 60, 100, '2016-05-08 20:20:12', '2016-05-08 20:20:12'),
(647, 32, '10MM Cable Clip', 0.55, 1.3, '2016-05-09 01:35:59', '2016-05-09 01:35:59'),
(648, 32, '14MM Cable Clip', 2, 3, '2016-05-09 01:36:37', '2016-05-09 01:36:37'),
(649, 11, 'Appal 4-7 SDB', 320, 380, '2016-05-11 01:16:07', '2016-05-11 01:16:07'),
(650, 3, 'Sonos 3W LED light', 130, 180, '2016-05-11 20:29:41', '2016-05-11 20:29:41'),
(651, 13, '3x3 Pvc Board (Singal)', 6.5, 12, '2016-05-11 21:11:35', '2016-05-11 21:11:35'),
(652, 7, 'MRB Classice 56" Fan', 1470, 1800, '2016-05-13 02:26:41', '2016-05-13 02:26:41');

-- --------------------------------------------------------

--
-- Table structure for table `product_category`
--

CREATE TABLE IF NOT EXISTS `product_category` (
  `cid` int(11) NOT NULL AUTO_INCREMENT,
  `c_name` varchar(100) COLLATE utf8_unicode_ci NOT NULL,
  `created_at` timestamp NULL DEFAULT CURRENT_TIMESTAMP,
  `updated_at` timestamp NULL DEFAULT NULL,
  PRIMARY KEY (`cid`),
  UNIQUE KEY `c_name` (`c_name`)
) ENGINE=InnoDB  DEFAULT CHARSET=utf8 COLLATE=utf8_unicode_ci AUTO_INCREMENT=37 ;

--
-- Dumping data for table `product_category`
--

INSERT INTO `product_category` (`cid`, `c_name`, `created_at`, `updated_at`) VALUES
(1, 'Cable', '2016-01-17 10:36:58', '2016-01-17 10:36:58'),
(2, 'Energy Light', '2016-01-17 10:38:23', '2016-01-17 10:38:23'),
(3, 'LED Light', '2016-01-18 00:18:25', '2016-01-18 00:18:25'),
(4, 'Tube Light + Tube Shade', '2016-01-18 00:18:44', '2016-01-18 06:05:31'),
(5, 'Clear Bulb', '2016-01-18 00:19:42', '2016-01-18 00:19:42'),
(6, 'Meter ', '2016-01-18 00:21:00', '2016-01-18 00:21:00'),
(7, 'Fan', '2016-01-18 01:32:33', '2016-01-24 20:36:23'),
(8, 'MCB', '2016-01-18 01:32:51', '2016-01-18 01:32:51'),
(9, 'Gang Switch & Socket', '2016-01-18 01:34:14', '2016-01-18 01:34:14'),
(10, 'Still Board', '2016-01-18 01:37:50', '2016-01-18 01:37:50'),
(11, 'SDB Board', '2016-01-18 01:55:04', '2016-01-18 01:55:04'),
(12, 'Holdar', '2016-01-18 02:10:37', '2016-01-18 02:10:37'),
(13, 'PVC Item', '2016-01-18 02:11:37', '2016-01-18 02:11:37'),
(14, 'Piano Switch+Socket+Etc', '2016-01-18 06:35:32', '2016-01-18 06:35:32'),
(15, 'Others', '2016-01-18 07:04:18', '2016-01-18 07:04:18'),
(16, 'Lamp Shade', '2016-01-18 08:13:25', '2016-01-18 08:13:25'),
(17, 'Multi Plug', '2016-01-18 08:21:30', '2016-01-18 08:21:30'),
(18, 'Remote+Batary', '2016-01-18 08:28:32', '2016-01-19 03:36:28'),
(19, 'Screw', '2016-01-18 08:32:33', '2016-01-18 08:32:33'),
(20, 'Lock', '2016-01-18 09:02:12', '2016-01-18 09:02:12'),
(21, 'Fuse Ceramic', '2016-01-19 04:59:28', '2016-01-19 04:59:28'),
(22, 'MEP', '2016-01-19 08:51:52', '2016-01-20 07:31:05'),
(23, 'Cona Item', '2016-01-19 09:32:44', '2016-01-19 09:42:35'),
(24, 'Heater Iteam', '2016-01-20 07:08:05', '2016-01-20 07:08:05'),
(25, 'Charger & Cord ', '2016-01-20 23:25:36', '2016-01-25 07:05:13'),
(26, '2Pin Plug +2Pin Socket', '2016-01-21 02:54:48', '2016-01-23 21:02:01'),
(27, 'Capacitor (Fan+Motor)', '2016-01-24 20:37:50', '2016-01-24 20:37:50'),
(28, 'welding rod', '2016-01-25 02:24:46', '2016-01-25 02:24:46'),
(29, 'Taster', '2016-01-25 06:36:42', '2016-02-01 03:03:08'),
(30, 'Print (Colour)', '2016-01-25 06:59:48', '2016-01-25 07:11:52'),
(31, 'Chanhe Over & Magnetic Starter', '2016-01-25 22:44:48', '2016-01-25 22:44:48'),
(32, 'Cable Clip & Cable Ties', '2016-01-31 01:07:35', '2016-01-31 07:11:44'),
(33, 'Hook+Etc', '2016-02-05 01:39:33', '2016-02-05 01:39:33'),
(34, 'All Pin', '2016-02-05 01:40:42', '2016-02-05 01:40:42'),
(35, 'Tools', '2016-02-05 01:54:33', '2016-02-05 01:54:33'),
(36, 'Dish Item', '2016-02-06 00:19:40', '2016-02-06 00:19:40');

-- --------------------------------------------------------

--
-- Table structure for table `return_list`
--

CREATE TABLE IF NOT EXISTS `return_list` (
  `id` int(11) NOT NULL,
  `invoice_no` varchar(15) COLLATE utf8_unicode_ci DEFAULT NULL,
  `customer_id` varchar(100) COLLATE utf8_unicode_ci DEFAULT NULL,
  `customer_address` varchar(255) COLLATE utf8_unicode_ci DEFAULT NULL,
  `categories` varchar(200) COLLATE utf8_unicode_ci DEFAULT NULL,
  `products` varchar(255) COLLATE utf8_unicode_ci DEFAULT NULL,
  `unit_price` varchar(255) COLLATE utf8_unicode_ci DEFAULT NULL,
  `quantity` varchar(200) COLLATE utf8_unicode_ci DEFAULT NULL,
  `amount` varchar(255) COLLATE utf8_unicode_ci DEFAULT NULL,
  `total_price` int(11) DEFAULT NULL,
  `vat` int(11) DEFAULT NULL,
  `total_price_vat` int(11) DEFAULT NULL,
  `discount` int(11) DEFAULT NULL,
  `discount_price` int(11) DEFAULT NULL,
  `paid` int(11) DEFAULT NULL,
  `dues` int(11) DEFAULT NULL,
  `sold_by` varchar(50) COLLATE utf8_unicode_ci NOT NULL,
  `return_by` varchar(50) COLLATE utf8_unicode_ci DEFAULT NULL,
  `created_at` timestamp NULL DEFAULT NULL,
  `updated_at` timestamp NULL DEFAULT NULL,
  PRIMARY KEY (`id`)
) ENGINE=InnoDB DEFAULT CHARSET=utf8 COLLATE=utf8_unicode_ci;

-- --------------------------------------------------------

--
-- Table structure for table `sales`
--

CREATE TABLE IF NOT EXISTS `sales` (
  `id` int(11) NOT NULL AUTO_INCREMENT,
  `invoice_no` varchar(15) COLLATE utf8_unicode_ci DEFAULT NULL,
  `customer_id` varchar(100) COLLATE utf8_unicode_ci DEFAULT NULL,
  `customer_address` varchar(255) COLLATE utf8_unicode_ci DEFAULT NULL,
  `categories` varchar(200) COLLATE utf8_unicode_ci DEFAULT NULL,
  `products` varchar(255) COLLATE utf8_unicode_ci DEFAULT NULL,
  `unit_price` varchar(255) COLLATE utf8_unicode_ci DEFAULT NULL,
  `quantity` varchar(200) COLLATE utf8_unicode_ci DEFAULT NULL,
  `amount` varchar(255) COLLATE utf8_unicode_ci DEFAULT NULL,
  `total_price` int(11) DEFAULT NULL,
  `vat` int(11) DEFAULT NULL,
  `total_price_vat` int(11) DEFAULT NULL,
  `discount` int(11) DEFAULT NULL,
  `discount_price` int(11) DEFAULT NULL,
  `paid` int(11) DEFAULT NULL,
  `dues` int(11) DEFAULT NULL,
  `profit` int(11) NOT NULL,
  `sold_by` varchar(50) COLLATE utf8_unicode_ci NOT NULL,
  `created_at` timestamp NULL DEFAULT NULL,
  `updated_at` timestamp NULL DEFAULT NULL,
  PRIMARY KEY (`id`),
  UNIQUE KEY `invoice_no` (`invoice_no`)
) ENGINE=InnoDB  DEFAULT CHARSET=utf8 COLLATE=utf8_unicode_ci AUTO_INCREMENT=861 ;

--
-- Dumping data for table `sales`
--

INSERT INTO `sales` (`id`, `invoice_no`, `customer_id`, `customer_address`, `categories`, `products`, `unit_price`, `quantity`, `amount`, `total_price`, `vat`, `total_price_vat`, `discount`, `discount_price`, `paid`, `dues`, `profit`, `sold_by`, `created_at`, `updated_at`) VALUES
(782, '2016-1', 'BHP Fan Com', 'Sankipara', '2,', '5,', '280.00,', '6,', '1680.00,', 1680, 0, 1680, 120, 1560, 1560, 0, 48, 'alam', '2016-05-05 02:33:16', '2016-05-05 02:33:16'),
(783, '2016-2', 'N/A', 'N/A', '2,14,', '54,478,', '100.00,20.00,', '2,1,', '200.00,20.00,', 220, 0, 220, 0, 220, 220, 0, 48, 'alam', '2016-05-05 02:45:32', '2016-05-05 02:45:32'),
(784, '2016-3', 'Sofick vi', 'Akua', '9,26,', '589,600,', '170.00,20.00,', '2,1,', '340.00,20.00,', 360, 0, 360, 40, 320, 320, 0, 55, 'alam', '2016-05-05 03:35:46', '2016-05-05 03:59:41'),
(785, '2016-4', 'N/A', 'N/A', '13,', '78,', '45.00,', '1,', '45.00,', 45, 0, 45, 0, 45, 45, 0, 7, 'alam', '2016-05-05 03:57:41', '2016-05-05 03:57:41'),
(786, '2016-5', 'Sofick vi', 'Akua', '7,', '611,', '2800.00,', '1,', '2800.00,', 2800, 0, 2800, 250, 2550, 2550, 0, 215, 'alam', '2016-05-05 04:53:08', '2016-05-05 04:53:08'),
(787, '2016-6', 'Ikbal vi/chokaytola', '01718140629', '9,9,9,13,19,13,', '145,286,565,79,175,97,', '130.00,280.00,160.00,65.00,10.00,15.00,', '1,1,1,1,1,1,', '130.00,280.00,160.00,65.00,10.00,15.00,', 660, 0, 660, 10, 650, 650, 0, 130, 'alam', '2016-05-05 19:14:07', '2016-05-05 19:14:07'),
(788, '2016-7', 'N/A', 'N/A', '2,9,26,5,', '6,589,600,608,', '150.00,170.00,20.00,25.00,', '1,1,1,1,', '150.00,170.00,20.00,25.00,', 365, 0, 365, 0, 365, 365, 0, 90, 'alam', '2016-05-06 01:12:24', '2016-05-06 01:12:24'),
(789, '2016-8', 'N/A', 'N/A', '5,', '69,', '20.00,', '2,', '40.00,', 40, 0, 40, 0, 40, 40, 0, 7, 'alam', '2016-05-06 01:41:42', '2016-05-06 01:41:42'),
(790, '2016-9', 'N/A', 'N/A', '18,2,', '281,1,', '12.00,180.00,', '7,1,', '84.00,180.00,', 264, 0, 264, 0, 264, 264, 0, 63, 'alam', '2016-05-06 02:45:15', '2016-05-06 02:45:15'),
(791, '2016-10', 'N/A', 'N/A', '5,', '609,', '25.00,', '1,', '25.00,', 25, 0, 25, 0, 25, 25, 0, 7, 'alam', '2016-05-06 03:15:46', '2016-05-06 03:15:46'),
(792, '2016-11', 'N/A', 'N/A', '22,', '336,', '65.00,', '1,', '65.00,', 65, 0, 65, 0, 65, 65, 0, 15, 'alam', '2016-05-06 03:32:14', '2016-05-06 03:32:14'),
(793, '2016-12', 'N/A', 'N/A', '15,', '171,', '120.00,', '1,', '120.00,', 120, 0, 120, 0, 120, 120, 0, 45, 'alam', '2016-05-06 04:00:10', '2016-05-06 04:00:10'),
(794, '2016-13', 'N/A', 'N/A', '14,14,24,24,24,', '588,357,370,343,347,', '30.00,28.00,25.00,30.00,15.00,', '1,1,2,1,1,', '30.00,28.00,50.00,30.00,15.00,', 153, 0, 153, 3, 150, 150, 0, 49, 'alam', '2016-05-07 01:10:27', '2016-05-07 01:10:27'),
(795, '2016-14', 'N/A', 'N/A', '10,10,10,10,10,10,13,', '622,623,624,43,45,49,496,', '38.00,76.00,115.00,25.00,40.00,75.00,25.00,', '2,1,3,4,4,1,1,', '76.00,76.00,345.00,100.00,160.00,75.00,25.00,', 857, 0, 857, 7, 850, 850, 0, 96, 'alam', '2016-05-07 04:30:47', '2016-05-11 18:19:37'),
(796, '2016-15', 'N/A', 'N/A', '18,12,14,24,24,', '264,352,586,340,370,', '80.00,35.00,20.00,130.00,25.00,', '1,1,1,1,1,', '80.00,35.00,20.00,130.00,25.00,', 290, 0, 290, 0, 290, 290, 0, 106, 'alam', '2016-05-07 04:37:32', '2016-05-07 04:37:32'),
(797, '2016-16', 'N/A', 'N/A', '25,', '557,', '180.00,', '1,', '180.00,', 180, 0, 180, 25, 155, 155, 0, 17, 'alam', '2016-05-07 05:30:26', '2016-05-07 05:30:26'),
(798, '2016-17', 'N/A', 'N/A', '14,14,14,14,12,1,10,10,26,', '585,586,588,247,351,16,39,449,602,', '20.00,20.00,30.00,70.00,30.00,870.00,95.00,70.00,35.00,', '3,1,1,1,2,1.1,1,1,1,', '60.00,20.00,30.00,70.00,60.00,957.00,95.00,70.00,35.00,', 1397, 0, 1397, 100, 1297, 1297, 0, 150, 'alam', '2016-05-07 21:24:57', '2016-05-07 21:24:57'),
(799, '2016-18', 'N/A', 'N/A', '10,10,', '623,624,', '76.00,115.00,', '2,1,', '152.00,115.00,', 267, 0, 267, 2, 265, 265, 0, 23, 'alam', '2016-05-07 21:26:38', '2016-05-07 21:26:38'),
(800, '2016-19', 'N/A', 'N/A', '27,15,', '620,172,', '140.00,20.00,', '1,1,', '140.00,20.00,', 160, 0, 160, 10, 150, 150, 0, 46, 'alam', '2016-05-07 21:42:26', '2016-05-07 21:42:26'),
(801, '2016-20', 'N/A', 'N/A', '5,', '69,', '20.00,', '1,', '20.00,', 20, 0, 20, 0, 20, 20, 0, 4, 'Kunjo', '2016-05-07 22:31:28', '2016-05-07 22:31:28'),
(802, '2016-21', 'N/A', 'N/A', '1,', '598,', '3500.00,', '0.06,', '210.00,', 210, 0, 210, 0, 210, 210, 0, 42, 'alam', '2016-05-08 01:31:15', '2016-05-08 01:31:15'),
(803, '2016-22', 'Munna Ele', 'Boardgor', '11,4,10,', '55,223,449,', '45.00,190.00,70.00,', '1,1,1,', '45.00,190.00,70.00,', 305, 0, 305, 0, 305, 65, 240, 90, 'alam', '2016-05-08 02:24:42', '2016-05-08 02:24:42'),
(804, '2016-23', 'Saidun Eng/Joy', 'Akua', '25,', '551,', '25.00,', '1,', '25.00,', 25, 0, 25, 0, 25, 25, 0, 9, 'alam', '2016-05-08 02:37:59', '2016-05-08 02:37:59'),
(805, '2016-24', 'Cash', 'Cash', '26,29,', '602,491,', '35.00,25.00,', '1,1,', '35.00,25.00,', 60, 0, 60, 0, 60, 60, 0, 18, 'alam', '2016-05-08 02:38:36', '2016-05-08 02:38:36'),
(806, '2016-25', 'Harun Vi Ele', 'Akua', '9,13,26,', '589,77,410,', '170.00,22.00,35.00,', '2,2,1,', '340.00,44.00,35.00,', 419, 0, 419, 0, 419, 219, 200, 113, 'alam', '2016-05-08 04:49:45', '2016-05-08 04:49:45'),
(807, '2016-26', 'N/A', 'N/A', '35,', '530,', '50.00,', '1,', '50.00,', 50, 0, 50, 0, 50, 50, 0, 22, 'alam', '2016-05-08 19:01:46', '2016-05-08 19:01:46'),
(808, '2016-27', 'N/A', 'N/A', '5,', '609,', '25.00,', '1,', '25.00,', 25, 0, 25, 0, 25, 25, 0, 7, 'alam', '2016-05-08 19:02:33', '2016-05-08 19:02:33'),
(809, '2016-28', 'N/A', 'N/A', '4,', '222,', '10.00,', '1,', '10.00,', 10, 0, 10, 0, 10, 10, 0, 4, 'alam', '2016-05-08 19:04:08', '2016-05-08 19:04:08'),
(810, '2016-29', 'N/A', 'N/A', '26,15,', '410,172,', '35.00,20.00,', '1,1,', '35.00,20.00,', 55, 0, 55, 0, 55, 55, 0, 20, 'alam', '2016-05-08 19:05:35', '2016-05-08 19:05:35'),
(811, '2016-30', 'Anwar Vi/Manin Atuo', 'Akua', '30,', '422,', '110.00,', '1,', '110.00,', 110, 0, 110, 0, 110, 0, 110, 25, 'alam', '2016-05-08 20:25:16', '2016-05-08 20:25:16'),
(812, '2016-31', 'N/A', 'N/A', '23,', '311,', '25.00,', '1,', '25.00,', 25, 0, 25, 0, 25, 25, 0, 6, 'alam', '2016-05-08 20:38:56', '2016-05-08 20:38:56'),
(813, '2016-32', 'Tamanna', '01721144634', '13,13,', '497,73,', '35.00,8.00,', '7,18,', '245.00,144.00,', 389, 0, 389, 39, 350, 350, 0, 55, 'alam', '2016-05-09 00:01:44', '2016-05-09 00:01:44'),
(814, '2016-33', 'N/A', 'N/A', '5,', '69,', '20.00,', '1,', '20.00,', 20, 0, 20, 0, 20, 20, 0, 4, 'alam', '2016-05-09 01:57:45', '2016-05-09 01:57:45'),
(815, '2016-34', 'N/A', 'N/A', '4,', '222,', '10.00,', '1,', '10.00,', 10, 0, 10, 0, 10, 10, 0, 4, 'alam', '2016-05-09 02:45:14', '2016-05-09 02:45:14'),
(816, '2016-35', 'N/A', 'N/A', '33,5,', '524,608,', '16.00,25.00,', '2,1,', '32.00,25.00,', 57, 0, 57, 0, 57, 57, 0, 15, 'alam', '2016-05-09 03:30:41', '2016-05-09 03:30:41'),
(817, '2016-36', 'Cash', 'Akua', '15,', '172,', '20.00,', '7,', '140.00,', 140, 0, 140, 10, 130, 130, 0, 32, 'alam', '2016-05-09 18:51:48', '2016-05-09 18:51:48'),
(818, '2016-37', 'Cash', 'Akua', '9,', '145,', '130.00,', '4,', '520.00,', 520, 0, 520, 40, 480, 480, 0, 88, 'alam', '2016-05-09 18:52:38', '2016-05-09 18:52:38'),
(819, '2016-38', 'Cash', 'Akua', '18,18,', '266,280,', '130.00,10.00,', '1,2,', '130.00,20.00,', 150, 0, 150, 15, 135, 135, 0, 31, 'alam', '2016-05-09 22:07:12', '2016-05-09 22:07:12'),
(820, '2016-39', 'Cash Customer', 'Cash', '13,13,13,32,', '71,496,73,509,', '38.00,25.00,8.00,0.60,', '2,5,2,24,', '76.00,125.00,16.00,14.40,', 231, 0, 231, 0, 231, 231, 0, 48, 'Kunjo', '2016-05-09 23:53:17', '2016-05-09 23:53:17'),
(821, '2016-40', 'Cash Customer', 'Cash', '1,26,18,24,18,18,5,5,22,', '599,566,268,346,264,279,608,612,334,', '1100.00,20.00,90.00,35.00,80.00,10.00,25.00,25.00,25.00,', '0.10,1,1,1,1,2,1,1,1,', '110.00,20.00,90.00,35.00,80.00,20.00,25.00,25.00,25.00,', 430, 0, 430, 0, 430, 430, 0, 164, 'alam', '2016-05-10 17:24:54', '2016-05-10 17:24:54'),
(822, '2016-41', 'Kazol Vi (Ele)', 'Akua', '9,13,', '145,77,', '130.00,22.00,', '1,1,', '130.00,22.00,', 152, 0, 152, 12, 140, 140, 0, 26, 'alam', '2016-05-10 17:31:47', '2016-05-10 17:31:47'),
(823, '2016-42', 'Kazol Vi (Ele)', 'Akua', '1,1,1,1,7,2,', '82,84,86,598,576,444,', '1329.00,2750.00,4150.00,3500.00,1100.00,270.00,', '15,5,10,30,36,138,', '19935.00,13750.00,41500.00,105000.00,39600.00,37260.00,', 257045, 0, 257045, 47190, 209855, 209855, 0, 1, 'alam', '2016-05-10 17:57:18', '2016-05-10 17:57:18'),
(824, '2016-43', 'Cash Customer', 'Akua', '13,5,', '91,62,', '15.00,20.00,', '2,1,', '30.00,20.00,', 50, 0, 50, 0, 50, 50, 0, 16, 'alam', '2016-05-10 19:04:14', '2016-05-10 19:04:14'),
(825, '2016-44', 'Cash Customer', 'Cash', '13,13,', '430,97,', '45.00,15.00,', '1,2,', '45.00,30.00,', 75, 0, 75, 5, 70, 70, 0, 26, 'alam', '2016-05-10 19:34:30', '2016-05-10 19:34:30'),
(826, '2016-45', 'Shoid Vi', 'Akua', '10,10,10,10,10,11,', '622,623,624,43,45,649,', '38.00,76.00,115.00,25.00,40.00,380.00,', '4,1,3,7,3,1,', '152.00,76.00,345.00,175.00,120.00,380.00,', 1248, 0, 1248, 8, 1240, 1240, 0, 155, 'alam', '2016-05-11 01:17:08', '2016-05-11 01:17:08'),
(827, '2016-46', 'Cash Customer', 'Cash', '22,9,13,', '327,565,496,', '300.00,160.00,25.00,', '1,1,3,', '300.00,160.00,75.00,', 535, 0, 535, 20, 515, 515, 0, 90, 'alam', '2016-05-11 05:18:28', '2016-05-11 05:18:28'),
(828, '2016-47', 'Shamol (Ele)', 'Akua', '7,', '614,', '980.00,', '2,', '1960.00,', 1960, 0, 1960, 20, 1940, 1500, 440, 340, 'alam', '2016-05-11 05:19:34', '2016-05-11 05:19:34'),
(829, '2016-48', 'Cash Customer', 'Cash', '13,1,26,36,36,2,14,5,2,3,13,26,', '91,597,410,536,534,54,478,64,11,159,70,384,', '15.00,1600.00,35.00,5.00,15.00,100.00,20.00,20.00,240.00,270.00,49.00,15.00,', '2,0.07,1,8,1,1,1,1,1,1,3,1,', '30.00,112.00,35.00,40.00,15.00,100.00,20.00,20.00,240.00,270.00,147.00,15.00,', 1044, 0, 1044, 44, 1000, 1000, 0, 145, 'alam', '2016-05-11 05:26:35', '2016-05-11 05:26:35'),
(830, '2016-49', 'Anwar Vi/Manin Atuo', 'Akua', '13,', '91,', '15.00,', '3,', '45.00,', 45, 0, 45, 0, 45, 0, 45, 16, 'alam', '2016-05-11 05:28:24', '2016-05-11 05:28:24'),
(831, '2016-50', 'Cash Customer', 'Cash', '10,10,10,10,13,13,15,11,', '39,37,45,43,71,73,171,58,', '95.00,31.00,40.00,25.00,38.00,8.00,120.00,450.00,', '6,6,5,13,4,24,1,4,', '570.00,186.00,200.00,325.00,152.00,192.00,120.00,1800.00,', 3545, 0, 3545, 45, 3500, 3500, 0, 650, 'alam', '2016-05-11 18:05:09', '2016-05-11 18:05:09'),
(832, '2016-51', 'Cash Customer', 'Cash', '2,2,5,22,', '11,4,63,333,', '240.00,220.00,20.00,30.00,', '1,1,1,1,', '240.00,220.00,20.00,30.00,', 510, 0, 510, 10, 500, 500, 0, 45, 'alam', '2016-05-11 18:59:14', '2016-05-11 18:59:14'),
(833, '2016-52', 'Cash Customer', 'Cash', '13,5,', '240,609,', '75.00,25.00,', '1,1,', '75.00,25.00,', 100, 0, 100, 10, 90, 90, 0, 24, 'alam', '2016-05-11 19:08:28', '2016-05-11 19:08:28'),
(834, '2016-53', 'Cash Customer', 'Cash', '13,13,', '497,73,', '35.00,8.00,', '7,18,', '245.00,144.00,', 389, 0, 389, 9, 380, 380, 0, 85, 'alam', '2016-05-11 19:39:33', '2016-05-11 19:39:33'),
(835, '2016-54', 'Cash Customer', 'Cash', '26,26,', '410,600,', '35.00,20.00,', '1,1,', '35.00,20.00,', 55, 0, 55, 0, 55, 55, 0, 21, 'alam', '2016-05-11 20:03:36', '2016-05-11 20:03:36'),
(836, '2016-55', 'Cash Customer', 'Cash', '2,', '6,', '150.00,', '1,', '150.00,', 150, 0, 150, 0, 150, 150, 0, 32, 'alam', '2016-05-11 20:28:58', '2016-05-11 20:28:58'),
(837, '2016-56', 'Cash Customer', 'Cash', '1,', '25,', '6000.00,', '0.06,', '360.00,', 360, 0, 360, 0, 360, 360, 0, 71, 'alam', '2016-05-11 21:30:51', '2016-05-11 21:30:51'),
(838, '2016-57', 'Cash Customer', 'Cash', '7,1,12,22,5,13,14,13,', '610,599,563,320,89,231,586,91,', '2550.00,1100.00,30.00,20.00,25.00,32.00,20.00,15.00,', '1,0.20,2,1,1,1,1,1,', '2550.00,220.00,60.00,20.00,25.00,32.00,20.00,15.00,', 2942, 0, 2942, 250, 2692, 2692, 0, 379, 'alam', '2016-05-11 21:38:42', '2016-05-12 04:25:14'),
(839, '2016-58', 'Cash Customer', 'Cash', '13,', '78,', '45.00,', '5,', '225.00,', 225, 0, 225, 60, 165, 165, 0, 5, 'alam', '2016-05-11 21:55:46', '2016-05-11 21:55:46'),
(840, '2016-59', 'Cash Customer', 'Cash', '1,1,1,1,1,1,7,7,7,1,1,1,7,6,1,1,1,1,', '26,24,17,27,193,190,561,611,610,82,84,86,576,518,595,440,35,36,', '17800.00,9114.00,1254.00,12977.00,6125.00,3552.00,2550.00,2800.00,2550.00,1329.00,2750.00,4150.00,1100.00,1160.00,1800.00,9000.00,3592.00,4092.00,', '20,13,11,2,8,17,46,22,37,7,2,6,5,16,25,7,17,21,', '356000.00,118482.00,13794.00,25954.00,49000.00,60384.00,117300.00,61600.00,94350.00,9303.00,5500.00,24900.00,5500.00,18560.00,45000.00,63000.00,61064.00,85932.00,', 1215623, 0, 1215623, 353917, 861706, 861706, 0, 1, 'alam', '2016-05-11 22:17:02', '2016-05-11 22:17:02'),
(841, '2016-60', 'Cash Customer', 'Cash', '5,', '612,', '25.00,', '4,', '100.00,', 100, 0, 100, 0, 100, 100, 0, 28, 'alam', '2016-05-12 01:12:09', '2016-05-12 01:12:09'),
(842, '2016-61', 'Cash Customer', 'Cash', '5,', '64,', '20.00,', '1,', '20.00,', 20, 0, 20, 0, 20, 20, 0, 5, 'alam', '2016-05-12 01:27:59', '2016-05-12 01:27:59'),
(843, '2016-62', 'Cash Customer', 'Cash', '4,4,12,', '127,126,563,', '270.00,90.00,30.00,', '1,1,1,', '270.00,90.00,30.00,', 390, 0, 390, 5, 385, 385, 0, 61, 'alam', '2016-05-12 01:44:11', '2016-05-12 01:44:11'),
(844, '2016-63', 'Cash Customer', 'Cash', '5,', '63,', '20.00,', '1,', '20.00,', 20, 0, 20, 0, 20, 20, 0, 5, 'alam', '2016-05-12 02:32:49', '2016-05-12 02:32:49'),
(845, '2016-64', 'Cash Customer', 'Cash', '14,14,13,13,', '586,585,230,91,', '20.00,20.00,28.00,15.00,', '2,3,1,1,', '40.00,60.00,28.00,15.00,', 143, 0, 143, 3, 140, 140, 0, 34, 'alam', '2016-05-12 03:07:20', '2016-05-12 03:07:20'),
(846, '2016-65', 'Cash Customer', 'Cash', '27,', '571,', '70.00,', '1,', '70.00,', 70, 0, 70, 0, 70, 70, 0, 12, 'alam', '2016-05-12 04:55:18', '2016-05-12 04:55:18'),
(847, '2016-66', 'Cash Customer', 'Cash', '27,', '572,', '75.00,', '1,', '75.00,', 75, 0, 75, 5, 70, 70, 0, 10, 'alam', '2016-05-12 05:34:11', '2016-05-12 05:34:11'),
(848, '2016-67', 'Cash Customer', 'Cash', '14,', '243,', '15.00,', '1,', '15.00,', 15, 0, 15, 0, 15, 15, 0, 6, 'alam', '2016-05-12 05:40:57', '2016-05-12 05:40:57'),
(849, '2016-68', 'Cash Customer', 'Cash', '8,11,13,12,14,14,5,', '629,55,378,363,585,247,476,', '220.00,45.00,15.00,30.00,20.00,70.00,50.00,', '1,1,2,1,1,1,1,', '220.00,45.00,30.00,30.00,20.00,70.00,50.00,', 465, 0, 465, 25, 440, 440, 0, 122, 'alam', '2016-05-12 18:57:10', '2016-05-12 18:57:10'),
(850, '2016-69', 'Cash Customer', 'Cash', '2,', '5,', '280.00,', '2,', '560.00,', 560, 0, 560, 40, 520, 520, 0, 16, 'alam', '2016-05-12 21:24:22', '2016-05-12 21:24:22'),
(851, '2016-70', 'Cash Customer', 'Cash', '29,', '491,', '25.00,', '1,', '25.00,', 25, 0, 25, 0, 25, 25, 0, 8, 'alam', '2016-05-12 22:08:03', '2016-05-12 22:08:03'),
(852, '2016-71', 'Cash Customer', 'Cash', '13,32,32,2,5,', '91,504,648,11,69,', '15.00,5.00,3.00,240.00,20.00,', '1,3,10,1,2,', '15.00,15.00,30.00,240.00,40.00,', 340, 0, 340, 0, 340, 340, 0, 57, 'alam', '2016-05-13 00:46:39', '2016-05-13 00:46:39'),
(853, '2016-72', 'Cash Customer', 'Cash', '2,14,', '605,588,', '260.00,30.00,', '1,1,', '260.00,30.00,', 290, 0, 290, 0, 290, 290, 0, 61, 'alam', '2016-05-13 01:36:00', '2016-05-13 01:36:00'),
(854, '2016-73', 'Cash Customer', 'Cash', '22,', '323,', '25.00,', '2,', '50.00,', 50, 0, 50, 0, 50, 50, 0, 16, 'alam', '2016-05-13 01:41:55', '2016-05-13 01:41:55'),
(855, '2016-74', 'Gard / Caca', 'Akua', '7,14,', '652,564,', '1800.00,50.00,', '1,1,', '1800.00,50.00,', 1850, 0, 1850, 50, 1800, 1000, 800, 298, 'alam', '2016-05-13 02:34:15', '2016-05-13 02:34:15'),
(856, '2016-75', 'Cash Customer', 'Cash', '22,', '323,', '25.00,', '1,', '25.00,', 25, 0, 25, 0, 25, 25, 0, 8, 'alam', '2016-05-13 03:46:43', '2016-05-13 03:46:43'),
(857, '2016-76', 'Cash Customer', 'Cash', '20,', '616,', '210.00,', '1,', '210.00,', 210, 0, 210, 50, 160, 160, 0, 15, 'alam', '2016-05-13 04:12:12', '2016-05-13 04:12:12'),
(858, '2016-77', 'N/A', 'N/A', '1,5,32,', '599,89,504,', '1100,25,5,', '1,1,1,', '1100.00,25.00,5.00,', 1130, 0, 1130, 0, 1130, 10, 1120, 313, 'Nazmul Haque', '2016-05-13 17:58:02', '2016-05-13 17:58:02'),
(859, '2016-78', 'Test', 'N/A', '7,2,27,', '576,5,572,', '1100,280,75,', '2,5,2,', '2200.00,1400.00,150.00,', 3750, 0, 3750, 0, 3750, 0, 3750, 740, 'Nazmul Haque', '2016-06-05 16:17:16', '2016-06-05 16:17:16'),
(860, '2016-79', 'Naz', 'N/A', '1,', '597,', '1600,', '0.1,', '160.00,', 160, 1, 162, 5, 157, 157, 0, 25, 'Nazmul Haque', '2016-08-08 18:15:11', '2016-08-08 18:15:11');

-- --------------------------------------------------------

--
-- Table structure for table `stock`
--

CREATE TABLE IF NOT EXISTS `stock` (
  `id` int(11) NOT NULL AUTO_INCREMENT,
  `cid` int(11) DEFAULT NULL,
  `pid` int(11) DEFAULT NULL,
  `quantity` float DEFAULT NULL,
  `created_at` timestamp NULL DEFAULT NULL,
  `updated_at` timestamp NULL DEFAULT NULL,
  PRIMARY KEY (`id`),
  KEY `pid` (`pid`)
) ENGINE=InnoDB  DEFAULT CHARSET=utf8 COLLATE=utf8_unicode_ci AUTO_INCREMENT=859 ;

--
-- Dumping data for table `stock`
--

INSERT INTO `stock` (`id`, `cid`, `pid`, `quantity`, `created_at`, `updated_at`) VALUES
(448, 1, 88, 9, '2016-05-04 20:47:08', '2016-05-04 20:47:08'),
(449, 1, 87, 10.72, '2016-05-04 20:47:08', '2016-05-13 04:10:22'),
(450, 1, 591, 5, '2016-05-04 20:47:08', '2016-05-04 20:47:08'),
(451, 1, 592, 5, '2016-05-04 20:47:08', '2016-05-04 20:47:08'),
(452, 1, 595, 2, '2016-05-04 20:47:08', '2016-05-09 00:37:12'),
(453, 1, 596, 1.64, '2016-05-04 20:47:08', '2016-05-13 04:10:22'),
(454, 1, 599, 16.7, '2016-05-04 20:47:08', '2016-05-04 20:47:08'),
(455, 1, 597, 9.83, '2016-05-04 20:47:08', '2016-05-04 20:47:08'),
(456, 1, 598, 1.94, '2016-05-04 20:47:08', '2016-05-09 00:37:12'),
(457, 14, 585, 293, '2016-05-04 20:47:08', '2016-05-04 20:47:08'),
(458, 14, 586, 175, '2016-05-04 20:47:08', '2016-05-04 20:47:08'),
(459, 14, 587, 60, '2016-05-04 20:47:08', '2016-05-04 20:47:08'),
(460, 14, 588, 57, '2016-05-04 20:47:08', '2016-05-04 20:47:08'),
(461, 14, 247, 170, '2016-05-04 20:47:08', '2016-05-04 20:47:08'),
(462, 12, 351, 287, '2016-05-04 20:47:08', '2016-05-05 00:51:44'),
(463, 12, 355, 103, '2016-05-04 20:47:08', '2016-05-05 03:51:55'),
(464, 9, 590, 10, '2016-05-04 20:47:08', '2016-05-04 20:47:08'),
(465, 9, 589, 45, '2016-05-04 20:47:08', '2016-05-04 20:47:08'),
(466, 26, 410, 122, '2016-05-04 20:47:08', '2016-05-05 00:51:44'),
(467, 24, 350, 35, '2016-05-04 20:47:08', '2016-05-05 00:51:44'),
(468, 24, 349, 73, '2016-05-04 20:47:08', '2016-05-05 00:51:44'),
(469, 26, 600, 129, '2016-05-04 20:47:08', '2016-05-05 03:51:55'),
(470, 15, 601, 23, '2016-05-04 20:47:08', '2016-05-04 20:47:08'),
(471, 9, 99, 12, '2016-05-04 21:19:03', '2016-05-04 21:19:03'),
(472, 12, 389, 19, '2016-05-04 21:19:03', '2016-05-04 21:19:03'),
(473, 9, 120, 2, '2016-05-04 21:19:03', '2016-05-04 21:19:03'),
(474, 9, 112, 12, '2016-05-04 21:19:03', '2016-05-04 21:19:03'),
(475, 9, 116, 1, '2016-05-04 21:19:03', '2016-05-04 21:19:03'),
(476, 9, 110, 9, '2016-05-04 21:19:03', '2016-05-04 21:19:03'),
(477, 3, 159, 0, '2016-05-04 21:19:03', '2016-05-04 21:19:03'),
(478, 9, 102, 7, '2016-05-04 21:19:03', '2016-05-04 21:19:03'),
(479, 9, 100, 5, '2016-05-04 21:19:03', '2016-05-04 21:19:03'),
(480, 9, 107, 4, '2016-05-04 21:19:03', '2016-05-04 21:19:03'),
(481, 9, 108, 1, '2016-05-04 21:19:03', '2016-05-04 21:19:03'),
(482, 9, 98, 8, '2016-05-04 21:19:03', '2016-05-04 21:19:03'),
(483, 9, 101, 8, '2016-05-04 21:19:03', '2016-05-04 21:19:03'),
(484, 9, 104, 1, '2016-05-04 21:19:03', '2016-05-04 21:19:03'),
(485, 2, 5, 16, '2016-05-04 21:19:03', '2016-05-04 21:19:03'),
(486, 2, 11, 14, '2016-05-04 21:19:03', '2016-05-04 21:19:03'),
(487, 2, 4, 18, '2016-05-04 21:19:03', '2016-05-04 21:19:03'),
(488, 16, 294, 6, '2016-05-04 21:27:34', '2016-05-04 21:27:34'),
(489, 11, 59, 6, '2016-05-04 21:27:34', '2016-05-04 21:27:34'),
(490, 11, 60, 2, '2016-05-04 21:27:34', '2016-05-04 21:27:34'),
(491, 11, 58, 2, '2016-05-04 21:27:34', '2016-05-04 21:27:34'),
(492, 16, 301, 6, '2016-05-04 21:27:34', '2016-05-04 21:27:34'),
(493, 16, 300, 8, '2016-05-04 21:27:34', '2016-05-04 21:27:34'),
(494, 16, 295, 2, '2016-05-04 21:27:34', '2016-05-04 21:27:34'),
(495, 16, 293, 8, '2016-05-04 21:27:34', '2016-05-04 21:27:34'),
(496, 16, 303, 10, '2016-05-04 21:27:34', '2016-05-05 00:51:44'),
(497, 16, 413, 5, '2016-05-04 21:27:34', '2016-05-04 21:27:34'),
(498, 13, 79, 0, '2016-05-04 21:31:46', '2016-05-04 21:31:46'),
(499, 13, 78, 23, '2016-05-04 21:31:46', '2016-05-11 21:21:50'),
(500, 13, 77, 132, '2016-05-04 21:31:46', '2016-05-11 21:21:50'),
(501, 13, 241, 10, '2016-05-04 21:31:46', '2016-05-04 21:31:46'),
(502, 13, 240, 2, '2016-05-04 21:31:46', '2016-05-04 21:31:46'),
(503, 13, 430, 3, '2016-05-04 21:31:46', '2016-05-04 21:31:46'),
(504, 13, 229, 75, '2016-05-04 21:31:46', '2016-05-07 21:00:14'),
(505, 9, 150, 8, '2016-05-04 21:48:02', '2016-05-04 21:48:02'),
(506, 9, 147, 9, '2016-05-04 21:48:02', '2016-05-04 21:48:02'),
(507, 9, 149, 8, '2016-05-04 21:48:02', '2016-05-04 21:48:02'),
(508, 9, 148, 24, '2016-05-04 21:48:02', '2016-05-04 21:48:02'),
(509, 9, 146, 8, '2016-05-04 21:48:02', '2016-05-04 21:48:02'),
(510, 9, 152, 8, '2016-05-04 21:48:02', '2016-05-04 21:48:02'),
(511, 9, 151, 6, '2016-05-04 21:48:02', '2016-05-04 21:48:02'),
(512, 9, 145, 3, '2016-05-04 21:48:02', '2016-05-04 21:48:02'),
(513, 9, 286, 0, '2016-05-04 21:48:02', '2016-05-04 21:48:02'),
(514, 9, 290, 5, '2016-05-04 21:48:02', '2016-05-04 21:48:02'),
(515, 9, 284, 2, '2016-05-04 21:48:02', '2016-05-04 21:48:02'),
(516, 9, 283, 3, '2016-05-04 21:48:02', '2016-05-04 21:48:02'),
(517, 9, 289, 10, '2016-05-04 21:48:02', '2016-05-04 21:48:02'),
(518, 9, 291, 8, '2016-05-04 21:48:02', '2016-05-04 21:48:02'),
(519, 9, 292, 9, '2016-05-04 21:48:02', '2016-05-04 21:48:02'),
(520, 9, 212, 18, '2016-05-04 21:56:33', '2016-05-04 21:56:33'),
(521, 9, 213, 6, '2016-05-04 21:56:33', '2016-05-05 03:51:55'),
(522, 9, 214, 1, '2016-05-04 21:56:33', '2016-05-04 21:56:33'),
(523, 9, 199, 6, '2016-05-04 21:56:33', '2016-05-04 21:56:33'),
(524, 9, 435, 2, '2016-05-04 21:56:33', '2016-05-04 21:56:33'),
(525, 9, 436, 1, '2016-05-04 21:56:33', '2016-05-04 21:56:33'),
(526, 9, 467, 4, '2016-05-04 21:56:33', '2016-05-04 21:56:33'),
(527, 9, 469, 2, '2016-05-04 21:56:33', '2016-05-04 21:56:33'),
(528, 9, 470, 1, '2016-05-04 21:56:33', '2016-05-04 21:56:33'),
(529, 9, 468, 1, '2016-05-04 21:56:33', '2016-05-04 21:56:33'),
(530, 26, 419, 8, '2016-05-04 21:56:33', '2016-05-04 21:56:33'),
(531, 12, 567, 176, '2016-05-04 22:50:11', '2016-05-05 03:51:55'),
(532, 12, 563, 41, '2016-05-04 22:50:11', '2016-05-04 22:50:11'),
(533, 12, 365, 679, '2016-05-04 22:50:11', '2016-05-09 21:56:54'),
(534, 26, 418, 11, '2016-05-04 22:50:11', '2016-05-04 22:50:11'),
(535, 26, 385, 27, '2016-05-04 22:50:11', '2016-05-09 21:56:54'),
(536, 26, 384, 38, '2016-05-04 22:50:11', '2016-05-09 21:56:54'),
(537, 14, 243, 176, '2016-05-04 22:50:11', '2016-05-04 22:50:11'),
(538, 14, 244, 44, '2016-05-04 22:50:11', '2016-05-04 22:50:11'),
(539, 14, 245, 81, '2016-05-04 22:50:11', '2016-05-04 22:50:11'),
(540, 14, 246, 47, '2016-05-04 22:50:11', '2016-05-04 22:50:11'),
(541, 14, 564, 99, '2016-05-04 22:50:11', '2016-05-05 19:38:41'),
(542, 27, 571, 9, '2016-05-04 22:50:11', '2016-05-04 22:50:11'),
(543, 27, 572, 5, '2016-05-04 22:50:11', '2016-05-04 22:50:11'),
(544, 26, 602, 5, '2016-05-04 22:52:23', '2016-05-04 22:52:23'),
(545, 24, 370, 9, '2016-05-04 22:54:06', '2016-05-04 22:54:06'),
(546, 25, 503, 1, '2016-05-04 22:54:06', '2016-05-04 22:54:06'),
(547, 25, 502, 1, '2016-05-04 22:54:06', '2016-05-04 22:54:06'),
(548, 26, 566, 65, '2016-05-04 22:55:44', '2016-05-04 22:55:44'),
(549, 23, 307, 3, '2016-05-04 22:55:44', '2016-05-04 22:55:44'),
(550, 23, 314, 12, '2016-05-04 22:55:44', '2016-05-04 22:55:44'),
(551, 23, 311, 15, '2016-05-04 22:55:44', '2016-05-04 22:55:44'),
(552, 23, 317, 20, '2016-05-04 22:55:44', '2016-05-04 22:55:44'),
(553, 12, 568, 97, '2016-05-05 00:51:44', '2016-05-09 21:56:54'),
(554, 12, 353, 26, '2016-05-05 00:51:44', '2016-05-05 00:51:44'),
(555, 12, 352, 36, '2016-05-05 00:51:44', '2016-05-05 00:51:44'),
(556, 12, 354, 9, '2016-05-05 00:51:44', '2016-05-05 00:51:44'),
(557, 12, 428, 48, '2016-05-05 00:51:44', '2016-05-05 00:51:44'),
(558, 12, 429, 60, '2016-05-05 00:51:44', '2016-05-05 00:51:44'),
(559, 26, 386, 59, '2016-05-05 00:51:44', '2016-05-09 21:56:54'),
(560, 11, 57, 4, '2016-05-05 00:51:44', '2016-05-05 00:51:44'),
(561, 11, 56, 11, '2016-05-05 00:51:44', '2016-05-05 00:51:44'),
(562, 11, 55, 17, '2016-05-05 00:51:44', '2016-05-05 00:51:44'),
(563, 31, 433, 4, '2016-05-05 00:51:44', '2016-05-05 00:51:44'),
(564, 31, 434, 1, '2016-05-05 00:51:44', '2016-05-05 00:51:44'),
(565, 2, 54, 37, '2016-05-05 00:51:44', '2016-05-05 00:51:44'),
(566, 12, 364, 13, '2016-05-05 00:51:44', '2016-05-05 00:51:44'),
(567, 12, 363, 43, '2016-05-05 00:51:44', '2016-05-05 00:51:44'),
(568, 22, 337, 7, '2016-05-05 00:59:33', '2016-05-05 00:59:33'),
(569, 22, 323, 1, '2016-05-05 00:59:33', '2016-05-05 00:59:33'),
(570, 22, 327, 0, '2016-05-05 00:59:33', '2016-05-05 00:59:33'),
(571, 22, 336, 4, '2016-05-05 00:59:33', '2016-05-05 00:59:33'),
(572, 22, 320, 5, '2016-05-05 00:59:33', '2016-05-05 00:59:33'),
(573, 22, 319, 12, '2016-05-05 00:59:33', '2016-05-05 00:59:33'),
(574, 22, 334, 0, '2016-05-05 00:59:33', '2016-05-05 00:59:33'),
(575, 22, 333, 6, '2016-05-05 00:59:33', '2016-05-05 00:59:33'),
(576, 9, 565, 63, '2016-05-05 00:59:33', '2016-05-05 00:59:33'),
(577, 14, 478, 10, '2016-05-05 00:59:33', '2016-05-05 00:59:33'),
(578, 12, 255, 4, '2016-05-05 00:59:33', '2016-05-05 00:59:33'),
(579, 12, 356, 9, '2016-05-05 00:59:33', '2016-05-05 00:59:33'),
(580, 12, 575, 1, '2016-05-05 00:59:33', '2016-05-05 00:59:33'),
(581, 12, 562, 3, '2016-05-05 00:59:33', '2016-05-05 00:59:33'),
(582, 14, 362, 2, '2016-05-05 00:59:33', '2016-05-05 00:59:33'),
(583, 14, 360, 9, '2016-05-05 00:59:33', '2016-05-05 00:59:33'),
(584, 14, 359, 5, '2016-05-05 00:59:33', '2016-05-05 00:59:33'),
(585, 14, 358, 4, '2016-05-05 00:59:33', '2016-05-05 00:59:33'),
(586, 14, 357, 11, '2016-05-05 00:59:33', '2016-05-05 00:59:33'),
(587, 9, 603, 1, '2016-05-05 02:05:27', '2016-05-05 02:05:27'),
(588, 4, 224, 9, '2016-05-05 02:05:27', '2016-05-05 02:05:27'),
(589, 4, 223, 7, '2016-05-05 02:05:27', '2016-05-05 02:05:27'),
(590, 2, 161, 1, '2016-05-05 02:05:27', '2016-05-05 02:05:27'),
(591, 2, 6, 0, '2016-05-05 02:05:27', '2016-05-05 02:05:27'),
(592, 2, 9, 2, '2016-05-05 02:05:27', '2016-05-05 02:05:27'),
(593, 2, 443, 3, '2016-05-05 02:05:27', '2016-05-05 02:05:27'),
(594, 26, 416, 18, '2016-05-05 02:05:27', '2016-05-09 21:56:54'),
(595, 2, 1, 0, '2016-05-05 02:05:27', '2016-05-05 02:05:27'),
(596, 3, 90, 6, '2016-05-05 02:05:27', '2016-05-05 02:05:27'),
(597, 2, 606, 1, '2016-05-05 02:05:27', '2016-05-05 02:05:27'),
(598, 2, 605, 0, '2016-05-05 02:05:27', '2016-05-05 02:05:27'),
(599, 2, 604, 2, '2016-05-05 02:05:27', '2016-05-05 02:05:27'),
(600, 13, 91, 252, '2016-05-05 02:05:27', '2016-05-09 21:56:54'),
(601, 13, 607, 288, '2016-05-05 02:05:27', '2016-05-05 02:05:27'),
(602, 13, 92, 84, '2016-05-05 02:05:27', '2016-05-05 02:05:27'),
(603, 5, 608, 78, '2016-05-05 02:05:27', '2016-05-05 02:05:27'),
(604, 5, 89, 19, '2016-05-05 02:05:27', '2016-05-05 02:05:27'),
(605, 5, 609, 57, '2016-05-05 02:05:27', '2016-05-05 02:05:27'),
(606, 7, 610, 2, '2016-05-05 02:27:47', '2016-05-09 00:17:22'),
(607, 7, 611, 4, '2016-05-05 02:27:47', '2016-05-09 00:17:22'),
(608, 5, 612, 34, '2016-05-05 03:51:55', '2016-05-09 21:56:54'),
(609, 18, 280, 46, '2016-05-05 03:51:55', '2016-05-05 03:51:55'),
(610, 18, 281, 47, '2016-05-05 03:51:55', '2016-05-05 03:51:55'),
(611, 29, 491, 3, '2016-05-05 03:51:55', '2016-05-05 03:51:55'),
(612, 22, 324, 9, '2016-05-05 03:51:55', '2016-05-05 03:51:55'),
(613, 12, 420, 1, '2016-05-05 03:51:55', '2016-05-05 03:51:55'),
(614, 5, 69, 30, '2016-05-05 03:51:55', '2016-05-09 21:56:54'),
(615, 5, 64, 22, '2016-05-05 03:51:55', '2016-05-05 03:51:55'),
(616, 6, 414, 10, '2016-05-05 03:51:55', '2016-05-05 03:51:55'),
(617, 16, 302, 6, '2016-05-05 03:51:55', '2016-05-05 03:51:55'),
(618, 7, 613, 4, '2016-05-05 17:30:47', '2016-05-05 17:30:47'),
(619, 7, 454, 1, '2016-05-05 17:30:47', '2016-05-05 17:30:47'),
(620, 7, 576, 1, '2016-05-05 17:30:47', '2016-05-09 00:17:22'),
(621, 7, 614, 0, '2016-05-05 17:30:47', '2016-05-05 17:30:47'),
(622, 1, 16, 2.28, '2016-05-05 17:44:42', '2016-05-13 04:10:22'),
(623, 1, 81, 4.4, '2016-05-05 17:44:42', '2016-05-05 17:44:42'),
(624, 1, 31, 1.12, '2016-05-05 17:44:42', '2016-05-13 04:10:22'),
(625, 1, 32, 1.51, '2016-05-05 17:44:42', '2016-05-13 04:10:22'),
(626, 1, 34, 1.12, '2016-05-05 17:44:42', '2016-05-13 04:10:22'),
(627, 1, 25, 1, '2016-05-05 17:44:42', '2016-05-05 17:44:42'),
(628, 1, 472, 1, '2016-05-05 18:04:55', '2016-05-05 18:04:55'),
(629, 1, 471, 1, '2016-05-05 18:04:55', '2016-05-05 18:04:55'),
(630, 15, 172, 144, '2016-05-05 18:04:55', '2016-05-05 18:04:55'),
(631, 15, 171, 0, '2016-05-05 18:04:55', '2016-05-05 18:04:55'),
(632, 15, 170, 1, '2016-05-05 18:04:55', '2016-05-05 18:04:55'),
(633, 17, 236, 2, '2016-05-05 18:04:55', '2016-05-05 18:04:55'),
(634, 17, 238, 3, '2016-05-05 18:04:55', '2016-05-05 18:04:55'),
(635, 17, 235, 1, '2016-05-05 18:04:55', '2016-05-05 18:04:55'),
(636, 17, 237, 2, '2016-05-05 18:04:55', '2016-05-05 18:04:55'),
(637, 35, 528, 7, '2016-05-05 18:04:55', '2016-05-05 18:04:55'),
(638, 15, 256, 93, '2016-05-05 18:04:55', '2016-05-05 18:04:55'),
(639, 35, 526, 74, '2016-05-05 18:04:55', '2016-05-05 18:04:55'),
(640, 35, 530, 5, '2016-05-05 18:04:55', '2016-05-05 18:04:55'),
(641, 35, 529, 2, '2016-05-05 18:04:55', '2016-05-05 18:04:55'),
(642, 20, 615, 2, '2016-05-05 18:04:55', '2016-05-05 18:04:55'),
(643, 20, 616, 0, '2016-05-05 18:04:55', '2016-05-05 18:04:55'),
(644, 15, 617, 5, '2016-05-05 18:04:55', '2016-05-05 18:04:55'),
(645, 15, 619, 12, '2016-05-05 18:04:55', '2016-05-05 18:04:55'),
(646, 15, 618, 12, '2016-05-05 18:04:55', '2016-05-05 18:04:55'),
(647, 19, 175, 177, '2016-05-05 19:10:12', '2016-05-08 03:50:04'),
(648, 13, 97, 41, '2016-05-05 19:10:12', '2016-05-09 01:37:55'),
(649, 27, 455, 5, '2016-05-05 19:38:41', '2016-05-05 19:38:41'),
(650, 27, 620, 0, '2016-05-05 19:38:41', '2016-05-05 19:38:41'),
(651, 27, 458, 2, '2016-05-05 19:38:41', '2016-05-05 19:38:41'),
(652, 27, 459, 3, '2016-05-05 19:38:41', '2016-05-05 19:38:41'),
(653, 27, 438, 3, '2016-05-05 19:38:41', '2016-05-05 19:38:41'),
(654, 27, 460, 1, '2016-05-05 19:38:41', '2016-05-05 19:38:41'),
(655, 27, 462, 1, '2016-05-05 19:38:41', '2016-05-05 19:38:41'),
(656, 15, 339, 17, '2016-05-05 19:38:41', '2016-05-05 19:38:41'),
(657, 15, 338, 9, '2016-05-05 19:38:41', '2016-05-05 19:38:41'),
(658, 18, 546, 6, '2016-05-05 19:59:38', '2016-05-05 19:59:38'),
(659, 18, 267, 4, '2016-05-05 19:59:38', '2016-05-05 19:59:38'),
(660, 18, 266, 2, '2016-05-05 19:59:38', '2016-05-05 19:59:38'),
(661, 18, 554, 2, '2016-05-05 19:59:38', '2016-05-05 19:59:38'),
(662, 18, 265, 1, '2016-05-05 19:59:38', '2016-05-05 19:59:38'),
(663, 18, 552, 2, '2016-05-05 19:59:38', '2016-05-05 19:59:38'),
(664, 18, 272, 2, '2016-05-05 19:59:38', '2016-05-05 19:59:38'),
(665, 18, 274, 2, '2016-05-05 19:59:38', '2016-05-05 19:59:38'),
(666, 18, 275, 1, '2016-05-05 19:59:38', '2016-05-05 19:59:38'),
(667, 18, 273, 2, '2016-05-05 19:59:38', '2016-05-05 19:59:38'),
(668, 18, 583, 2, '2016-05-05 19:59:38', '2016-05-05 19:59:38'),
(669, 18, 276, 1, '2016-05-05 19:59:38', '2016-05-05 19:59:38'),
(670, 18, 466, 1, '2016-05-05 19:59:38', '2016-05-05 19:59:38'),
(671, 18, 268, 1, '2016-05-05 19:59:38', '2016-05-05 19:59:38'),
(672, 18, 269, 1, '2016-05-05 19:59:38', '2016-05-05 19:59:38'),
(673, 18, 465, 4, '2016-05-05 19:59:38', '2016-05-05 19:59:38'),
(674, 18, 582, 3, '2016-05-05 19:59:38', '2016-05-05 19:59:38'),
(675, 18, 264, 11, '2016-05-05 19:59:38', '2016-05-05 19:59:38'),
(676, 18, 271, 5, '2016-05-05 19:59:38', '2016-05-05 19:59:38'),
(677, 18, 464, 2, '2016-05-05 19:59:38', '2016-05-05 19:59:38'),
(678, 18, 463, 1, '2016-05-05 19:59:38', '2016-05-05 19:59:38'),
(679, 18, 278, 1, '2016-05-05 19:59:38', '2016-05-05 19:59:38'),
(680, 18, 279, 68, '2016-05-05 19:59:38', '2016-05-05 19:59:38'),
(681, 18, 621, 30, '2016-05-05 19:59:38', '2016-05-05 19:59:38'),
(682, 23, 318, 3, '2016-05-05 20:07:15', '2016-05-05 20:07:15'),
(683, 25, 551, 2, '2016-05-05 20:15:30', '2016-05-13 17:55:51'),
(684, 25, 426, 6, '2016-05-05 20:15:30', '2016-05-05 20:15:30'),
(685, 25, 558, 5, '2016-05-05 20:15:30', '2016-05-05 20:15:30'),
(686, 25, 549, 1, '2016-05-05 20:15:30', '2016-05-05 20:15:30'),
(687, 25, 557, 4, '2016-05-05 20:15:30', '2016-05-05 20:15:30'),
(688, 25, 550, 4, '2016-05-05 20:15:30', '2016-05-05 20:15:30'),
(689, 4, 126, 23, '2016-05-05 20:18:31', '2016-05-05 20:18:31'),
(690, 4, 127, 9, '2016-05-05 20:18:31', '2016-05-05 20:18:31'),
(691, 4, 395, 3, '2016-05-05 20:18:31', '2016-05-05 20:18:31'),
(692, 4, 125, 8, '2016-05-05 20:18:31', '2016-05-05 20:18:31'),
(693, 4, 222, 123, '2016-05-05 20:19:36', '2016-05-05 20:19:36'),
(694, 10, 37, 25, '2016-05-06 01:27:34', '2016-05-06 01:27:34'),
(695, 10, 449, 0, '2016-05-06 01:27:34', '2016-05-06 01:27:34'),
(696, 10, 39, 1, '2016-05-06 01:27:34', '2016-05-06 01:27:34'),
(697, 10, 622, 41, '2016-05-06 01:27:34', '2016-05-06 01:27:34'),
(698, 10, 623, 20, '2016-05-06 01:27:34', '2016-05-06 01:27:34'),
(699, 10, 624, 14, '2016-05-06 01:27:34', '2016-05-06 01:27:34'),
(700, 10, 51, 24, '2016-05-06 01:27:34', '2016-05-06 01:27:34'),
(701, 10, 43, 22, '2016-05-06 01:27:34', '2016-05-06 01:27:34'),
(702, 10, 446, 6, '2016-05-06 01:27:34', '2016-05-06 01:27:34'),
(703, 10, 44, 41, '2016-05-06 01:27:34', '2016-05-06 01:27:34'),
(704, 10, 52, 15, '2016-05-06 01:27:34', '2016-05-06 01:27:34'),
(705, 10, 45, 5, '2016-05-06 01:27:34', '2016-05-09 21:56:54'),
(706, 10, 48, 33, '2016-05-06 01:27:34', '2016-05-09 21:56:54'),
(707, 24, 341, 4, '2016-05-06 01:27:34', '2016-05-06 01:27:34'),
(708, 24, 340, 3, '2016-05-06 01:27:34', '2016-05-06 01:27:34'),
(709, 24, 346, 15, '2016-05-06 01:27:34', '2016-05-06 01:27:34'),
(710, 24, 343, 17, '2016-05-06 01:27:34', '2016-05-06 01:27:34'),
(711, 24, 348, 7, '2016-05-06 01:27:34', '2016-05-06 01:27:34'),
(712, 24, 347, 6, '2016-05-06 01:27:34', '2016-05-06 01:27:34'),
(713, 13, 227, 168, '2016-05-07 21:00:14', '2016-05-11 21:21:50'),
(714, 13, 228, 23, '2016-05-07 21:00:14', '2016-05-07 21:00:14'),
(715, 13, 230, 36, '2016-05-07 21:00:14', '2016-05-08 20:21:17'),
(716, 13, 232, 21, '2016-05-07 21:00:14', '2016-05-08 20:21:17'),
(717, 13, 298, 28, '2016-05-07 21:00:14', '2016-05-08 20:21:17'),
(718, 13, 299, 26, '2016-05-07 21:00:14', '2016-05-08 20:21:17'),
(719, 10, 41, 71, '2016-05-07 21:00:14', '2016-05-09 21:56:54'),
(720, 10, 42, 21, '2016-05-07 21:00:14', '2016-05-09 21:56:54'),
(721, 10, 445, 34, '2016-05-07 21:00:14', '2016-05-09 21:56:54'),
(722, 10, 40, 69, '2016-05-07 21:00:14', '2016-05-09 21:56:54'),
(723, 13, 381, 4, '2016-05-07 21:00:14', '2016-05-07 21:00:14'),
(724, 13, 70, 9, '2016-05-07 21:00:14', '2016-05-07 21:00:14'),
(725, 13, 71, 32, '2016-05-07 21:00:14', '2016-05-07 21:00:14'),
(726, 13, 496, 30, '2016-05-07 21:00:14', '2016-05-07 21:00:14'),
(727, 13, 497, 36, '2016-05-07 21:00:14', '2016-05-07 21:00:14'),
(728, 13, 498, 13, '2016-05-07 21:00:14', '2016-05-07 21:00:14'),
(729, 13, 574, 17, '2016-05-07 21:00:14', '2016-05-07 21:00:14'),
(730, 13, 76, 21, '2016-05-07 21:00:14', '2016-05-07 21:00:14'),
(731, 13, 500, 4, '2016-05-07 21:00:14', '2016-05-07 21:00:14'),
(732, 13, 553, 21, '2016-05-07 21:00:14', '2016-05-07 21:00:14'),
(733, 15, 262, 15, '2016-05-07 21:10:46', '2016-05-07 21:10:46'),
(734, 15, 257, 71, '2016-05-07 21:10:46', '2016-05-07 21:10:46'),
(735, 15, 260, 43, '2016-05-07 21:10:46', '2016-05-07 21:10:46'),
(736, 15, 258, 44, '2016-05-07 21:10:46', '2016-05-07 21:10:46'),
(737, 15, 569, 5, '2016-05-07 21:10:46', '2016-05-07 21:10:46'),
(738, 15, 570, 5, '2016-05-07 21:10:46', '2016-05-07 21:10:46'),
(739, 13, 73, 28, '2016-05-07 21:10:46', '2016-05-07 21:10:46'),
(740, 8, 625, 2, '2016-05-08 03:47:25', '2016-05-08 03:50:04'),
(741, 8, 627, 2, '2016-05-08 03:47:25', '2016-05-08 03:50:04'),
(742, 8, 626, 2, '2016-05-08 03:47:25', '2016-05-08 03:50:04'),
(743, 8, 629, 5, '2016-05-08 03:47:25', '2016-05-08 03:50:04'),
(744, 8, 130, 6, '2016-05-08 03:47:25', '2016-05-08 03:50:04'),
(745, 8, 129, 4, '2016-05-08 03:47:25', '2016-05-08 03:50:04'),
(746, 8, 406, 8, '2016-05-08 03:47:25', '2016-05-08 03:50:04'),
(747, 8, 408, 4, '2016-05-08 03:47:25', '2016-05-08 03:50:04'),
(748, 8, 474, 2, '2016-05-08 03:47:25', '2016-05-08 03:50:04'),
(749, 1, 533, 12, '2016-05-08 03:47:25', '2016-05-08 03:50:04'),
(750, 21, 296, 114, '2016-05-08 03:47:25', '2016-05-08 03:50:04'),
(751, 21, 297, 18, '2016-05-08 03:47:25', '2016-05-08 03:50:04'),
(752, 21, 366, 8, '2016-05-08 03:47:25', '2016-05-08 03:50:04'),
(753, 21, 442, 2, '2016-05-08 03:47:25', '2016-05-08 03:50:04'),
(754, 21, 368, 2, '2016-05-08 03:47:25', '2016-05-08 03:50:04'),
(755, 19, 180, 26, '2016-05-08 03:47:25', '2016-05-08 03:50:04'),
(756, 19, 578, 84, '2016-05-08 03:47:25', '2016-05-08 03:50:04'),
(757, 19, 176, 154, '2016-05-08 03:47:25', '2016-05-08 03:50:04'),
(758, 19, 179, 24, '2016-05-08 03:47:25', '2016-05-08 03:50:04'),
(759, 19, 181, 90, '2016-05-08 03:47:25', '2016-05-08 03:50:04'),
(760, 19, 178, 38, '2016-05-08 03:47:25', '2016-05-08 03:50:04'),
(761, 19, 519, 140, '2016-05-08 03:47:25', '2016-05-08 03:50:04'),
(762, 19, 174, 170, '2016-05-08 03:47:25', '2016-05-08 03:50:04'),
(763, 19, 630, 5, '2016-05-08 05:00:04', '2016-05-08 05:00:04'),
(764, 19, 631, 32, '2016-05-08 05:00:04', '2016-05-08 05:00:04'),
(765, 13, 74, 29, '2016-05-08 19:17:43', '2016-05-08 19:17:43'),
(766, 13, 480, 8, '2016-05-08 19:17:43', '2016-05-08 19:17:43'),
(767, 13, 392, 49, '2016-05-08 19:17:43', '2016-05-08 19:17:43'),
(768, 13, 487, 13, '2016-05-08 19:17:43', '2016-05-12 03:14:11'),
(769, 13, 485, 2, '2016-05-08 19:17:43', '2016-05-08 19:17:43'),
(770, 13, 488, 15, '2016-05-08 19:17:43', '2016-05-08 19:17:43'),
(771, 13, 489, 41, '2016-05-08 19:17:43', '2016-05-08 19:17:43'),
(772, 13, 486, 22, '2016-05-08 19:17:43', '2016-05-08 19:17:43'),
(773, 13, 633, 5, '2016-05-08 19:17:43', '2016-05-08 19:17:43'),
(774, 13, 632, 90, '2016-05-08 19:17:43', '2016-05-08 19:17:43'),
(775, 13, 382, 129, '2016-05-08 20:21:17', '2016-05-11 21:21:50'),
(776, 13, 378, 27, '2016-05-08 20:21:17', '2016-05-08 20:21:17'),
(777, 13, 231, 17, '2016-05-08 20:21:17', '2016-05-08 20:21:17'),
(778, 30, 423, 67, '2016-05-08 20:21:17', '2016-05-08 20:21:17'),
(779, 30, 422, 4, '2016-05-08 20:21:17', '2016-05-08 20:21:17'),
(780, 30, 513, 5, '2016-05-08 20:21:17', '2016-05-08 20:21:17'),
(781, 30, 517, 1, '2016-05-08 20:21:17', '2016-05-08 20:21:17'),
(782, 33, 523, 1, '2016-05-08 20:21:17', '2016-05-08 20:21:17'),
(783, 33, 524, 20, '2016-05-08 20:21:17', '2016-05-08 20:21:17'),
(784, 35, 542, 15, '2016-05-08 20:21:17', '2016-05-08 20:21:17'),
(785, 35, 543, 27, '2016-05-08 20:21:17', '2016-05-08 20:21:17'),
(786, 35, 637, 24, '2016-05-08 20:21:17', '2016-05-08 20:21:17'),
(787, 33, 522, 37, '2016-05-08 20:21:17', '2016-05-08 20:21:17'),
(788, 33, 521, 75, '2016-05-08 20:21:17', '2016-05-08 20:21:17'),
(789, 20, 540, 7, '2016-05-08 20:21:17', '2016-05-08 20:21:17'),
(790, 20, 538, 12, '2016-05-08 20:21:17', '2016-05-08 20:21:17'),
(791, 20, 539, 1, '2016-05-08 20:21:17', '2016-05-08 20:21:17'),
(792, 20, 537, 7, '2016-05-08 20:21:17', '2016-05-08 20:21:17'),
(793, 13, 95, 10, '2016-05-08 20:21:17', '2016-05-08 20:21:17'),
(794, 35, 640, 4, '2016-05-08 20:21:17', '2016-05-08 20:21:17'),
(795, 35, 641, 6, '2016-05-08 20:21:17', '2016-05-08 20:21:17'),
(796, 35, 642, 3, '2016-05-08 20:21:17', '2016-05-08 20:21:17'),
(797, 35, 643, 3, '2016-05-08 20:21:17', '2016-05-08 20:21:17'),
(798, 35, 638, 6, '2016-05-08 20:21:17', '2016-05-08 20:21:17'),
(799, 35, 639, 6, '2016-05-08 20:21:17', '2016-05-08 20:21:17'),
(800, 35, 644, 1, '2016-05-08 20:21:17', '2016-05-08 20:21:17'),
(801, 35, 645, 2, '2016-05-08 20:21:17', '2016-05-08 20:21:17'),
(802, 35, 646, 2, '2016-05-08 20:21:17', '2016-05-08 20:21:17'),
(803, 1, 26, 0, '2016-05-09 00:17:22', '2016-05-09 00:17:22'),
(804, 1, 24, 0, '2016-05-09 00:17:22', '2016-05-09 00:17:22'),
(805, 1, 83, 8, '2016-05-09 00:17:22', '2016-05-09 00:17:22'),
(806, 1, 17, 0, '2016-05-09 00:17:22', '2016-05-09 00:17:22'),
(807, 1, 27, 0, '2016-05-09 00:17:22', '2016-05-09 00:17:22'),
(808, 1, 193, 0, '2016-05-09 00:17:22', '2016-05-09 00:17:22'),
(809, 1, 190, 0, '2016-05-09 00:17:22', '2016-05-09 00:17:22'),
(810, 7, 561, 0, '2016-05-09 00:17:22', '2016-05-09 00:17:22'),
(811, 1, 82, 0.02, '2016-05-09 00:17:22', '2016-05-13 04:10:22'),
(812, 1, 84, 0.38, '2016-05-09 00:17:22', '2016-05-13 04:10:22'),
(813, 1, 86, 0, '2016-05-09 00:17:22', '2016-05-09 00:17:22'),
(814, 2, 444, 1, '2016-05-09 00:17:22', '2016-05-13 17:55:51'),
(815, 6, 518, 0, '2016-05-09 00:17:22', '2016-05-09 00:17:22'),
(816, 1, 440, 0, '2016-05-09 00:37:12', '2016-05-09 00:37:12'),
(817, 1, 35, 0, '2016-05-09 00:37:12', '2016-05-09 00:37:12'),
(818, 1, 36, 0, '2016-05-09 00:37:12', '2016-05-09 00:37:12'),
(819, 32, 505, 297, '2016-05-09 01:37:55', '2016-05-09 01:37:55'),
(820, 32, 509, 154, '2016-05-09 01:37:55', '2016-05-09 01:37:55'),
(821, 32, 508, 274, '2016-05-09 01:37:55', '2016-05-09 01:37:55'),
(822, 32, 507, 236, '2016-05-09 01:37:55', '2016-05-09 01:37:55'),
(823, 32, 511, 188, '2016-05-09 01:37:55', '2016-05-09 01:37:55'),
(824, 32, 506, 40, '2016-05-09 01:37:55', '2016-05-09 01:37:55'),
(825, 32, 510, 380, '2016-05-09 01:37:55', '2016-05-09 01:37:55'),
(826, 32, 504, 48, '2016-05-09 01:37:55', '2016-05-09 01:37:55'),
(827, 32, 647, 97, '2016-05-09 01:37:55', '2016-05-09 01:37:55'),
(828, 32, 648, 8, '2016-05-09 01:37:55', '2016-05-13 17:55:51'),
(829, 26, 417, 2, '2016-05-09 21:56:54', '2016-05-09 21:56:54'),
(830, 13, 96, 2, '2016-05-09 21:56:54', '2016-05-09 21:56:54'),
(831, 12, 374, 1, '2016-05-09 21:56:54', '2016-05-09 21:56:54'),
(832, 5, 398, 8, '2016-05-09 21:56:54', '2016-05-09 21:56:54'),
(833, 29, 492, 20, '2016-05-09 21:56:54', '2016-05-09 21:56:54'),
(834, 5, 397, 4, '2016-05-09 21:56:54', '2016-05-09 21:56:54'),
(835, 5, 399, 2, '2016-05-09 21:56:54', '2016-05-09 21:56:54'),
(836, 5, 555, 5, '2016-05-09 21:56:54', '2016-05-09 21:56:54'),
(837, 5, 62, 22, '2016-05-09 21:56:54', '2016-05-09 21:56:54'),
(838, 5, 476, 8, '2016-05-09 21:56:54', '2016-05-09 21:56:54'),
(839, 5, 63, 9, '2016-05-09 21:56:54', '2016-05-09 21:56:54'),
(840, 36, 534, 12, '2016-05-09 21:56:54', '2016-05-09 21:56:54'),
(841, 36, 536, 30, '2016-05-09 21:56:54', '2016-05-09 21:56:54'),
(842, 10, 49, 0, '2016-05-09 21:56:54', '2016-05-09 21:56:54'),
(843, 10, 450, 1, '2016-05-09 21:56:54', '2016-05-09 21:56:54'),
(844, 11, 649, 1, '2016-05-11 01:16:26', '2016-05-11 01:16:26'),
(845, 3, 650, 7, '2016-05-11 20:30:51', '2016-05-11 20:30:51'),
(846, 13, 651, 120, '2016-05-11 21:21:50', '2016-05-11 21:21:50'),
(847, 13, 481, 36, '2016-05-12 03:14:11', '2016-05-12 03:14:11'),
(848, 13, 482, 17, '2016-05-12 03:14:11', '2016-05-12 03:14:11'),
(849, 13, 72, 175, '2016-05-12 03:14:11', '2016-05-12 03:14:11'),
(850, 1, 80, 1.83, '2016-05-13 02:29:55', '2016-05-13 02:29:55'),
(851, 7, 652, 1, '2016-05-13 02:29:55', '2016-05-13 02:29:55'),
(852, 1, 383, 50, '2016-05-13 02:29:55', '2016-05-13 02:29:55'),
(853, 1, 85, 0.21, '2016-05-13 04:10:22', '2016-05-13 04:10:22'),
(854, 1, 23, 0.15, '2016-05-13 04:10:22', '2016-05-13 04:10:22'),
(855, 1, 189, 0.1, '2016-05-13 04:10:22', '2016-05-13 04:10:22'),
(856, 1, 22, 0.22, '2016-05-13 04:10:22', '2016-05-13 04:10:22'),
(857, 1, 33, 0.02, '2016-05-13 04:10:22', '2016-05-13 04:10:22'),
(858, 1, 234, 0.44, '2016-05-13 04:10:22', '2016-05-13 04:10:22');

-- --------------------------------------------------------

--
-- Table structure for table `stock_pay`
--

CREATE TABLE IF NOT EXISTS `stock_pay` (
  `id` int(11) NOT NULL AUTO_INCREMENT,
  `bill_no` varchar(20) COLLATE utf8_unicode_ci NOT NULL,
  `vendor_name` varchar(50) COLLATE utf8_unicode_ci DEFAULT NULL,
  `vendor_address` varchar(100) COLLATE utf8_unicode_ci NOT NULL,
  `total_price` int(11) DEFAULT NULL,
  `discount` int(11) DEFAULT NULL,
  `net_price` int(11) DEFAULT NULL,
  `paid` int(11) DEFAULT NULL,
  `due` int(11) DEFAULT NULL,
  `bill_date` date NOT NULL,
  `created_at` timestamp NULL DEFAULT NULL,
  `updated_at` timestamp NULL DEFAULT NULL,
  PRIMARY KEY (`id`)
) ENGINE=InnoDB  DEFAULT CHARSET=utf8 COLLATE=utf8_unicode_ci AUTO_INCREMENT=224 ;

--
-- Dumping data for table `stock_pay`
--

INSERT INTO `stock_pay` (`id`, `bill_no`, `vendor_name`, `vendor_address`, `total_price`, `discount`, `net_price`, `paid`, `due`, `bill_date`, `created_at`, `updated_at`) VALUES
(180, '', 'Appllo Powar ', 'Dhaka', 91539, 639, 90900, 25000, 65900, '0000-00-00', '2016-05-04 20:47:08', '2016-05-04 20:47:08'),
(181, '', 'Energy Pac', 'Mymensinghg', 23203, 3, 23200, 0, 23200, '0000-00-00', '2016-05-04 21:19:03', '2016-05-04 21:19:03'),
(182, '', 'Nawbubpur', 'Dhaka', 14730, 0, 14730, 14730, 0, '0000-00-00', '2016-05-04 21:27:34', '2016-05-04 21:27:34'),
(183, '', 'Local', 'Dhaka', 2716, 0, 2716, 2716, 0, '0000-00-00', '2016-05-04 21:31:46', '2016-05-04 21:31:46'),
(184, '', 'Sanaulla Vi', 'Dhaka', 14604, 0, 14604, 9604, 5000, '0000-00-00', '2016-05-04 21:48:02', '2016-05-04 21:48:02'),
(185, '', 'Local', 'Dhaka', 6530, 0, 6530, 6530, 0, '0000-00-00', '2016-05-04 21:56:33', '2016-05-04 21:56:33'),
(186, '', 'Mizan Tarding', 'Dhaka', 10665, 0, 10665, 10665, 0, '0000-00-00', '2016-05-04 22:50:11', '2016-05-04 22:50:11'),
(187, '', 'Local', 'Mymensinghg', 175, 0, 175, 175, 0, '0000-00-00', '2016-05-04 22:52:23', '2016-05-04 22:52:23'),
(188, '', 'Local', 'Dhaka', 648, 0, 648, 648, 0, '0000-00-00', '2016-05-04 22:54:06', '2016-05-04 22:54:06'),
(189, '', 'Local', 'Mymensinghg', 4277, 0, 4277, 4277, 0, '0000-00-00', '2016-05-04 22:55:44', '2016-05-04 22:55:44'),
(190, '', 'Local', 'Dhaka', 22744, 0, 22744, 22744, 0, '0000-00-00', '2016-05-05 00:51:44', '2016-05-05 00:51:44'),
(191, '', 'Local', 'Dhaka', 10203, 0, 10203, 10203, 9183, '0000-00-00', '2016-05-05 00:59:33', '2016-05-05 00:59:33'),
(192, '', 'Local', 'Dhaka', 16912, 0, 16912, 16912, 0, '0000-00-00', '2016-05-05 02:05:27', '2016-05-05 02:05:27'),
(193, '', 'BHP Fan', 'Mymensinghg', 22150, 0, 22150, 17560, 4590, '0000-00-00', '2016-05-05 02:27:47', '2016-05-09 01:17:41'),
(194, '', 'Local', 'Dhaka', 5498, 0, 5498, 5498, 0, '0000-00-00', '2016-05-05 03:51:55', '2016-05-05 03:51:55'),
(195, '', 'RFL ', 'Mymensinghg', 8595, 0, 8595, 8595, 0, '0000-00-00', '2016-05-05 17:30:47', '2016-05-05 17:30:47'),
(196, '', 'RFL', 'Mymensinghg', 15198, 0, 15198, 15198, 0, '0000-00-00', '2016-05-05 17:44:42', '2016-05-05 17:44:42'),
(197, '', 'Local', 'Mymensinghg', 9276, 0, 9276, 9276, 0, '0000-00-00', '2016-05-05 18:04:55', '2016-05-05 18:04:55'),
(198, '', 'Local', 'Mymensinghg', 13, 0, 13, 13, 0, '0000-00-00', '2016-05-05 19:10:12', '2016-05-05 19:10:12'),
(199, '', 'Local', 'Mymensingh', 2560, 0, 2560, 2560, 0, '0000-00-00', '2016-05-05 19:38:41', '2016-05-05 19:38:41'),
(200, '', 'Local', 'Dhaka', 4485, 0, 4485, 4485, 0, '0000-00-00', '2016-05-05 19:59:38', '2016-05-05 19:59:38'),
(201, '', 'Local', 'Mymensinghg', 390, 0, 390, 390, 0, '0000-00-00', '2016-05-05 20:07:15', '2016-05-05 20:07:15'),
(202, '', 'Local', 'Mymensinghg', 1284, 0, 1284, 1284, 0, '0000-00-00', '2016-05-05 20:15:30', '2016-05-05 20:15:30'),
(203, '', 'Laki Store ', 'Mymensingh', 6606, 0, 6606, 6606, 0, '0000-00-00', '2016-05-05 20:18:31', '2016-05-05 20:18:31'),
(204, '', 'Local', 'Mymensingh', 750, 0, 750, 750, 0, '0000-00-00', '2016-05-05 20:19:36', '2016-05-05 20:19:36'),
(205, '', 'Hafizul vi', 'Mymensingh', 12432, 0, 12432, 11432, 1000, '0000-00-00', '2016-05-06 01:27:34', '2016-05-06 01:27:34'),
(206, '01', 'Local ', 'Mymensingh', 8148, 0, 8148, 8148, 0, '2016-05-07', '2016-05-07 21:00:14', '2016-05-07 21:00:14'),
(207, '02', 'Local', 'Mymensingh', 3908, 0, 3908, 3908, 0, '2016-05-07', '2016-05-07 21:10:46', '2016-05-07 21:10:46'),
(208, '03', 'Local', 'Mymensinghg', 7731, 0, 7731, 7731, 0, '2016-05-07', '2016-05-08 03:47:25', '2016-05-08 03:47:25'),
(209, '03', 'Local', 'Mymensinghg', 7731, 0, 7731, 7731, 0, '2016-05-07', '2016-05-08 03:50:04', '2016-05-08 03:50:04'),
(210, '04', 'Local', 'Mymensingh', 264, 0, 264, 264, 0, '2016-05-07', '2016-05-08 05:00:04', '2016-05-08 05:00:04'),
(211, '05', 'Local', 'Mymensingh', 1258, 0, 1258, 1258, 0, '2016-05-08', '2016-05-08 19:17:43', '2016-05-08 19:17:43'),
(212, '06', 'Local', 'Mymensingh', 11701, 0, 11701, 11701, 0, '2016-05-08', '2016-05-08 20:21:17', '2016-05-08 20:21:17'),
(213, '06', 'Local', 'Mymensingh', 774797, 0, 774797, 774797, 0, '2016-05-08', '2016-05-09 00:17:22', '2016-05-09 00:17:22'),
(214, '07', 'Energy Pac', 'Mymensingh', 306880, 0, 306880, 306880, 0, '2016-05-08', '2016-05-09 00:37:12', '2016-05-09 00:37:12'),
(215, '08', 'Local', 'Mymensingh', 1707, 0, 1707, 1707, 0, '2016-05-08', '2016-05-09 01:37:55', '2016-05-09 01:37:55'),
(216, '11', 'Local', 'Mymensingh', 9352, 0, 9352, 9352, 0, '2016-05-09', '2016-05-09 21:56:54', '2016-05-09 21:56:54'),
(217, '11', 'Loxal', 'Mymensingh', 640, 0, 640, 640, 0, '2016-05-10', '2016-05-11 01:16:26', '2016-05-11 01:16:26'),
(218, '855', 'Urme Electric', 'Mymensingh', 910, 0, 910, 910, 0, '2016-05-11', '2016-05-11 20:30:51', '2016-05-11 20:30:51'),
(219, '1790', 'Appollo Trad', 'M S Electric Market,Nawbubpur', 7140, 0, 7140, 0, 7140, '2016-05-11', '2016-05-11 21:21:50', '2016-05-11 21:21:50'),
(220, '15', 'Local Area', 'Mymensingh', 748, 0, 748, 748, 0, '2016-05-11', '2016-05-12 03:14:11', '2016-05-12 03:14:11'),
(221, '014', 'MR Cable', 'Mymensingh', 7835, 0, 7835, 4895, 2940, '2016-05-12', '2016-05-13 02:29:55', '2016-05-13 02:30:38'),
(222, '001', 'Local Area', 'Mymensingh', 4773, 0, 4773, 4773, 0, '2016-05-12', '2016-05-13 04:10:22', '2016-05-13 04:10:22'),
(223, '123', 'Local Area', 'Mymensingh', 216, 0, 216, 0, 216, '2016-05-13', '2016-05-13 17:55:51', '2016-05-13 17:55:51');

-- --------------------------------------------------------

--
-- Table structure for table `users`
--

CREATE TABLE IF NOT EXISTS `users` (
  `id` int(10) unsigned NOT NULL AUTO_INCREMENT,
  `name` varchar(50) COLLATE utf8_unicode_ci NOT NULL,
  `email` varchar(255) COLLATE utf8_unicode_ci NOT NULL,
  `password` varchar(60) COLLATE utf8_unicode_ci NOT NULL,
  `remember_token` varchar(100) COLLATE utf8_unicode_ci DEFAULT NULL,
  `role` varchar(20) COLLATE utf8_unicode_ci NOT NULL,
  `created_at` timestamp NOT NULL DEFAULT '0000-00-00 00:00:00',
  `updated_at` timestamp NOT NULL DEFAULT '0000-00-00 00:00:00',
  PRIMARY KEY (`id`),
  UNIQUE KEY `users_email_unique` (`email`),
  UNIQUE KEY `name` (`name`)
) ENGINE=InnoDB  DEFAULT CHARSET=utf8 COLLATE=utf8_unicode_ci AUTO_INCREMENT=5 ;

--
-- Dumping data for table `users`
--

INSERT INTO `users` (`id`, `name`, `email`, `password`, `remember_token`, `role`, `created_at`, `updated_at`) VALUES
(1, 'Nazmul Haque', 'nlnazmul@gmail.com', '$2y$10$/mKQ71sp4VkLhHeN7PS6yelPvObZtglqvQg6H4amk63R.EvtVaDom', 'tO5TzX5hM9Kb5inSZou0ChbgFxnc37moid4v1eP1fzqP95HmBRq5H5L8wXdM', 'superadmin', '2016-01-16 17:37:07', '2016-05-24 18:10:15'),
(2, 'alam', 'ayanelectric1@gmail.com', '$2y$10$Ca6/Oscat6wegXFKDZYhl.fIXztU7tASFoyfTwn3P4h2pjBcgki.6', 'aZg9i56vhaoCrQUU91pgPhpKOC1uZ0XEtBgWUa0fxZrilOpthNEgbPY5w0OF', 'superadmin', '2016-01-17 16:32:57', '2016-05-13 04:37:21'),
(3, 'Kunjo', 'ayanelectric2@gmail.com', '$2y$10$REdgp0.KSMuvMjZbC1f5IegfiottlgvEkdYGdn7NO3qGcMx5yTIXi', 'siyIyp8pezUW0H8ZeCcXLtKjEsGk5KIfPNODhtRiPx7NSvr8bPgXai1NJEIb', 'seller', '2016-01-17 17:02:38', '2016-05-08 19:01:07'),
(4, 'riva', 'riva385@gmail.com', '$2y$10$fIb1Xv3LfrD8630M48K01.EiwpbzXu3sIGiH3.U7NgcoRwyo5rftu', '1kHdYkguorAz3z6rweztYLsXYhSidKnVHqWsJw122fhDpTPk01CM7k3WVVAE', 'admin', '2016-01-24 09:35:34', '2016-02-01 23:52:33');

--
-- Constraints for dumped tables
--

--
-- Constraints for table `loan_installment`
--
ALTER TABLE `loan_installment`
  ADD CONSTRAINT `loan_installment_ibfk_1` FOREIGN KEY (`lid`) REFERENCES `loan` (`lid`);

--
-- Constraints for table `product`
--
ALTER TABLE `product`
  ADD CONSTRAINT `fk_product_category` FOREIGN KEY (`cid`) REFERENCES `product_category` (`cid`);

--
-- Constraints for table `stock`
--
ALTER TABLE `stock`
  ADD CONSTRAINT `stock_ibfk_1` FOREIGN KEY (`pid`) REFERENCES `product` (`pid`);

/*!40101 SET CHARACTER_SET_CLIENT=@OLD_CHARACTER_SET_CLIENT */;
/*!40101 SET CHARACTER_SET_RESULTS=@OLD_CHARACTER_SET_RESULTS */;
/*!40101 SET COLLATION_CONNECTION=@OLD_COLLATION_CONNECTION */;
