-- phpMyAdmin SQL Dump
-- version 4.0.10.7
-- http://www.phpmyadmin.net
--
-- Host: localhost
-- Generation Time: Jan 24, 2016 at 11:17 PM
-- Server version: 5.5.45-cll-lve
-- PHP Version: 5.4.31

SET SQL_MODE = "NO_AUTO_VALUE_ON_ZERO";
SET time_zone = "+00:00";


/*!40101 SET @OLD_CHARACTER_SET_CLIENT=@@CHARACTER_SET_CLIENT */;
/*!40101 SET @OLD_CHARACTER_SET_RESULTS=@@CHARACTER_SET_RESULTS */;
/*!40101 SET @OLD_COLLATION_CONNECTION=@@COLLATION_CONNECTION */;
/*!40101 SET NAMES utf8 */;

--
-- Database: `ayanelectric_pos`
--

-- --------------------------------------------------------

--
-- Table structure for table `income`
--

CREATE TABLE IF NOT EXISTS `income` (
  `id` int(11) NOT NULL AUTO_INCREMENT,
  `invoice_no` varchar(11) DEFAULT NULL,
  `income_title` varchar(50) DEFAULT NULL,
  `amount` int(11) DEFAULT NULL,
  `status` varchar(10) DEFAULT NULL,
  `collected_by` varchar(50) NOT NULL,
  `created_at` timestamp NULL DEFAULT NULL,
  `updated_at` timestamp NULL DEFAULT NULL,
  PRIMARY KEY (`id`)
) ENGINE=InnoDB  DEFAULT CHARSET=latin1 AUTO_INCREMENT=1 ;

-- --------------------------------------------------------

--
-- Table structure for table `loan`
--

CREATE TABLE IF NOT EXISTS `loan` (
  `lid` int(11) NOT NULL AUTO_INCREMENT,
  `loan_title` varchar(255) DEFAULT NULL,
  `taken_amount` int(11) DEFAULT NULL,
  `duration_in_month` int(11) DEFAULT NULL,
  `installment_count` int(11) DEFAULT NULL,
  `installment_remain` int(11) DEFAULT NULL,
  `installment_taka` int(11) DEFAULT NULL,
  `created_at` timestamp NULL DEFAULT NULL,
  `updated_at` timestamp NULL DEFAULT NULL,
  PRIMARY KEY (`lid`)
) ENGINE=InnoDB DEFAULT CHARSET=latin1 AUTO_INCREMENT=1 ;

-- --------------------------------------------------------

--
-- Table structure for table `loan_installment`
--

CREATE TABLE IF NOT EXISTS `loan_installment` (
  `id` int(11) NOT NULL AUTO_INCREMENT,
  `lid` int(11) DEFAULT NULL,
  `installment_amount` int(11) DEFAULT NULL,
  `drcr` varchar(10) DEFAULT NULL,
  `installment_count` int(11) DEFAULT NULL,
  `created_at` timestamp NULL DEFAULT NULL,
  `updated_at` timestamp NULL DEFAULT NULL,
  PRIMARY KEY (`id`),
  KEY `lid` (`lid`)
) ENGINE=InnoDB DEFAULT CHARSET=latin1 AUTO_INCREMENT=1 ;

-- --------------------------------------------------------

--
-- Table structure for table `migrations`
--

CREATE TABLE IF NOT EXISTS `migrations` (
  `migration` varchar(255) COLLATE utf8_unicode_ci NOT NULL,
  `batch` int(11) NOT NULL
) ENGINE=InnoDB DEFAULT CHARSET=utf8 COLLATE=utf8_unicode_ci;

-- --------------------------------------------------------

--
-- Table structure for table `password_resets`
--

CREATE TABLE IF NOT EXISTS `password_resets` (
  `email` varchar(255) COLLATE utf8_unicode_ci NOT NULL,
  `token` varchar(255) COLLATE utf8_unicode_ci NOT NULL,
  `created_at` timestamp NOT NULL DEFAULT '0000-00-00 00:00:00',
  KEY `password_resets_email_index` (`email`),
  KEY `password_resets_token_index` (`token`)
) ENGINE=InnoDB DEFAULT CHARSET=utf8 COLLATE=utf8_unicode_ci;

-- --------------------------------------------------------

--
-- Table structure for table `payment`
--

CREATE TABLE IF NOT EXISTS `payment` (
  `id` int(11) NOT NULL AUTO_INCREMENT,
  `payment_title` varchar(100) DEFAULT NULL,
  `purpose` varchar(50) DEFAULT NULL,
  `amount` int(11) DEFAULT NULL,
  `status` varchar(50) DEFAULT NULL,
  `created_at` timestamp NULL DEFAULT NULL,
  `updated_at` timestamp NULL DEFAULT NULL,
  PRIMARY KEY (`id`)
) ENGINE=InnoDB  DEFAULT CHARSET=latin1 AUTO_INCREMENT=1 ;

-- --------------------------------------------------------

--
-- Table structure for table `payment_type`
--

CREATE TABLE IF NOT EXISTS `payment_type` (
  `ptid` int(11) NOT NULL AUTO_INCREMENT,
  `payment_title` varchar(50) DEFAULT NULL,
  `created_at` timestamp NULL DEFAULT NULL,
  `updated_at` timestamp NULL DEFAULT NULL,
  PRIMARY KEY (`ptid`)
) ENGINE=InnoDB  DEFAULT CHARSET=latin1 AUTO_INCREMENT=1 ;

-- --------------------------------------------------------

--
-- Table structure for table `product`
--

CREATE TABLE IF NOT EXISTS `product` (
  `pid` int(11) NOT NULL AUTO_INCREMENT,
  `cid` int(11) DEFAULT NULL,
  `p_name` varchar(50) DEFAULT NULL,
  `buying_price` float DEFAULT NULL,
  `selling_price` float DEFAULT NULL,
  `created_at` timestamp NULL DEFAULT CURRENT_TIMESTAMP,
  `updated_at` timestamp NULL DEFAULT NULL,
  PRIMARY KEY (`pid`),
  UNIQUE KEY `p_name` (`p_name`),
  KEY `fk_product_category` (`cid`)
) ENGINE=InnoDB  DEFAULT CHARSET=latin1 AUTO_INCREMENT=427 ;

--
-- Dumping data for table `product`
--

INSERT INTO `product` (`pid`, `cid`, `p_name`, `buying_price`, `selling_price`, `created_at`, `updated_at`) VALUES
(1, 2, 'Transtec Energy Light (05 W)', 142, 180, '2016-01-17 10:45:17', '2016-01-23 21:12:58'),
(2, 2, 'Transtec Energy Light (14 W)', 169, 220, '2016-01-17 10:47:25', '2016-01-23 21:14:45'),
(3, 2, 'Transtec Energy Light (32 W)', 244, 270, '2016-01-17 10:48:20', '2016-01-17 10:48:20'),
(4, 2, 'Energy Pac Energy Light (15W)', 203, 220, '2016-01-17 10:49:39', '2016-01-20 07:43:21'),
(5, 2, 'Energy Pac Energy Light (30W)', 252, 280, '2016-01-17 10:50:19', '2016-01-20 07:41:06'),
(6, 2, 'Sonos Energy Light (05W)', 118, 150, '2016-01-17 10:51:00', '2016-01-20 07:44:17'),
(7, 2, 'Sonos Energy Light (30 W)', 208, 260, '2016-01-17 10:52:08', '2016-01-17 10:52:08'),
(8, 2, 'Sonos Energy Light (25W)', 204, 250, '2016-01-17 10:52:47', '2016-01-20 07:46:07'),
(9, 2, 'Sonos Energy Light (15W)', 189, 220, '2016-01-17 10:53:20', '2016-01-20 07:44:40'),
(10, 2, 'Sonos Energy Light (20W)', 197, 230, '2016-01-17 10:54:13', '2016-01-20 07:41:53'),
(11, 2, 'Energy Pac Energy Light (20W)', 213, 240, '2016-01-17 10:56:59', '2016-01-20 07:43:36'),
(12, 6, 'Star Digital ', 1130, 1200, '2016-01-18 00:32:56', '2016-01-18 00:32:56'),
(13, 1, 'Bizli Cable BYA (1x1.0 RE)', 855, 962, '2016-01-18 00:41:06', '2016-01-18 01:00:28'),
(14, 1, 'Bizli Cable BYA (1x1.5 RE)', 1256, 1413, '2016-01-18 00:41:59', '2016-01-18 01:00:41'),
(15, 1, 'Bizli Cable BYA (1x2.0 RE)', 2047, 2303, '2016-01-18 00:43:02', '2016-01-18 01:00:53'),
(16, 1, 'Bizli Cable BYA (1x1.0 RM) 3W', 882, 992, '2016-01-18 00:44:23', '2016-01-18 01:01:09'),
(17, 1, 'Bizli Cable BYA (1x1.3 RM) 3W', 1115, 1254, '2016-01-18 00:45:14', '2016-01-18 01:02:13'),
(18, 1, 'Bizli Cable BYA (1x1.5 RM) 3W', 1269, 1428, '2016-01-18 00:46:14', '2016-01-18 01:03:23'),
(19, 1, 'Bizli Cable BYA (1x1.5 RM) 7W', 1270, 1430, '2016-01-18 00:46:57', '2016-01-18 01:04:12'),
(20, 1, 'Bizli Cable BYA (1x2.0 RM) 3W', 1701, 1914, '2016-01-18 00:47:54', '2016-01-18 01:04:47'),
(21, 1, 'Bizli Cable BYA (1x2.5 RM) 7W', 2075, 2334, '2016-01-18 00:48:42', '2016-01-18 01:05:32'),
(22, 1, 'Bizli Cable BYA (1x3.0 RM) 7W', 2476, 2786, '2016-01-18 00:51:15', '2016-01-18 01:06:07'),
(23, 1, 'Bizli Cable BYA (1x4.0 RM) 7W', 3254, 3660, '2016-01-18 00:52:39', '2016-01-18 01:06:58'),
(24, 1, 'Bizli Cable BYA (1x4.5 RM) 7W', 3657, 4114, '2016-01-18 00:53:49', '2016-01-18 01:07:42'),
(25, 1, 'Bizli Cable BYA (1x7.0 RM) 7W', 5654, 4741, '2016-01-18 00:54:57', '2016-01-18 01:08:12'),
(26, 1, 'Bizli Cable BYA (1x10 RM) 7W', 8011, 9012, '2016-01-18 00:56:17', '2016-01-18 01:08:44'),
(27, 1, 'Bizli Cable BYA (1x14.5 RM) 7W', 11535, 12977, '2016-01-18 00:57:21', '2016-01-18 01:09:09'),
(28, 1, 'Bizli Cable BYA (1x16 RM) 7W', 12686, 14272, '2016-01-18 00:58:17', '2016-01-18 01:09:50'),
(29, 1, 'Bizli Cable BYA (1x6.0 RM) 7W', 3657, 4114, '2016-01-18 00:59:09', '2016-01-18 01:10:19'),
(30, 1, 'SQ Cable (1x1.0 RE) 1W', 912, 965, '2016-01-18 01:12:21', '2016-01-18 01:13:37'),
(31, 1, 'SQ Cable (1x1.0 RM) 3W', 946, 1001, '2016-01-18 01:16:00', '2016-01-18 01:16:00'),
(32, 1, 'SQ Cable (1x1.3 RM) 3W', 1192, 1262, '2016-01-18 01:17:02', '2016-01-18 01:17:02'),
(33, 1, 'SQ Cable (1x2.0 RM) 3W', 1810, 1894, '2016-01-18 01:18:31', '2016-01-18 01:18:31'),
(34, 1, 'SQ Cable (1x3.0 RM) 7W', 2627, 2780, '2016-01-18 01:22:24', '2016-01-18 01:24:38'),
(35, 1, 'SQ Cable (1x4.0 RM) 7W', 3395, 3592, '2016-01-18 01:23:30', '2016-01-18 01:24:20'),
(36, 1, 'SQ Cable (1x4.5 RM) 7W', 3867, 4092, '2016-01-18 01:31:03', '2016-01-18 01:31:03'),
(37, 10, '1 Gang AGS Still Board', 27, 31, '2016-01-18 01:39:03', '2016-01-18 01:39:03'),
(39, 10, '3 Gang AGS Still Board', 84, 105, '2016-01-18 01:40:04', '2016-01-18 01:40:04'),
(40, 10, '1 Gang Local Still Board', 18, 22, '2016-01-18 01:40:44', '2016-01-18 01:40:44'),
(41, 10, '2 Gang Local Still Board', 38, 45, '2016-01-18 01:41:28', '2016-01-18 01:41:28'),
(42, 10, '3 Gang Local Still Board', 66, 80, '2016-01-18 01:41:59', '2016-01-18 01:41:59'),
(43, 10, '3x3 Seven Colar Still Board', 20, 25, '2016-01-18 01:45:26', '2016-01-18 01:45:26'),
(44, 10, '4x4 Seven Colar Still Board', 26, 30, '2016-01-18 01:46:18', '2016-01-18 01:46:18'),
(45, 10, '6x4 Seven Colar Still Board', 36, 40, '2016-01-18 01:47:03', '2016-01-18 01:47:03'),
(46, 10, '3x5 Seven Colar Still Board', 28, 35, '2016-01-18 01:47:47', '2016-01-18 01:47:47'),
(47, 10, '3x7 Seven Colar Still Board', 36, 45, '2016-01-18 01:48:35', '2016-01-18 01:48:35'),
(48, 10, '3x6 Seven Colar Still Board', 32, 35, '2016-01-18 01:49:08', '2016-01-18 01:49:08'),
(49, 10, '6x8 Seven Colar Still Board', 63, 75, '2016-01-18 01:49:42', '2016-01-18 01:49:42'),
(50, 10, '6x10 Seven Colar Still Board', 90, 105, '2016-01-18 01:50:36', '2016-01-18 01:50:36'),
(51, 10, '3x3 Loca Still Board', 14, 18, '2016-01-18 01:51:42', '2016-01-18 01:51:42'),
(52, 10, '6x4 Loca Still Board', 17, 25, '2016-01-18 01:53:15', '2016-01-18 01:53:15'),
(53, 2, 'Transtec Energy Light (11 W)', 165, 210, '2016-01-18 01:57:31', '2016-01-23 21:13:56'),
(54, 2, 'Non Garanty Energy Light (30W)', 80, 100, '2016-01-18 01:58:35', '2016-01-20 07:41:27'),
(55, 11, 'L1 MCB Box', 35, 45, '2016-01-18 02:01:52', '2016-01-18 02:01:52'),
(56, 11, 'L2 MCB Box', 45, 60, '2016-01-18 02:02:27', '2016-01-18 02:02:27'),
(57, 11, 'L2-4 MCB Box', 60, 75, '2016-01-18 02:03:00', '2016-01-18 02:03:26'),
(58, 11, 'Firefly SDB board 7-9', 360, 450, '2016-01-18 02:06:24', '2016-01-18 02:06:24'),
(59, 11, 'Firefly SDB board 10-13', 480, 570, '2016-01-18 02:07:02', '2016-01-18 02:07:02'),
(60, 11, 'Firefly SDB board 14-16', 650, 780, '2016-01-18 02:07:43', '2016-01-18 02:07:43'),
(61, 11, 'Kitty SBD Board 4-6', 340, 380, '2016-01-18 02:09:39', '2016-01-18 02:09:39'),
(62, 5, '25W Bangal Balub', 15.25, 20, '2016-01-18 02:18:24', '2016-01-18 02:18:24'),
(63, 5, '40W Bangal Balub', 15.25, 20, '2016-01-18 02:19:15', '2016-01-18 02:19:15'),
(64, 5, '60W Bangal Balub', 15.25, 20, '2016-01-18 02:19:35', '2016-01-18 02:19:35'),
(69, 5, '100W Bangal Balub', 16.5, 20, '2016-01-18 02:23:34', '2016-01-18 02:23:34'),
(70, 13, '3x4 RFL Socket Pipe', 47.17, 49, '2016-01-18 03:03:40', '2016-01-18 03:03:40'),
(71, 13, '3x4 RFL Without Socket Pipe', 35.5, 38, '2016-01-18 03:11:54', '2016-01-18 03:11:54'),
(72, 13, '3x4 RFL Socket ', 2.9, 3.5, '2016-01-18 03:12:45', '2016-01-18 03:12:45'),
(73, 13, '3x4 RFL Band ', 7.5, 8, '2016-01-18 03:15:34', '2016-01-18 03:15:34'),
(74, 13, '3x4 RFL Circular Box', 7.92, 9, '2016-01-18 03:17:13', '2016-01-18 03:17:13'),
(75, 13, '3x4 RFL Whit/Normal Pipe', 28, 35, '2016-01-18 03:18:19', '2016-01-18 03:18:19'),
(76, 13, '1" Chanal RFL', 26, 28, '2016-01-18 03:20:38', '2016-01-18 03:20:38'),
(77, 13, '1 Gang Local Pvc Board ', 16.5, 22, '2016-01-18 03:21:32', '2016-01-18 03:21:32'),
(78, 13, '2 Gang Local Pvc Board', 38, 45, '2016-01-18 03:22:19', '2016-01-18 03:22:19'),
(79, 13, '3 Gang Local Pvc Board', 55, 65, '2016-01-18 03:22:47', '2016-01-18 03:22:47'),
(80, 1, 'BBS Cable BAY (1x1.5 RE) 1W', 1324, 1432, '2016-01-18 03:31:37', '2016-01-18 03:31:37'),
(81, 1, 'BBS Cable BAY (1x1.0 Rm) 3W', 948, 983, '2016-01-18 03:32:52', '2016-01-18 03:32:52'),
(82, 1, 'BBS Cable BAY (1x1.3 Rm) 3W', 1193, 1329, '2016-01-18 03:33:43', '2016-01-18 03:33:43'),
(83, 1, 'BBS Cable BAY (1x2.0 Rm) 3W', 1811, 1990, '2016-01-18 03:34:48', '2016-01-18 03:34:48'),
(84, 1, 'BBS Cable BAY (1x3.0 Rm) 7W', 2628, 2750, '2016-01-18 03:35:33', '2016-01-18 03:35:33'),
(85, 1, 'BBS Cable BAY (1x4.0 Rm) 7W', 3396, 3600, '2016-01-18 03:36:46', '2016-01-18 03:36:46'),
(86, 1, 'BBS Cable BAY (1x4.5 Rm) 7W', 3868, 4150, '2016-01-18 03:37:27', '2016-01-18 03:37:27'),
(87, 1, 'Appollo (2x14/76) FT', 570, 1100, '2016-01-18 03:40:09', '2016-01-18 03:40:09'),
(88, 1, 'Appollo (2x14/76) TT', 437, 600, '2016-01-18 03:41:39', '2016-01-18 03:41:39'),
(89, 5, '05W DIM Light Normal (Suria)', 15, 25, '2016-01-18 04:03:40', '2016-01-18 04:03:40'),
(90, 3, 'CBE 05W LED Light', 224, 260, '2016-01-18 04:04:50', '2016-01-18 04:04:50'),
(91, 13, 'Dear Tape', 9.6, 15, '2016-01-18 04:06:12', '2016-01-18 04:06:12'),
(92, 13, 'BBS Tape', 16.66, 25, '2016-01-18 04:06:58', '2016-01-18 04:06:58'),
(93, 13, 'Clear Small Tape', 2.6, 5, '2016-01-18 04:08:29', '2016-01-18 04:08:29'),
(94, 13, 'Clear Midiam Tape', 5, 10, '2016-01-18 04:11:04', '2016-01-18 04:11:04'),
(95, 13, 'Clear Big Tape', 19, 30, '2016-01-18 04:11:45', '2016-01-18 04:11:45'),
(96, 13, 'Thraed Tape (Padrolo)', 10, 20, '2016-01-18 04:15:24', '2016-01-18 04:16:06'),
(97, 13, 'Royal Plug', 7, 15, '2016-01-18 04:16:55', '2016-01-18 04:16:55'),
(98, 9, 'Energy Pac 1 Gang Switch', 51, 60, '2016-01-18 04:38:36', '2016-01-18 04:38:36'),
(99, 9, 'Energy Pac 2 Gang Switch', 72, 85, '2016-01-18 04:39:40', '2016-01-18 04:39:40'),
(100, 9, 'Energy Pac 3 Gang Switch', 89, 105, '2016-01-18 04:40:25', '2016-01-18 04:40:25'),
(101, 9, 'Energy Pac 4 Gang Switch', 114, 135, '2016-01-18 04:40:57', '2016-01-18 04:40:57'),
(102, 9, 'Energy Pac 2 pin Socket', 110, 145, '2016-01-18 04:41:50', '2016-01-18 04:41:50'),
(103, 9, 'Energy Pac (Combine Socket) 13A pin + 16A 2Pin', 187, 220, '2016-01-18 05:03:03', '2016-01-18 05:03:03'),
(104, 9, 'Energy Pac DP switch', 298, 350, '2016-01-18 05:03:48', '2016-01-18 05:03:48'),
(105, 9, 'Energy Pac (Fan Controller With Switch)', 212, 250, '2016-01-18 05:05:15', '2016-01-18 05:05:15'),
(106, 9, 'Energy Pac  Fan Controller ', 170, 200, '2016-01-18 05:07:43', '2016-01-18 05:07:43'),
(107, 9, 'Energy Pac  (TV Socket)', 94, 110, '2016-01-18 05:08:59', '2016-01-18 05:08:59'),
(108, 9, 'Energy Pac  (Bill Push)', 68, 80, '2016-01-18 05:10:11', '2016-01-18 05:10:11'),
(109, 9, 'Energy Pac  (16A 3Pin Socket With Switch)', 153, 220, '2016-01-18 05:13:02', '2016-01-18 05:13:02'),
(110, 9, 'EG 1 Gang Switch (A3011A)', 72, 85, '2016-01-18 05:14:03', '2016-01-18 05:37:51'),
(111, 9, 'EG 2 Gang Switch (A3021A)', 119, 160, '2016-01-18 05:14:34', '2016-01-18 05:40:07'),
(112, 9, 'EG 3 Gang Switch (A3031A)', 153, 180, '2016-01-18 05:15:15', '2016-01-18 05:39:33'),
(113, 9, 'EG 4  Gang Switch (A3041A)', 204, 240, '2016-01-18 05:16:35', '2016-01-18 05:40:36'),
(114, 9, 'EG 13A 3Pin Socket With Switch(Naro) (A3153SN)', 272, 320, '2016-01-18 05:19:00', '2016-01-23 20:49:21'),
(115, 9, 'EG 13A 3Pin Socket With Switch (Double) (A3133S2)', 331, 390, '2016-01-18 05:20:46', '2016-01-23 20:48:40'),
(116, 9, 'EG 16A 2Pin Socket With Switch (A3108SNB)', 204, 240, '2016-01-18 05:23:24', '2016-01-18 05:46:29'),
(117, 9, 'EG TV Socket (A3010)', 145, 170, '2016-01-18 05:25:21', '2016-01-18 05:25:21'),
(118, 9, 'EG Fan Controller (A3250)', 345, 405, '2016-01-18 05:30:09', '2016-01-18 05:30:09'),
(119, 9, 'EG Fan Controller (101EG)', 213, 250, '2016-01-18 05:31:23', '2016-01-18 05:31:23'),
(120, 9, 'EG Bill Push (A3013)', 111, 130, '2016-01-18 05:32:40', '2016-01-18 05:32:40'),
(121, 9, 'EG 30A DP Switch (A330N)', 510, 600, '2016-01-18 05:34:01', '2016-01-18 05:34:01'),
(122, 9, 'EG 13APin+16A 2Pin (combine) Naro (A3108SNB)', 281, 330, '2016-01-18 05:35:47', '2016-01-18 05:35:47'),
(123, 9, 'EG 15A 3Pin Socket With Switch (A3153S)', 263, 310, '2016-01-18 05:41:59', '2016-01-18 05:41:59'),
(124, 9, 'EG 15A 3Pin Socket With Switch (Naro) (A3153N)', 272, 320, '2016-01-18 05:43:39', '2016-01-18 05:43:39'),
(125, 4, 'Philips Tube Light', 85, 105, '2016-01-18 06:02:18', '2016-01-18 06:02:18'),
(126, 4, 'Transtec Tube Light', 67.76, 90, '2016-01-18 06:03:36', '2016-01-23 21:15:27'),
(127, 4, 'ABID Tube Shaid', 235, 270, '2016-01-18 06:10:42', '2016-01-18 06:10:42'),
(128, 8, 'SP 6A MCB kitty ', 110, 220, '2016-01-18 06:18:58', '2016-01-18 06:18:58'),
(129, 8, 'SP 10A MCB kitty', 110, 220, '2016-01-18 06:19:28', '2016-01-18 06:19:28'),
(130, 8, 'SP 16A MCB kitty', 110, 220, '2016-01-18 06:19:49', '2016-01-18 06:19:49'),
(131, 8, 'SP 20A MCB kitty', 110, 220, '2016-01-18 06:20:21', '2016-01-18 06:20:21'),
(132, 8, 'SP 32A MCB kitty', 110, 220, '2016-01-18 06:21:00', '2016-01-18 06:21:00'),
(133, 8, 'SP 40A MCB kitty', 110, 220, '2016-01-18 06:21:28', '2016-01-18 06:21:28'),
(134, 8, 'SP 50A MCB kitty', 110, 220, '2016-01-18 06:21:54', '2016-01-18 06:21:54'),
(135, 8, 'SP 63A MCB kitty', 110, 220, '2016-01-18 06:22:15', '2016-01-18 06:22:15'),
(136, 8, 'DP 10A MCB Kitty', 220, 440, '2016-01-18 06:22:56', '2016-01-18 06:22:56'),
(137, 8, 'DP 16A MCB Kitty', 220, 440, '2016-01-18 06:23:16', '2016-01-18 06:23:16'),
(138, 8, 'DP 20A MCB Kitty', 220, 440, '2016-01-18 06:23:37', '2016-01-18 06:23:37'),
(139, 8, 'DP 25A MCB Kitty', 220, 440, '2016-01-18 06:24:19', '2016-01-18 06:24:19'),
(140, 8, 'DP 32A MCB Kitty', 220, 440, '2016-01-18 06:24:44', '2016-01-18 06:24:44'),
(141, 8, 'DP 40A MCB Kitty', 220, 440, '2016-01-18 06:25:12', '2016-01-18 06:25:12'),
(142, 8, 'DP 50A MCB Kitty', 220, 440, '2016-01-18 06:25:40', '2016-01-18 06:25:40'),
(143, 8, 'DP 63A MCB Kitty', 220, 440, '2016-01-18 06:26:33', '2016-01-18 06:26:33'),
(144, 9, 'Kitty 13A Multi Socket with switch', 110, 180, '2016-01-18 06:27:57', '2016-01-23 20:49:47'),
(145, 9, 'MA 13A Multi Socket With Switch', 105, 130, '2016-01-18 06:28:43', '2016-01-23 20:50:03'),
(146, 9, 'MA 1 Gang Switch ', 35, 45, '2016-01-18 06:29:35', '2016-01-18 06:29:35'),
(147, 9, 'MA 2 Gang Switch', 50, 60, '2016-01-18 06:30:03', '2016-01-18 06:30:03'),
(148, 9, 'MA 3 Gang Switch', 70, 85, '2016-01-18 06:30:28', '2016-01-18 06:30:28'),
(149, 9, 'MA 4 Gang Switch', 85, 120, '2016-01-18 06:30:56', '2016-01-18 06:30:56'),
(150, 9, 'MA 5 Gang Switch', 125, 160, '2016-01-18 06:31:22', '2016-01-18 06:31:22'),
(151, 9, 'Ma Fan Dimar With Switch', 140, 180, '2016-01-18 06:32:57', '2016-01-18 06:32:57'),
(152, 9, 'MA 2Pin Socket With Switch', 110, 130, '2016-01-18 06:33:46', '2016-01-23 20:51:33'),
(153, 9, 'MA Bill Push', 65, 120, '2016-01-18 06:34:14', '2016-01-18 06:34:14'),
(154, 2, 'Energy Pac Energy Light (05W)', 165, 180, '2016-01-18 06:40:16', '2016-01-20 07:42:45'),
(155, 2, 'Energy Pac Energy Light (07W)', 173, 190, '2016-01-18 06:41:20', '2016-01-20 07:43:04'),
(156, 2, 'Energy Pac Energy Light (23W)', 227, 255, '2016-01-18 06:42:28', '2016-01-20 07:43:52'),
(157, 2, 'Energy Pac Energy Light (45 W)', 446, 500, '2016-01-18 06:44:50', '2016-01-18 06:44:50'),
(158, 3, 'Energy Pac 20W Led Tube Light', 411, 495, '2016-01-18 06:51:15', '2016-01-18 06:51:15'),
(159, 3, 'Energy Pac 9W LED Bulb', 236, 270, '2016-01-18 06:52:52', '2016-01-18 06:52:52'),
(160, 3, 'CBE 18W LED Tube Light', 400, 480, '2016-01-18 06:54:02', '2016-01-18 06:54:02'),
(161, 2, 'Philips 24W Energy  Light', 265, 295, '2016-01-18 06:55:18', '2016-01-18 06:55:18'),
(170, 15, 'Nokia Wall Cattar', 68, 105, '2016-01-18 07:21:29', '2016-01-18 07:21:29'),
(171, 15, 'Dimond Wall Catter', 75, 120, '2016-01-18 07:22:10', '2016-01-19 03:12:28'),
(172, 15, 'Iron Katter', 14, 20, '2016-01-18 07:24:17', '2016-01-18 07:24:17'),
(174, 19, '3/4" Star Screw', 1.68, 8, '2016-01-18 08:34:47', '2016-01-18 08:34:47'),
(175, 19, '1" Star Screw', 3.24, 10, '2016-01-18 08:35:36', '2016-01-18 08:35:36'),
(176, 19, '1.5" Star Screw', 4.2, 12, '2016-01-18 08:36:23', '2016-01-18 08:36:23'),
(177, 19, '1" MK Star Screw', 7.44, 20, '2016-01-18 08:37:09', '2016-01-18 08:37:09'),
(178, 19, '2.5" MK Star Screw', 10, 25, '2016-01-18 08:38:01', '2016-01-18 08:38:01'),
(179, 19, '1.5" (10 No) Cot Screw', 10, 25, '2016-01-18 08:38:58', '2016-01-18 08:38:58'),
(180, 19, '1.5" Mathgat Screw', 8, 15, '2016-01-18 08:40:39', '2016-01-18 08:40:39'),
(181, 19, '2" (8No) Cot screw', 7, 15, '2016-01-18 08:41:23', '2016-01-18 08:41:23'),
(182, 1, 'BRB Cable BYA (1x1.0 RE)', 913, 956, '2016-01-18 23:41:01', '2016-01-18 23:41:01'),
(183, 1, 'BRB Cable BYA (1x1.5 RE)', 1323, 1384, '2016-01-18 23:42:43', '2016-01-18 23:42:43'),
(184, 1, 'BRB Cable BYA (1x1.0 RM)', 946, 990, '2016-01-18 23:43:31', '2016-01-18 23:43:31'),
(185, 1, 'BRB Cable BYA (1x1.3 RM)', 1192, 1247, '2016-01-18 23:44:24', '2016-01-18 23:44:24'),
(186, 1, 'BRB Cable BYA (1x1.5 RM)', 1359, 1422, '2016-01-18 23:45:36', '2016-01-18 23:45:36'),
(187, 1, 'BRB Cable BYA (1x2.0 RM)', 1810, 1894, '2016-01-18 23:46:31', '2016-01-18 23:46:31'),
(188, 1, 'BRB Cable BYA (1x2.5 RM)', 2180, 2281, '2016-01-18 23:47:02', '2016-01-18 23:47:02'),
(189, 1, 'BRB Cable BYA (1x3.0 RM)', 2627, 2750, '2016-01-18 23:47:35', '2016-01-18 23:47:35'),
(190, 1, 'BRB Cable BYA (1x4.0 RM)', 3395, 3552, '2016-01-18 23:48:10', '2016-01-18 23:48:10'),
(191, 1, 'BRB Cable BYA (1x4.5 RM)', 3867, 4046, '2016-01-18 23:49:11', '2016-01-18 23:49:11'),
(192, 1, 'BRB Cable BYA (1x6.0 RM)', 5069, 5305, '2016-01-18 23:49:58', '2016-01-18 23:49:58'),
(193, 1, 'BRB Cable BYA (1x7.0 RM)', 5853, 6125, '2016-01-18 23:50:43', '2016-01-18 23:50:43'),
(194, 1, 'Bizli Cabile Flexible (2x0.4 RM) 14/76 Round', 11371, 1542, '2016-01-19 00:04:12', '2016-01-19 00:04:12'),
(195, 1, 'BIzli Cabile T/T (2X 0.4RM) 14/76', 862, 970, '2016-01-19 00:05:54', '2016-01-19 00:05:54'),
(196, 1, 'BIzli Cabile T/T (2X 0.65RM) 23/76', 1322, 1487, '2016-01-19 00:06:47', '2016-01-19 00:06:47'),
(197, 1, 'BIzli Cabile F/T (2X 0.4RM) 14/76', 1149, 1293, '2016-01-19 00:07:51', '2016-01-19 00:07:51'),
(198, 1, 'BIzli Cabile F/T (2X 0.65RM) 23/76', 1656, 1863, '2016-01-19 00:08:31', '2016-01-19 00:08:31'),
(199, 9, 'Dosen (White) 1 Gang Switch', 65, 68, '2016-01-19 00:12:14', '2016-01-19 00:12:14'),
(200, 9, 'Dosen (White) 2 Gang Switch', 126, 136, '2016-01-19 00:13:05', '2016-01-19 00:13:05'),
(201, 9, 'Dosen (White) 3 Gang Switch', 158, 172, '2016-01-19 00:13:49', '2016-01-19 00:13:49'),
(202, 9, 'Dosen (White) 4 Gang Switch', 172, 220, '2016-01-19 00:14:43', '2016-01-19 00:14:43'),
(203, 9, 'Dosen (White) 2 Pin socket with Switch', 172, 220, '2016-01-19 00:15:30', '2016-01-23 20:47:36'),
(204, 9, 'Dosen (White) 13A Combibe socket with Switch', 195, 230, '2016-01-19 00:17:23', '2016-01-23 20:47:20'),
(205, 9, 'Dosen (White)  T.V Socket', 165, 180, '2016-01-19 00:18:32', '2016-01-23 20:46:41'),
(206, 9, 'Dosen (White)  Talephone Socket', 165, 180, '2016-01-19 00:19:22', '2016-01-23 20:47:00'),
(207, 9, 'Dosen (White)  Bell Push', 165, 180, '2016-01-19 00:20:37', '2016-01-19 00:20:37'),
(208, 9, 'Dosen (White)  Fan Dimmer With Switch', 317, 345, '2016-01-19 00:22:01', '2016-01-19 00:22:01'),
(209, 9, 'Dosen (White)  DP Switch', 267, 297, '2016-01-19 00:23:18', '2016-01-19 00:23:18'),
(210, 9, 'Dosen (Gold) 1 Gang Switch', 72, 78, '2016-01-19 00:24:09', '2016-01-19 00:24:09'),
(211, 9, 'Dosen (Gold) 2 Gang Switch', 140, 156, '2016-01-19 00:24:56', '2016-01-19 00:24:56'),
(212, 9, 'Dosen (Gold) 3 Gang Switch', 180, 200, '2016-01-19 00:25:39', '2016-01-19 00:25:39'),
(213, 9, 'Dosen (Gold) 4 Gang Switch', 195, 216, '2016-01-19 00:26:15', '2016-01-19 00:26:15'),
(214, 9, 'Dosen (Gold)  Bell Push', 180, 200, '2016-01-19 00:27:41', '2016-01-19 00:27:41'),
(215, 9, 'Dosen (Gold) 2 Pin socket with Switch', 273, 304, '2016-01-19 00:28:58', '2016-01-23 20:46:24'),
(216, 9, 'Dosen (Gold) 13A Combibe socket with Switch', 209, 230, '2016-01-19 00:29:44', '2016-01-23 20:46:08'),
(217, 9, 'Dosen (Gold)  T.V Socket', 180, 200, '2016-01-19 00:31:10', '2016-01-23 20:44:43'),
(218, 9, 'Dosen (Gold) Fan Dimmer With Switch', 338, 378, '2016-01-19 00:33:14', '2016-01-19 00:39:19'),
(219, 9, 'Dosen (Gold)  DP Switch', 280, 312, '2016-01-19 00:34:28', '2016-01-19 00:34:28'),
(222, 4, ' Starter S-10 Philips', 6, 10, '2016-01-19 00:44:08', '2016-01-19 00:44:08'),
(223, 4, 'Tube Coil mechanical (Australian)', 130, 170, '2016-01-19 00:47:44', '2016-01-19 00:47:44'),
(224, 4, 'Tube Coil Atuo (Osaka/Cata)', 90, 120, '2016-01-19 00:48:34', '2016-01-19 00:48:34'),
(225, 4, 'Tube Coil Atuo CBE', 199, 220, '2016-01-19 00:49:46', '2016-01-19 00:49:46'),
(226, 4, 'Tube Holdar (S.R) 2Pcs', 28, 40, '2016-01-19 00:50:56', '2016-01-19 00:50:56'),
(227, 13, '1 Hool Switch Board', 8.5, 12, '2016-01-19 01:45:14', '2016-01-19 01:45:14'),
(228, 13, '2 Hool Switch Board', 11.8, 16, '2016-01-19 01:46:17', '2016-01-19 01:46:17'),
(229, 13, '3 Hool Switch Board', 15, 22, '2016-01-19 01:46:50', '2016-01-19 01:46:50'),
(230, 13, '4 Hool Switch Board', 18, 28, '2016-01-19 01:47:38', '2016-01-19 01:47:38'),
(231, 13, '5 Hool Switch Board', 22, 32, '2016-01-19 01:48:09', '2016-01-19 01:48:09'),
(232, 13, '6 Hool Switch Board', 28, 38, '2016-01-19 01:50:24', '2016-01-19 01:50:24'),
(233, 1, 'Noyon Alominiam (1x1.3 RM)', 250, 300, '2016-01-19 01:51:34', '2016-01-19 01:51:34'),
(234, 1, 'Noyon Alominiam (1x2.3 RM)', 310, 370, '2016-01-19 01:52:05', '2016-01-19 01:52:05'),
(235, 17, 'Maulti (M-2014) Tania Power', 150, 200, '2016-01-19 01:54:27', '2016-01-19 01:54:27'),
(236, 17, 'Maulti (M-2015) Tania Power', 140, 190, '2016-01-19 01:55:04', '2016-01-19 01:55:04'),
(237, 17, 'Maulti (M-2016) Tania Power', 155, 220, '2016-01-19 01:55:34', '2016-01-19 01:55:34'),
(238, 17, 'Maulti (M-2017) Tania Power', 140, 230, '2016-01-19 01:56:07', '2016-01-19 01:56:07'),
(239, 17, 'Maulti (M-2012) Tania Power', 85, 110, '2016-01-19 01:56:57', '2016-01-19 01:56:57'),
(240, 13, '6X8 Switch Board', 48, 75, '2016-01-19 01:57:59', '2016-01-19 01:57:59'),
(241, 13, '8x10 Switch Board', 69, 90, '2016-01-19 01:58:43', '2016-01-19 01:58:43'),
(243, 14, 'Winer Model Switch (1 Way)', 9.5, 15, '2016-01-19 02:28:32', '2016-01-19 02:28:32'),
(244, 14, 'Winer Model Soket', 9.5, 15, '2016-01-19 02:29:10', '2016-01-19 02:51:13'),
(245, 14, 'Winer Model Indicotar ', 10, 17, '2016-01-19 02:30:50', '2016-01-19 02:30:50'),
(246, 14, 'Winer Model Fuse', 11, 20, '2016-01-19 02:31:26', '2016-01-19 02:31:26'),
(247, 14, 'Appollo Fan dimmer (Bobi)', 40, 70, '2016-01-19 02:32:41', '2016-01-20 22:57:24'),
(255, 12, 'Superstar Round Batten Holder ', 33.5, 38, '2016-01-19 02:54:06', '2016-01-19 02:54:06'),
(256, 15, 'Cup Washer', 4, 12, '2016-01-19 02:57:02', '2016-01-19 02:57:02'),
(257, 15, '5X5 (Squre) Avonight Shit ', 14, 18, '2016-01-19 03:07:24', '2016-01-19 03:07:24'),
(258, 15, '7X5 (Squre) Avonight Shit', 20, 25, '2016-01-19 03:09:49', '2016-01-19 03:09:49'),
(259, 15, '4X4 (Squre) Avonight Shit', 13, 17, '2016-01-19 03:10:42', '2016-01-19 03:10:42'),
(260, 15, '4X6 (Squre) Avonight Shit', 17, 22, '2016-01-19 03:11:16', '2016-01-19 03:11:16'),
(261, 15, '5X5 (Round) Avonight Shit', 16, 23, '2016-01-19 03:13:08', '2016-01-19 03:13:08'),
(262, 15, '7X7 (Round) Avonight Shit', 22, 28, '2016-01-19 03:13:50', '2016-01-19 03:13:50'),
(263, 15, '10x12 (Squre) Avonight Shit', 38, 45, '2016-01-19 03:14:46', '2016-01-19 03:14:46'),
(264, 18, '25In Remote (Master)', 34, 80, '2016-01-19 03:18:35', '2016-01-19 03:19:58'),
(265, 18, 'LG Remote (Master)', 85, 120, '2016-01-19 03:19:30', '2016-01-19 03:19:30'),
(266, 18, 'Walton Remote (Master)', 88, 130, '2016-01-19 03:20:39', '2016-01-19 03:20:39'),
(267, 18, 'Sony Remote (Msater)', 85, 120, '2016-01-19 03:21:12', '2016-01-19 03:21:12'),
(268, 18, 'Walton Remote (Low Baton)', 56, 90, '2016-01-19 03:24:07', '2016-01-19 03:26:32'),
(269, 18, 'Walton Remote (Hig Baton)', 60, 95, '2016-01-19 03:26:01', '2016-01-19 03:26:01'),
(270, 18, 'TCL Remote', 63, 120, '2016-01-19 03:27:22', '2016-01-19 03:27:22'),
(271, 18, '301 Model Remote', 48, 85, '2016-01-19 03:27:50', '2016-01-19 03:27:50'),
(272, 18, 'Myone Remote Long', 72, 130, '2016-01-19 03:28:29', '2016-01-19 03:28:29'),
(273, 18, 'Singer Big Remote', 70, 130, '2016-01-19 03:29:04', '2016-01-19 03:29:04'),
(274, 18, 'DVD-1205 Remote', 48, 90, '2016-01-19 03:29:47', '2016-01-19 03:29:47'),
(275, 18, 'DVD 101 remote', 36, 80, '2016-01-19 03:31:12', '2016-01-21 09:34:20'),
(276, 18, 'Singer (Small&Black) Remote', 57, 130, '2016-01-19 03:33:54', '2016-01-19 03:33:54'),
(277, 18, 'Royel Remote', 70, 120, '2016-01-19 03:34:27', '2016-01-19 03:34:27'),
(278, 18, 'TV card Remote ', 70, 120, '2016-01-19 03:35:02', '2016-01-19 03:35:02'),
(279, 18, 'Daily Max (Remote batary)', 6, 10, '2016-01-19 03:38:19', '2016-01-19 03:47:45'),
(280, 18, 'Olympic Gold (Pancile Batary)', 7.9, 10, '2016-01-19 03:40:03', '2016-01-19 03:46:55'),
(281, 18, 'Olympic Havey Duty (Pancile Batary)', 8.5, 12, '2016-01-19 03:46:09', '2016-01-19 03:46:09'),
(282, 16, 'Barthroom Shade (Small)', 260, 290, '2016-01-19 05:28:04', '2016-01-19 05:28:04'),
(283, 9, 'NRB 1 Gang Switch ', 63, 80, '2016-01-19 05:31:07', '2016-01-19 05:31:07'),
(284, 9, 'NRB 2 Gang Switch', 126, 150, '2016-01-19 05:31:41', '2016-01-19 05:31:41'),
(285, 9, 'NRB 3 Gang Switch', 174, 210, '2016-01-19 05:32:19', '2016-01-19 05:32:19'),
(286, 9, 'NRB 4 Gang Switch', 243, 280, '2016-01-19 05:33:11', '2016-01-19 05:33:11'),
(287, 9, 'NRB 13A multi Socket With Switch', 182, 230, '2016-01-19 05:33:59', '2016-01-23 20:54:09'),
(288, 9, 'NRB 2Pin Socket With Switch', 185, 230, '2016-01-19 05:34:49', '2016-01-23 20:55:12'),
(289, 9, 'NRB TV Socket ', 204, 230, '2016-01-19 05:35:23', '2016-01-23 20:56:01'),
(290, 9, 'NRB Bell Push', 148, 180, '2016-01-19 05:36:34', '2016-01-19 05:36:34'),
(291, 9, 'NRB Fan Dimmar With Switch', 250, 320, '2016-01-19 05:38:30', '2016-01-19 05:38:30'),
(292, 9, 'NRB 15A Combine Socket', 272, 310, '2016-01-19 05:39:11', '2016-01-23 20:54:39'),
(293, 16, 'Keya Sochar (Round) 22W', 150, 180, '2016-01-19 05:41:30', '2016-01-20 00:00:23'),
(294, 16, 'Yonglide 21W (Round With Light)', 200, 250, '2016-01-19 05:47:40', '2016-01-19 05:47:40'),
(295, 16, 'Keya Plus 65W Lamp Shade', 420, 480, '2016-01-19 05:48:48', '2016-01-19 23:59:26'),
(296, 21, '15A China Fuse', 22, 35, '2016-01-19 05:51:22', '2016-01-19 05:51:22'),
(297, 21, '30A China Fuse (Whte)', 40, 55, '2016-01-19 05:53:08', '2016-01-19 05:53:08'),
(298, 13, '7 Hool Switch Board', 29, 38, '2016-01-19 06:08:09', '2016-01-19 06:08:09'),
(299, 13, '8 Hool Switch Board', 32, 42, '2016-01-19 06:08:41', '2016-01-19 06:08:41'),
(300, 16, 'Barthroom Shade (Big)', 280, 350, '2016-01-19 06:11:52', '2016-01-19 06:11:52'),
(301, 16, 'AST 7" Glass Socar (Round)', 265, 310, '2016-01-19 06:15:22', '2016-01-19 06:15:22'),
(302, 16, 'Gate (Round Bull) Lamp Shade', 230, 290, '2016-01-19 06:18:08', '2016-01-19 06:18:08'),
(303, 16, 'Keya Security (Out Door) En.Saving', 110, 140, '2016-01-19 06:22:45', '2016-01-20 00:00:10'),
(307, 23, 'Cona Bell Push (Indian)', 22, 30, '2016-01-19 09:33:34', '2016-01-19 09:33:34'),
(309, 23, 'Cona Switch (Indian)', 19.5, 25, '2016-01-19 09:34:17', '2016-01-19 09:34:17'),
(311, 23, 'Cona Socket (Indian)', 19.5, 25, '2016-01-19 09:35:28', '2016-01-23 20:47:56'),
(314, 23, 'Cona Fuse (indian)', 38, 45, '2016-01-19 09:37:00', '2016-01-19 09:37:00'),
(315, 23, 'Cona Indicator (Indian)', 25, 35, '2016-01-19 09:37:44', '2016-01-19 09:37:44'),
(316, 23, 'Cona Combine Socket (Indian)', 155, 180, '2016-01-19 09:39:19', '2016-01-23 20:45:28'),
(317, 23, 'Cona DP Switch (Indian)', 130, 160, '2016-01-19 09:39:57', '2016-01-19 09:39:57'),
(318, 23, 'Cona Calling Bell (Ding Dong)', 130, 160, '2016-01-19 09:43:44', '2016-01-19 09:43:44'),
(319, 22, 'P-212 (Adaptor Holdar With Ring)', 22.5, 28, '2016-01-20 00:09:36', '2016-01-20 00:09:36'),
(320, 22, 'P-417 (Adaptor Holader) E27', 14, 20, '2016-01-20 00:11:05', '2016-01-20 00:11:05'),
(321, 22, 'P-68 (Tumbler Switch) Squre Tipe', 55, 65, '2016-01-20 00:13:22', '2016-01-20 00:13:22'),
(322, 22, 'P-66 (20A Tumbler Switch) Squre Tipe', 68, 75, '2016-01-20 00:16:02', '2016-01-20 00:16:02'),
(323, 22, 'P-75 (Bed Switch) White plastic', 17, 25, '2016-01-20 00:17:38', '2016-01-20 00:17:38'),
(324, 22, 'P-178 (Bed Switch) White All Body indicator', 22, 30, '2016-01-20 00:19:41', '2016-01-20 00:19:41'),
(325, 22, 'P-28 (8A 2Pin Socket)', 39, 45, '2016-01-20 00:21:34', '2016-01-23 21:01:17'),
(326, 22, 'P-34 (15A 3Pin Soke) Squre Type', 66, 75, '2016-01-20 00:24:02', '2016-01-20 00:24:02'),
(327, 22, 'P-73 DP Mainn Switch', 257, 300, '2016-01-20 00:29:20', '2016-01-20 00:29:20'),
(328, 22, 'P-200 (45A DP Switch)', 160, 250, '2016-01-20 00:30:33', '2016-01-20 00:30:33'),
(332, 22, 'P-03 (2Pin pvc Plug)', 12, 15, '2016-01-20 00:34:13', '2016-01-20 00:34:13'),
(333, 22, 'P-11 (Multi Plug indicator) 2Pin', 24, 30, '2016-01-20 00:35:53', '2016-01-20 00:35:53'),
(334, 22, 'P-12 (Multi Plug indicator) 2Pin', 17.25, 25, '2016-01-20 00:36:50', '2016-01-20 00:36:50'),
(335, 22, 'P-14 Toyo (3Pin Plug)', 25, 35, '2016-01-20 00:40:42', '2016-01-20 00:40:42'),
(336, 22, 'P-20 (3Pin Round Plug)', 50, 65, '2016-01-20 00:42:08', '2016-01-20 00:42:08'),
(337, 22, 'P-201 (Industrial Holdar)', 22, 30, '2016-01-20 00:43:53', '2016-01-20 00:43:53'),
(338, 15, 'Hamar Drill bit (6.5mm) ', 30, 45, '2016-01-20 07:01:08', '2016-01-20 07:01:08'),
(339, 15, 'Drill bit (6.5mm) Without Hamar', 25, 35, '2016-01-20 07:02:58', '2016-01-20 07:02:58'),
(340, 24, 'Chola Big (S.S)', 90, 130, '2016-01-20 07:08:53', '2016-01-20 07:10:55'),
(341, 24, 'Chola Small (Squre)', 85, 110, '2016-01-20 07:09:49', '2016-01-20 07:11:30'),
(342, 24, 'Chola Small (Round)', 75, 90, '2016-01-20 07:10:37', '2016-01-20 07:10:37'),
(343, 24, 'Heater Plate Dhakar (Small)', 12, 30, '2016-01-20 07:13:35', '2016-01-20 07:13:35'),
(346, 24, 'Heater Plate Dhakar (Big)', 18, 35, '2016-01-20 07:14:38', '2016-01-20 07:14:38'),
(347, 24, 'Heater Plate Normal (Small)', 8, 15, '2016-01-20 07:15:21', '2016-01-20 07:15:21'),
(348, 24, 'Heater Plate Normal (Big)', 15, 25, '2016-01-20 07:16:14', '2016-01-20 07:16:14'),
(349, 24, 'Tiger 16A Ceramic Switch', 48, 65, '2016-01-20 07:25:28', '2016-01-20 07:26:45'),
(350, 24, 'Tiger 16A Ceramic 3Pin Socket', 45, 60, '2016-01-20 07:26:23', '2016-01-23 20:56:51'),
(351, 12, 'Electron Batten Holder (Round)', 25, 30, '2016-01-20 09:52:27', '2016-01-20 09:53:59'),
(352, 12, 'Electron Batten Holder (8 Conar)E27', 25, 35, '2016-01-20 09:53:35', '2016-01-20 09:53:35'),
(353, 12, 'Electron Batten Holder (8 Conar)B22', 25, 35, '2016-01-20 09:54:36', '2016-01-20 09:54:36'),
(354, 12, 'Ceiling Rose Elctron (Squre)', 20, 25, '2016-01-20 22:50:36', '2016-01-20 22:50:36'),
(355, 12, 'Ceiling Rose Elctron (Round)', 20, 25, '2016-01-20 22:51:39', '2016-01-20 22:51:39'),
(356, 12, 'Superstar (Angel) Batten Holder', 34, 40, '2016-01-20 22:55:27', '2016-01-20 22:55:27'),
(357, 14, 'Superstar PC Switch', 23.75, 28, '2016-01-20 22:58:35', '2016-01-20 22:58:35'),
(358, 14, 'Superstar PC Socket', 24, 30, '2016-01-20 22:59:38', '2016-01-20 22:59:38'),
(359, 14, 'Superstar PC Indicato', 27, 35, '2016-01-20 23:00:23', '2016-01-20 23:00:23'),
(360, 14, 'Superstar PC Fuse', 31, 42, '2016-01-20 23:01:02', '2016-01-20 23:01:02'),
(361, 14, 'Superstar PC Fan Dimmer', 135, 150, '2016-01-20 23:01:48', '2016-01-20 23:01:48'),
(362, 14, 'Superstar PC Bell Push', 28, 35, '2016-01-20 23:02:34', '2016-01-20 23:02:34'),
(363, 12, 'Daly Batten Hodar( Round)', 22, 30, '2016-01-20 23:03:59', '2016-01-20 23:03:59'),
(364, 12, 'BRIST Batten  Holder (Round)', 17, 28, '2016-01-20 23:05:42', '2016-01-20 23:05:42'),
(365, 12, 'Rubi Pendent Holder', 7.5, 10, '2016-01-20 23:06:57', '2016-01-20 23:06:57'),
(366, 21, '16A Indian Catout', 38, 45, '2016-01-20 23:10:53', '2016-01-20 23:10:53'),
(367, 21, '32A Indian Catout', 90, 110, '2016-01-20 23:11:30', '2016-01-20 23:11:30'),
(368, 21, '63A Indina Catout', 190, 220, '2016-01-20 23:12:26', '2016-01-20 23:12:26'),
(369, 24, 'Heater Coil 1000W (Lion)', 15, 20, '2016-01-20 23:14:39', '2016-01-20 23:15:31'),
(370, 24, 'Heater Coil 1500W (Lion)', 19, 25, '2016-01-20 23:16:18', '2016-01-20 23:16:18'),
(372, 24, 'Heater Coil 2000W (Lion)', 22, 30, '2016-01-20 23:17:08', '2016-01-20 23:17:08'),
(373, 24, 'Heater Coil 15000W (Nemco)', 25, 30, '2016-01-20 23:18:12', '2016-01-20 23:18:12'),
(374, 12, 'Pendent Holder E27', 12, 25, '2016-01-20 23:20:25', '2016-01-20 23:20:25'),
(375, 24, '6x8 Kath Board', 25, 30, '2016-01-20 23:29:53', '2016-01-20 23:29:53'),
(376, 13, '1/2" Hosepipe RFl', 2, 4, '2016-01-20 23:33:32', '2016-01-20 23:36:20'),
(377, 24, 'Aluminiam  stick (2Pcs)', 4, 9, '2016-01-20 23:34:30', '2016-01-24 06:53:27'),
(378, 13, '4x4 Pvc Board(Holder)', 8, 15, '2016-01-21 02:38:19', '2016-01-21 02:38:19'),
(381, 13, '6x4 Pvc Board singel (Holder)', 16.25, 25, '2016-01-21 02:41:17', '2016-01-21 02:41:17'),
(382, 13, '6x4 Pvc Board Double pert (Holder)', 30, 45, '2016-01-21 02:46:46', '2016-01-21 02:46:46'),
(383, 1, 'Appollo 70/76 (3Core Round) Cable', 55, 90, '2016-01-21 02:48:25', '2016-01-21 02:48:25'),
(384, 26, 'Mim 2Pin Rabar Plug ', 6.25, 12, '2016-01-21 02:56:56', '2016-01-21 02:56:56'),
(385, 26, 'Noyon 2Pin Pvc Soket (Round)', 8, 15, '2016-01-21 03:00:00', '2016-01-21 03:00:00'),
(386, 26, 'Nornobi 2pin Plug', 8, 12, '2016-01-21 03:01:32', '2016-01-21 03:01:32'),
(388, 26, '2Pin Plug (Kitty)', 29, 35, '2016-01-21 03:05:07', '2016-01-21 03:05:07'),
(389, 12, 'Energy Pac Holder', 59.5, 70, '2016-01-21 07:33:08', '2016-01-21 07:33:08'),
(391, 18, 'TCL Remot (TC-01)', 62, 130, '2016-01-21 09:31:59', '2016-01-21 09:31:59'),
(392, 13, '1" RFL Band', 8, 9, '2016-01-23 20:39:41', '2016-01-23 20:39:41'),
(393, 13, '1" RFL Circular Pipe (without Socket)', 18.4, 55, '2016-01-23 20:43:18', '2016-01-23 20:59:20'),
(394, 13, '1" BRB Socket Pipe (with Socket)', 80, 85, '2016-01-23 21:19:18', '2016-01-23 21:19:18'),
(395, 4, 'CATA  Tube Shaid (Grill)', 650, 850, '2016-01-24 04:21:40', '2016-01-24 04:21:40'),
(397, 5, '100W Supar Bulb', 15, 25, '2016-01-24 07:35:38', '2016-01-24 07:35:38'),
(398, 5, '60W Supar Bulb', 13.5, 20, '2016-01-24 07:36:15', '2016-01-24 07:36:15'),
(399, 5, '40W Supar Bulb', 13.5, 20, '2016-01-24 07:36:49', '2016-01-24 07:36:49'),
(400, 5, '25W Supar Bulb', 13.5, 20, '2016-01-24 07:37:22', '2016-01-24 07:37:22'),
(401, 8, 'SP 6A MCB legrand ', 110, 180, '2016-01-24 07:44:41', '2016-01-24 07:44:41'),
(402, 8, 'SP 10A MCB legrand', 110, 180, '2016-01-24 07:45:22', '2016-01-24 07:45:22'),
(403, 8, 'SP 16A MCB legrand', 110, 180, '2016-01-24 07:46:05', '2016-01-24 07:46:05'),
(404, 8, 'SP 20A MCB legrand', 110, 180, '2016-01-24 07:46:40', '2016-01-24 07:46:40'),
(405, 8, 'SP 32A MCB legrand', 110, 180, '2016-01-24 07:47:25', '2016-01-24 07:47:25'),
(406, 8, 'DP 20A Legrand', 220, 360, '2016-01-24 07:48:53', '2016-01-24 07:48:53'),
(407, 8, 'DP 32A Legrand', 220, 360, '2016-01-24 07:49:32', '2016-01-24 07:49:32'),
(408, 8, 'DP 40A Legrand', 220, 360, '2016-01-24 07:50:14', '2016-01-24 07:50:14'),
(409, 8, 'DP 63A Legrand', 220, 360, '2016-01-24 07:51:03', '2016-01-24 07:51:03'),
(410, 26, 'Ceramic (2Pin Socket) Local', 25, 35, '2016-01-24 07:55:34', '2016-01-24 07:56:18'),
(411, 17, 'Firefly 5Way multi Plug', 380, 450, '2016-01-24 20:32:09', '2016-01-24 20:32:09'),
(412, 17, 'Victor Supar (VS-03) Round Multi Plug', 110, 160, '2016-01-24 20:33:26', '2016-01-24 20:33:26'),
(413, 16, 'Downlight Casing (Big)', 110, 130, '2016-01-24 20:39:20', '2016-01-24 20:39:20'),
(414, 6, 'Meter BOX (PVC)', 55, 70, '2016-01-24 20:48:19', '2016-01-24 20:48:19'),
(415, 28, 'National Safe', 5, 6, '2016-01-25 02:27:21', '2016-01-25 02:27:21'),
(416, 26, 'Nokia Travel Adaptor', 12, 20, '2016-01-25 03:33:15', '2016-01-25 03:33:15'),
(417, 26, 'S.R iron Plug', 15, 30, '2016-01-25 03:34:04', '2016-01-25 03:34:04'),
(418, 26, '13A 3pin Plug (wiht Fuse) Woz', 25, 40, '2016-01-25 03:36:14', '2016-01-25 03:36:14'),
(419, 26, 'Tiger Multi Socket(With Fuse)', 45, 65, '2016-01-25 03:37:24', '2016-01-25 03:37:24'),
(420, 12, 'NEP Pnadent Adaptor Holdar', 20, 30, '2016-01-25 03:39:37', '2016-01-25 03:39:37'),
(421, 1, 'BBS Cable TT (2x0.4)Rm', 903, 1045, '2016-01-25 05:29:35', '2016-01-25 05:33:46'),
(422, 30, '1 Pound Colour (Enamel paint)', 85, 110, '2016-01-25 07:01:28', '2016-01-25 07:11:01'),
(423, 30, '1/2 Pound Colour (Enamel paint)', 48, 55, '2016-01-25 07:03:30', '2016-01-25 07:12:40'),
(424, 25, 'A/C cord (for Charger) Short', 18, 30, '2016-01-25 07:13:46', '2016-01-25 07:13:46'),
(425, 25, 'A/C cord (for Charger)long', 25, 40, '2016-01-25 07:14:37', '2016-01-25 07:14:37'),
(426, 25, '2 In 1 Sound Cord', 17, 30, '2016-01-25 07:17:04', '2016-01-25 07:17:04');

-- --------------------------------------------------------

--
-- Table structure for table `product_category`
--

CREATE TABLE IF NOT EXISTS `product_category` (
  `cid` int(11) NOT NULL AUTO_INCREMENT,
  `c_name` varchar(100) NOT NULL,
  `created_at` timestamp NULL DEFAULT CURRENT_TIMESTAMP,
  `updated_at` timestamp NULL DEFAULT NULL,
  PRIMARY KEY (`cid`),
  UNIQUE KEY `c_name` (`c_name`)
) ENGINE=InnoDB  DEFAULT CHARSET=latin1 AUTO_INCREMENT=31 ;

--
-- Dumping data for table `product_category`
--

INSERT INTO `product_category` (`cid`, `c_name`, `created_at`, `updated_at`) VALUES
(1, 'Cable', '2016-01-17 10:36:58', '2016-01-17 10:36:58'),
(2, 'Energy Light', '2016-01-17 10:38:23', '2016-01-17 10:38:23'),
(3, 'LED Light', '2016-01-18 00:18:25', '2016-01-18 00:18:25'),
(4, 'Tube Light + Tube Shade', '2016-01-18 00:18:44', '2016-01-18 06:05:31'),
(5, 'Clear Bulb', '2016-01-18 00:19:42', '2016-01-18 00:19:42'),
(6, 'Meter ', '2016-01-18 00:21:00', '2016-01-18 00:21:00'),
(7, 'Fan', '2016-01-18 01:32:33', '2016-01-24 20:36:23'),
(8, 'MCB', '2016-01-18 01:32:51', '2016-01-18 01:32:51'),
(9, 'Gang Switch & Socket', '2016-01-18 01:34:14', '2016-01-18 01:34:14'),
(10, 'Still Board', '2016-01-18 01:37:50', '2016-01-18 01:37:50'),
(11, 'SDB Board', '2016-01-18 01:55:04', '2016-01-18 01:55:04'),
(12, 'Holdar', '2016-01-18 02:10:37', '2016-01-18 02:10:37'),
(13, 'PVC Item', '2016-01-18 02:11:37', '2016-01-18 02:11:37'),
(14, 'Piano Switch+Socket+Etc', '2016-01-18 06:35:32', '2016-01-18 06:35:32'),
(15, 'Others', '2016-01-18 07:04:18', '2016-01-18 07:04:18'),
(16, 'Lamp Shade', '2016-01-18 08:13:25', '2016-01-18 08:13:25'),
(17, 'Multi Plug', '2016-01-18 08:21:30', '2016-01-18 08:21:30'),
(18, 'Remote+Batary', '2016-01-18 08:28:32', '2016-01-19 03:36:28'),
(19, 'Screw', '2016-01-18 08:32:33', '2016-01-18 08:32:33'),
(20, 'Lock', '2016-01-18 09:02:12', '2016-01-18 09:02:12'),
(21, 'Fuse Ceramic', '2016-01-19 04:59:28', '2016-01-19 04:59:28'),
(22, 'MEP', '2016-01-19 08:51:52', '2016-01-20 07:31:05'),
(23, 'Cona Item', '2016-01-19 09:32:44', '2016-01-19 09:42:35'),
(24, 'Heater Iteam', '2016-01-20 07:08:05', '2016-01-20 07:08:05'),
(25, 'Charger & Cord ', '2016-01-20 23:25:36', '2016-01-25 07:05:13'),
(26, '2Pin Plug +2Pin Socket', '2016-01-21 02:54:48', '2016-01-23 21:02:01'),
(27, 'Capacitor (Fan+Motor)', '2016-01-24 20:37:50', '2016-01-24 20:37:50'),
(28, 'welding rod', '2016-01-25 02:24:46', '2016-01-25 02:24:46'),
(29, 'PIN All', '2016-01-25 06:36:42', '2016-01-25 06:39:54'),
(30, 'Print (Colour)', '2016-01-25 06:59:48', '2016-01-25 07:11:52');

-- --------------------------------------------------------

--
-- Table structure for table `sales`
--

CREATE TABLE IF NOT EXISTS `sales` (
  `id` int(11) NOT NULL AUTO_INCREMENT,
  `invoice_no` varchar(15) DEFAULT NULL,
  `customer_id` varchar(100) DEFAULT NULL,
  `customer_address` varchar(255) DEFAULT NULL,
  `categories` varchar(100) DEFAULT NULL,
  `products` varchar(100) DEFAULT NULL,
  `unit_price` varchar(11) DEFAULT NULL,
  `quantity` varchar(11) DEFAULT NULL,
  `amount` varchar(11) DEFAULT NULL,
  `total_price` int(11) DEFAULT NULL,
  `vat` int(11) DEFAULT NULL,
  `total_price_vat` int(11) DEFAULT NULL,
  `discount` int(11) DEFAULT NULL,
  `discount_price` int(11) DEFAULT NULL,
  `paid` int(11) DEFAULT NULL,
  `dues` int(11) DEFAULT NULL,
  `sold_by` varchar(50) NOT NULL,
  `created_at` timestamp NULL DEFAULT NULL,
  `updated_at` timestamp NULL DEFAULT NULL,
  PRIMARY KEY (`id`)
) ENGINE=InnoDB  DEFAULT CHARSET=latin1 AUTO_INCREMENT=1 ;

-- --------------------------------------------------------

--
-- Table structure for table `stock`
--

CREATE TABLE IF NOT EXISTS `stock` (
  `id` int(11) NOT NULL AUTO_INCREMENT,
  `cid` int(11) DEFAULT NULL,
  `pid` int(11) DEFAULT NULL,
  `quantity` float DEFAULT NULL,
  `created_at` timestamp NULL DEFAULT NULL,
  `updated_at` timestamp NULL DEFAULT NULL,
  PRIMARY KEY (`id`),
  KEY `pid` (`pid`)
) ENGINE=InnoDB  DEFAULT CHARSET=latin1 AUTO_INCREMENT=1 ;

-- --------------------------------------------------------

--
-- Table structure for table `stock_pay`
--

CREATE TABLE IF NOT EXISTS `stock_pay` (
  `id` int(11) NOT NULL AUTO_INCREMENT,
  `vendor_name` varchar(50) DEFAULT NULL,
  `vendor_address` varchar(100) NOT NULL,
  `total_price` int(11) DEFAULT NULL,
  `discount` int(11) DEFAULT NULL,
  `net_price` int(11) DEFAULT NULL,
  `paid` int(11) DEFAULT NULL,
  `due` int(11) DEFAULT NULL,
  `created_at` timestamp NULL DEFAULT NULL,
  `updated_at` timestamp NULL DEFAULT NULL,
  PRIMARY KEY (`id`)
) ENGINE=InnoDB  DEFAULT CHARSET=latin1 AUTO_INCREMENT=1 ;

--
-- Dumping data for table `stock_pay`
--
-- --------------------------------------------------------

--
-- Table structure for table `users`
--

CREATE TABLE IF NOT EXISTS `users` (
  `id` int(10) unsigned NOT NULL AUTO_INCREMENT,
  `name` varchar(50) COLLATE utf8_unicode_ci NOT NULL,
  `email` varchar(255) COLLATE utf8_unicode_ci NOT NULL,
  `password` varchar(60) COLLATE utf8_unicode_ci NOT NULL,
  `remember_token` varchar(100) COLLATE utf8_unicode_ci DEFAULT NULL,
  `role` varchar(20) COLLATE utf8_unicode_ci NOT NULL,
  `created_at` timestamp NOT NULL DEFAULT '0000-00-00 00:00:00',
  `updated_at` timestamp NOT NULL DEFAULT '0000-00-00 00:00:00',
  PRIMARY KEY (`id`),
  UNIQUE KEY `users_email_unique` (`email`),
  UNIQUE KEY `name` (`name`)
) ENGINE=InnoDB  DEFAULT CHARSET=utf8 COLLATE=utf8_unicode_ci AUTO_INCREMENT=5 ;

--
-- Dumping data for table `users`
--

INSERT INTO `users` (`id`, `name`, `email`, `password`, `remember_token`, `role`, `created_at`, `updated_at`) VALUES
(1, 'Nazmul Haque', 'nlnazmul@gmail.com', '$2y$10$pN3.2SiOhXode4na6Or9wuM5Qv4TVIqS9HWkAiBXaxpcivEjghGSO', NULL, 'superadmin', '2016-01-16 17:37:07', '2016-01-16 17:37:07'),
(2, 'alam', 'ayanelectric1@gmail.com', '$2y$10$Bj7HNY9rw9CYDXlUfqksXutRDsb3xclrIKUL9.zOrc8I.LGbwTgS.', 'Y16DvRB5lnsXfUJu6vCarIw2uuzyAFZuHWsxefADKhJMhUDEGOIWKrf1ZeJI', 'superadmin', '2016-01-17 16:32:57', '2016-01-25 07:20:44'),
(3, 'Kunjo', 'ayanelectric2@gmail.com', '$2y$10$akOup5K0aVsWkmrkO..CBOqUtQSiudY/Aiyta8CvHLUzrxQ3G/Nvy', 'JsBbpfUbGe1qd1pp7Yk0KPkmrLPz5vzD3FHDnophwvag93epAtSK9RucNX2o', 'seller', '2016-01-17 17:02:38', '2016-01-25 07:21:36'),
(4, 'riva', 'riva385@gmail.com', '$2y$10$fIb1Xv3LfrD8630M48K01.EiwpbzXu3sIGiH3.U7NgcoRwyo5rftu', 'CjCZT7IXGhf3uFouzTeEGSyBMZdxpXaaviyVCLB5CH19jWywAVr1MnfAXhku', 'admin', '2016-01-24 09:35:34', '2016-01-24 09:36:16');

--
-- Constraints for dumped tables
--

--
-- Constraints for table `loan_installment`
--
ALTER TABLE `loan_installment`
  ADD CONSTRAINT `loan_installment_ibfk_1` FOREIGN KEY (`lid`) REFERENCES `loan` (`lid`);

--
-- Constraints for table `product`
--
ALTER TABLE `product`
  ADD CONSTRAINT `fk_product_category` FOREIGN KEY (`cid`) REFERENCES `product_category` (`cid`);

--
-- Constraints for table `stock`
--
ALTER TABLE `stock`
  ADD CONSTRAINT `stock_ibfk_1` FOREIGN KEY (`pid`) REFERENCES `product` (`pid`);

/*!40101 SET CHARACTER_SET_CLIENT=@OLD_CHARACTER_SET_CLIENT */;
/*!40101 SET CHARACTER_SET_RESULTS=@OLD_CHARACTER_SET_RESULTS */;
/*!40101 SET COLLATION_CONNECTION=@OLD_COLLATION_CONNECTION */;
